#VRML V2.0 utf8
WorldInfo
{
	info ["Generated by TraceParts CAD VRML Translator"]
	title "TraceParts Part"
}
DEF TraceParts_Part Group
{
	children
	[
		Shape
		{
			appearance Appearance
			{
				material Material
				{
					diffuseColor 0.812 0.831 0.851
				}
			}
			geometry IndexedFaceSet
			{
				creaseAngle 0.5
				solid TRUE
				coord Coordinate
				{
					point
					[
						-2.540 8.880 1.500,
						-2.540 8.880 4.065,
						-2.650 8.880 1.500,
						-2.650 8.880 4.075,
						2.540 8.880 4.065,
						2.650 8.880 4.075,
						2.540 8.880 1.500,
						2.650 8.880 1.500
					]
				}
				coordIndex
				[
					0, 1, 2, -1,
					2, 1, 3, -1,
					1, 4, 3, -1,
					3, 4, 5, -1,
					6, 7, 4, -1,
					4, 7, 5, -1
				]
				normal Normal
				{
					vector
					[
						0.000 -1.000 0.000
					]
				}
				normalIndex
				[
					0, 0, 0, -1,
					0, 0, 0, -1,
					0, 0, 0, -1,
					0, 0, 0, -1,
					0, 0, 0, -1,
					0, 0, 0, -1
				]
			}
		}
		Shape
		{
			appearance Appearance
			{
				material Material
				{
					diffuseColor 0.812 0.831 0.851
				}
			}
			geometry IndexedFaceSet
			{
				creaseAngle 0.5
				solid TRUE
				coord Coordinate
				{
					point
					[
						2.540 8.880 -1.500,
						2.540 8.880 -4.065,
						2.650 8.880 -1.500,
						2.650 8.880 -4.075,
						-2.540 8.880 -4.065,
						-2.650 8.880 -4.075,
						-2.540 8.880 -1.500,
						-2.650 8.880 -1.500
					]
				}
				coordIndex
				[
					0, 1, 2, -1,
					2, 1, 3, -1,
					1, 4, 3, -1,
					3, 4, 5, -1,
					6, 7, 4, -1,
					4, 7, 5, -1
				]
				normal Normal
				{
					vector
					[
						0.000 -1.000 0.000
					]
				}
				normalIndex
				[
					0, 0, 0, -1,
					0, 0, 0, -1,
					0, 0, 0, -1,
					0, 0, 0, -1,
					0, 0, 0, -1,
					0, 0, 0, -1
				]
			}
		}
		Shape
		{
			appearance Appearance
			{
				material Material
				{
					diffuseColor 0.812 0.831 0.851
				}
			}
			geometry IndexedFaceSet
			{
				creaseAngle 0.5
				solid TRUE
				coord Coordinate
				{
					point
					[
						-1.937 9.430 -1.500,
						-1.937 8.890 -1.500,
						-1.485 9.430 -1.948,
						-1.485 8.890 -1.948,
						-0.933 9.430 -2.265,
						-0.933 8.890 -2.265,
						-0.318 9.430 -2.429,
						-0.318 8.890 -2.429,
						0.318 9.430 -2.429,
						0.318 8.890 -2.429,
						0.933 9.430 -2.265,
						0.933 8.890 -2.265,
						1.485 9.430 -1.948,
						1.485 8.890 -1.948,
						1.937 9.430 -1.500,
						1.937 8.890 -1.500
					]
				}
				coordIndex
				[
					0, 1, 2, -1,
					2, 1, 3, -1,
					2, 3, 4, -1,
					4, 3, 5, -1,
					4, 5, 6, -1,
					6, 5, 7, -1,
					6, 7, 8, -1,
					8, 7, 9, -1,
					8, 9, 10, -1,
					10, 9, 11, -1,
					10, 11, 12, -1,
					12, 11, 13, -1,
					12, 13, 14, -1,
					14, 13, 15, -1
				]
				normal Normal
				{
					vector
					[
						0.791 -0.000 0.612,
						0.606 -0.000 0.795,
						0.381 -0.000 0.925,
						0.130 -0.000 0.992,
						-0.130 -0.000 0.992,
						-0.381 -0.000 0.925,
						-0.606 -0.000 0.795,
						-0.791 -0.000 0.612
					]
				}
				normalIndex
				[
					0, 0, 1, -1,
					1, 0, 1, -1,
					1, 1, 2, -1,
					2, 1, 2, -1,
					2, 2, 3, -1,
					3, 2, 3, -1,
					3, 3, 4, -1,
					4, 3, 4, -1,
					4, 4, 5, -1,
					5, 4, 5, -1,
					5, 5, 6, -1,
					6, 5, 6, -1,
					6, 6, 7, -1,
					7, 6, 7, -1
				]
			}
		}
		Shape
		{
			appearance Appearance
			{
				material Material
				{
					diffuseColor 0.812 0.831 0.851
				}
			}
			geometry IndexedFaceSet
			{
				creaseAngle 0.5
				solid TRUE
				coord Coordinate
				{
					point
					[
						1.937 9.430 1.500,
						1.937 8.890 1.500,
						1.485 9.430 1.948,
						1.485 8.890 1.948,
						0.933 9.430 2.265,
						0.933 8.890 2.265,
						0.318 9.430 2.429,
						0.318 8.890 2.429,
						-0.318 9.430 2.429,
						-0.318 8.890 2.429,
						-0.933 9.430 2.265,
						-0.933 8.890 2.265,
						-1.485 9.430 1.948,
						-1.485 8.890 1.948,
						-1.937 9.430 1.500,
						-1.937 8.890 1.500
					]
				}
				coordIndex
				[
					0, 1, 2, -1,
					2, 1, 3, -1,
					2, 3, 4, -1,
					4, 3, 5, -1,
					4, 5, 6, -1,
					6, 5, 7, -1,
					6, 7, 8, -1,
					8, 7, 9, -1,
					8, 9, 10, -1,
					10, 9, 11, -1,
					10, 11, 12, -1,
					12, 11, 13, -1,
					12, 13, 14, -1,
					14, 13, 15, -1
				]
				normal Normal
				{
					vector
					[
						-0.791 -0.000 -0.612,
						-0.606 -0.000 -0.795,
						-0.381 -0.000 -0.925,
						-0.130 -0.000 -0.992,
						0.130 -0.000 -0.992,
						0.381 -0.000 -0.925,
						0.606 -0.000 -0.795,
						0.791 -0.000 -0.612
					]
				}
				normalIndex
				[
					0, 0, 1, -1,
					1, 0, 1, -1,
					1, 1, 2, -1,
					2, 1, 2, -1,
					2, 2, 3, -1,
					3, 2, 3, -1,
					3, 3, 4, -1,
					4, 3, 4, -1,
					4, 4, 5, -1,
					5, 4, 5, -1,
					5, 5, 6, -1,
					6, 5, 6, -1,
					6, 6, 7, -1,
					7, 6, 7, -1
				]
			}
		}
		Shape
		{
			appearance Appearance
			{
				material Material
				{
					diffuseColor 0.812 0.831 0.851
				}
			}
			geometry IndexedFaceSet
			{
				creaseAngle 0.5
				solid TRUE
				coord Coordinate
				{
					point
					[
						1.937 9.430 1.500,
						1.485 9.430 1.948,
						3.020 9.430 1.500,
						3.020 9.430 4.075,
						0.933 9.430 2.265,
						0.318 9.430 2.429,
						-2.800 9.430 4.075,
						-0.318 9.430 2.429,
						-0.933 9.430 2.265,
						-1.485 9.430 1.948,
						-2.800 9.430 1.500,
						-1.937 9.430 1.500
					]
				}
				coordIndex
				[
					0, 1, 2, -1,
					2, 1, 3, -1,
					1, 4, 3, -1,
					3, 4, 5, -1,
					3, 5, 6, -1,
					6, 5, 7, -1,
					6, 7, 8, -1,
					8, 9, 6, -1,
					6, 9, 10, -1,
					9, 11, 10, -1
				]
				normal Normal
				{
					vector
					[
						-0.000 1.000 0.000
					]
				}
				normalIndex
				[
					0, 0, 0, -1,
					0, 0, 0, -1,
					0, 0, 0, -1,
					0, 0, 0, -1,
					0, 0, 0, -1,
					0, 0, 0, -1,
					0, 0, 0, -1,
					0, 0, 0, -1,
					0, 0, 0, -1,
					0, 0, 0, -1
				]
			}
		}
		Shape
		{
			appearance Appearance
			{
				material Material
				{
					diffuseColor 0.812 0.831 0.851
				}
			}
			geometry IndexedFaceSet
			{
				creaseAngle 0.5
				solid TRUE
				coord Coordinate
				{
					point
					[
						-2.540 8.880 1.500,
						-2.650 8.880 1.500,
						-2.540 8.890 1.500,
						-2.800 9.430 1.500,
						-1.937 9.430 1.500,
						-2.650 8.790 1.500,
						-3.050 8.790 1.500,
						-3.050 9.180 1.500,
						-2.865 9.421 1.500,
						-3.041 9.245 1.500,
						-3.017 9.305 1.500,
						-2.977 9.357 1.500,
						-2.925 9.397 1.500,
						-1.937 8.890 1.500
					]
				}
				coordIndex
				[
					0, 1, 2, -1,
					2, 1, 3, -1,
					2, 3, 4, -1,
					5, 6, 1, -1,
					1, 6, 7, -1,
					1, 7, 3, -1,
					3, 7, 8, -1,
					9, 10, 7, -1,
					7, 10, 11, -1,
					7, 11, 12, -1,
					12, 8, 7, -1,
					4, 13, 2, -1
				]
				normal Normal
				{
					vector
					[
						-0.000 -0.000 -1.000
					]
				}
				normalIndex
				[
					0, 0, 0, -1,
					0, 0, 0, -1,
					0, 0, 0, -1,
					0, 0, 0, -1,
					0, 0, 0, -1,
					0, 0, 0, -1,
					0, 0, 0, -1,
					0, 0, 0, -1,
					0, 0, 0, -1,
					0, 0, 0, -1,
					0, 0, 0, -1,
					0, 0, 0, -1
				]
			}
		}
		Shape
		{
			appearance Appearance
			{
				material Material
				{
					diffuseColor 0.812 0.831 0.851
				}
			}
			geometry IndexedFaceSet
			{
				creaseAngle 0.5
				solid TRUE
				coord Coordinate
				{
					point
					[
						1.937 8.890 1.500,
						1.937 9.430 1.500,
						2.540 8.890 1.500,
						3.020 9.430 1.500,
						2.650 8.880 1.500,
						3.270 9.180 1.500,
						3.270 8.790 1.500,
						3.085 9.421 1.500,
						3.145 9.397 1.500,
						3.197 9.357 1.500,
						3.237 9.305 1.500,
						3.261 9.245 1.500,
						2.650 8.790 1.500,
						2.540 8.880 1.500
					]
				}
				coordIndex
				[
					0, 1, 2, -1,
					2, 1, 3, -1,
					2, 3, 4, -1,
					4, 3, 5, -1,
					4, 5, 6, -1,
					3, 7, 5, -1,
					5, 7, 8, -1,
					5, 8, 9, -1,
					9, 10, 5, -1,
					5, 10, 11, -1,
					6, 12, 4, -1,
					4, 13, 2, -1
				]
				normal Normal
				{
					vector
					[
						-0.000 -0.000 -1.000
					]
				}
				normalIndex
				[
					0, 0, 0, -1,
					0, 0, 0, -1,
					0, 0, 0, -1,
					0, 0, 0, -1,
					0, 0, 0, -1,
					0, 0, 0, -1,
					0, 0, 0, -1,
					0, 0, 0, -1,
					0, 0, 0, -1,
					0, 0, 0, -1,
					0, 0, 0, -1,
					0, 0, 0, -1
				]
			}
		}
		Shape
		{
			appearance Appearance
			{
				material Material
				{
					diffuseColor 0.812 0.831 0.851
				}
			}
			geometry IndexedFaceSet
			{
				creaseAngle 0.5
				solid TRUE
				coord Coordinate
				{
					point
					[
						-1.937 9.430 -1.500,
						-1.485 9.430 -1.948,
						-2.800 9.430 -1.500,
						-2.800 9.430 -4.075,
						-0.933 9.430 -2.265,
						-0.318 9.430 -2.429,
						0.318 9.430 -2.429,
						3.020 9.430 -4.075,
						0.933 9.430 -2.265,
						1.485 9.430 -1.948,
						1.937 9.430 -1.500,
						3.020 9.430 -1.500
					]
				}
				coordIndex
				[
					0, 1, 2, -1,
					2, 1, 3, -1,
					1, 4, 3, -1,
					3, 4, 5, -1,
					3, 5, 6, -1,
					3, 6, 7, -1,
					7, 6, 8, -1,
					7, 8, 9, -1,
					10, 11, 9, -1,
					9, 11, 7, -1
				]
				normal Normal
				{
					vector
					[
						-0.000 1.000 0.000
					]
				}
				normalIndex
				[
					0, 0, 0, -1,
					0, 0, 0, -1,
					0, 0, 0, -1,
					0, 0, 0, -1,
					0, 0, 0, -1,
					0, 0, 0, -1,
					0, 0, 0, -1,
					0, 0, 0, -1,
					0, 0, 0, -1,
					0, 0, 0, -1
				]
			}
		}
		Shape
		{
			appearance Appearance
			{
				material Material
				{
					diffuseColor 0.812 0.831 0.851
				}
			}
			geometry IndexedFaceSet
			{
				creaseAngle 0.5
				solid TRUE
				coord Coordinate
				{
					point
					[
						2.540 8.880 -1.500,
						2.650 8.880 -1.500,
						2.540 8.890 -1.500,
						3.020 9.430 -1.500,
						1.937 9.430 -1.500,
						2.650 8.790 -1.500,
						3.270 8.790 -1.500,
						3.270 9.180 -1.500,
						3.085 9.421 -1.500,
						3.261 9.245 -1.500,
						3.237 9.305 -1.500,
						3.197 9.357 -1.500,
						3.145 9.397 -1.500,
						1.937 8.890 -1.500
					]
				}
				coordIndex
				[
					0, 1, 2, -1,
					2, 1, 3, -1,
					2, 3, 4, -1,
					5, 6, 1, -1,
					1, 6, 7, -1,
					1, 7, 3, -1,
					3, 7, 8, -1,
					9, 10, 7, -1,
					7, 10, 11, -1,
					7, 11, 12, -1,
					12, 8, 7, -1,
					4, 13, 2, -1
				]
				normal Normal
				{
					vector
					[
						0.000 0.000 1.000
					]
				}
				normalIndex
				[
					0, 0, 0, -1,
					0, 0, 0, -1,
					0, 0, 0, -1,
					0, 0, 0, -1,
					0, 0, 0, -1,
					0, 0, 0, -1,
					0, 0, 0, -1,
					0, 0, 0, -1,
					0, 0, 0, -1,
					0, 0, 0, -1,
					0, 0, 0, -1,
					0, 0, 0, -1
				]
			}
		}
		Shape
		{
			appearance Appearance
			{
				material Material
				{
					diffuseColor 0.812 0.831 0.851
				}
			}
			geometry IndexedFaceSet
			{
				creaseAngle 0.5
				solid TRUE
				coord Coordinate
				{
					point
					[
						-1.937 8.890 -1.500,
						-1.937 9.430 -1.500,
						-2.540 8.890 -1.500,
						-2.800 9.430 -1.500,
						-2.650 8.880 -1.500,
						-3.050 9.180 -1.500,
						-3.050 8.790 -1.500,
						-2.865 9.421 -1.500,
						-2.925 9.397 -1.500,
						-2.977 9.357 -1.500,
						-3.017 9.305 -1.500,
						-3.041 9.245 -1.500,
						-2.650 8.790 -1.500,
						-2.540 8.880 -1.500
					]
				}
				coordIndex
				[
					0, 1, 2, -1,
					2, 1, 3, -1,
					2, 3, 4, -1,
					4, 3, 5, -1,
					4, 5, 6, -1,
					3, 7, 5, -1,
					5, 7, 8, -1,
					5, 8, 9, -1,
					9, 10, 5, -1,
					5, 10, 11, -1,
					6, 12, 4, -1,
					4, 13, 2, -1
				]
				normal Normal
				{
					vector
					[
						0.000 0.000 1.000
					]
				}
				normalIndex
				[
					0, 0, 0, -1,
					0, 0, 0, -1,
					0, 0, 0, -1,
					0, 0, 0, -1,
					0, 0, 0, -1,
					0, 0, 0, -1,
					0, 0, 0, -1,
					0, 0, 0, -1,
					0, 0, 0, -1,
					0, 0, 0, -1,
					0, 0, 0, -1,
					0, 0, 0, -1
				]
			}
		}
		Shape
		{
			appearance Appearance
			{
				material Material
				{
					diffuseColor 0.812 0.831 0.851
				}
			}
			geometry IndexedFaceSet
			{
				creaseAngle 0.5
				solid TRUE
				coord Coordinate
				{
					point
					[
						-3.050 8.790 -1.500,
						-3.050 8.790 1.500,
						-2.650 8.790 -1.500,
						-2.650 8.790 1.500
					]
				}
				coordIndex
				[
					0, 1, 2, -1,
					2, 1, 3, -1
				]
				normal Normal
				{
					vector
					[
						0.000 1.000 0.000
					]
				}
				normalIndex
				[
					0, 0, 0, -1,
					0, 0, 0, -1
				]
			}
		}
		Shape
		{
			appearance Appearance
			{
				material Material
				{
					diffuseColor 0.812 0.831 0.851
				}
			}
			geometry IndexedFaceSet
			{
				creaseAngle 0.5
				solid TRUE
				coord Coordinate
				{
					point
					[
						3.270 8.790 1.500,
						3.270 8.790 -1.500,
						2.650 8.790 1.500,
						2.650 8.790 -1.500
					]
				}
				coordIndex
				[
					0, 1, 2, -1,
					2, 1, 3, -1
				]
				normal Normal
				{
					vector
					[
						0.000 1.000 0.000
					]
				}
				normalIndex
				[
					0, 0, 0, -1,
					0, 0, 0, -1
				]
			}
		}
		Shape
		{
			appearance Appearance
			{
				material Material
				{
					diffuseColor 0.812 0.831 0.851
				}
			}
			geometry IndexedFaceSet
			{
				creaseAngle 0.5
				solid TRUE
				coord Coordinate
				{
					point
					[
						3.020 9.430 -4.075,
						3.020 9.430 -1.500,
						3.085 9.421 -4.075,
						3.085 9.421 -1.500,
						3.145 9.397 -1.500,
						3.145 9.397 -4.075,
						3.197 9.357 -1.500,
						3.197 9.357 -4.075,
						3.237 9.305 -4.075,
						3.237 9.305 -1.500,
						3.261 9.245 -1.500,
						3.261 9.245 -4.075,
						3.270 9.180 -1.500,
						3.270 9.180 -4.075
					]
				}
				coordIndex
				[
					0, 1, 2, -1,
					2, 1, 3, -1,
					2, 3, 4, -1,
					2, 4, 5, -1,
					5, 4, 6, -1,
					5, 6, 7, -1,
					7, 6, 8, -1,
					6, 9, 8, -1,
					8, 9, 10, -1,
					8, 10, 11, -1,
					11, 10, 12, -1,
					11, 12, 13, -1
				]
				normal Normal
				{
					vector
					[
						0.000 1.000 0.000,
						0.259 0.966 0.000,
						0.500 0.866 0.000,
						0.707 0.707 0.000,
						0.866 0.500 0.000,
						0.966 0.259 0.000,
						1.000 0.000 0.000
					]
				}
				normalIndex
				[
					0, 0, 1, -1,
					1, 0, 1, -1,
					1, 1, 2, -1,
					1, 2, 2, -1,
					2, 2, 3, -1,
					2, 3, 3, -1,
					3, 3, 4, -1,
					3, 4, 4, -1,
					4, 4, 5, -1,
					4, 5, 5, -1,
					5, 5, 6, -1,
					5, 6, 6, -1
				]
			}
		}
		Shape
		{
			appearance Appearance
			{
				material Material
				{
					diffuseColor 0.812 0.831 0.851
				}
			}
			geometry IndexedFaceSet
			{
				creaseAngle 0.5
				solid TRUE
				coord Coordinate
				{
					point
					[
						3.270 9.180 1.500,
						3.261 9.245 1.500,
						3.270 9.180 4.075,
						3.261 9.245 4.075,
						3.237 9.305 1.500,
						3.237 9.305 4.075,
						3.197 9.357 4.075,
						3.197 9.357 1.500,
						3.145 9.397 1.500,
						3.145 9.397 4.075,
						3.085 9.421 1.500,
						3.085 9.421 4.075,
						3.020 9.430 4.075,
						3.020 9.430 1.500
					]
				}
				coordIndex
				[
					0, 1, 2, -1,
					2, 1, 3, -1,
					1, 4, 3, -1,
					3, 4, 5, -1,
					5, 4, 6, -1,
					6, 4, 7, -1,
					6, 7, 8, -1,
					6, 8, 9, -1,
					9, 8, 10, -1,
					9, 10, 11, -1,
					11, 10, 12, -1,
					10, 13, 12, -1
				]
				normal Normal
				{
					vector
					[
						1.000 0.000 0.000,
						0.966 0.259 0.000,
						0.866 0.500 0.000,
						0.707 0.707 0.000,
						0.500 0.866 0.000,
						0.259 0.966 0.000,
						0.000 1.000 0.000
					]
				}
				normalIndex
				[
					0, 1, 0, -1,
					0, 1, 1, -1,
					1, 2, 1, -1,
					1, 2, 2, -1,
					2, 2, 3, -1,
					3, 2, 3, -1,
					3, 3, 4, -1,
					3, 4, 4, -1,
					4, 4, 5, -1,
					4, 5, 5, -1,
					5, 5, 6, -1,
					5, 6, 6, -1
				]
			}
		}
		Shape
		{
			appearance Appearance
			{
				material Material
				{
					diffuseColor 0.812 0.831 0.851
				}
			}
			geometry IndexedFaceSet
			{
				creaseAngle 0.5
				solid TRUE
				coord Coordinate
				{
					point
					[
						-3.050 9.180 1.500,
						-3.050 8.790 1.500,
						-3.050 9.180 4.075,
						-3.050 5.575 4.075,
						-3.050 5.575 -4.075,
						-3.050 8.790 -1.500,
						-3.050 9.180 -4.075,
						-3.050 9.180 -1.500
					]
				}
				coordIndex
				[
					0, 1, 2, -1,
					2, 1, 3, -1,
					3, 1, 4, -1,
					4, 1, 5, -1,
					4, 5, 6, -1,
					6, 5, 7, -1
				]
				normal Normal
				{
					vector
					[
						-1.000 0.000 0.000
					]
				}
				normalIndex
				[
					0, 0, 0, -1,
					0, 0, 0, -1,
					0, 0, 0, -1,
					0, 0, 0, -1,
					0, 0, 0, -1,
					0, 0, 0, -1
				]
			}
		}
		Shape
		{
			appearance Appearance
			{
				material Material
				{
					diffuseColor 0.812 0.831 0.851
				}
			}
			geometry IndexedFaceSet
			{
				creaseAngle 0.5
				solid TRUE
				coord Coordinate
				{
					point
					[
						-3.050 9.180 -1.500,
						-3.041 9.245 -1.500,
						-3.050 9.180 -4.075,
						-3.041 9.245 -4.075,
						-3.017 9.305 -1.500,
						-3.017 9.305 -4.075,
						-2.977 9.357 -4.075,
						-2.977 9.357 -1.500,
						-2.925 9.397 -1.500,
						-2.925 9.397 -4.075,
						-2.865 9.421 -1.500,
						-2.865 9.421 -4.075,
						-2.800 9.430 -4.075,
						-2.800 9.430 -1.500
					]
				}
				coordIndex
				[
					0, 1, 2, -1,
					2, 1, 3, -1,
					1, 4, 3, -1,
					3, 4, 5, -1,
					5, 4, 6, -1,
					6, 4, 7, -1,
					6, 7, 8, -1,
					6, 8, 9, -1,
					9, 8, 10, -1,
					9, 10, 11, -1,
					11, 10, 12, -1,
					10, 13, 12, -1
				]
				normal Normal
				{
					vector
					[
						-1.000 0.000 0.000,
						-0.966 0.259 0.000,
						-0.866 0.500 0.000,
						-0.707 0.707 0.000,
						-0.500 0.866 0.000,
						-0.259 0.966 0.000,
						0.000 1.000 0.000
					]
				}
				normalIndex
				[
					0, 1, 0, -1,
					0, 1, 1, -1,
					1, 2, 1, -1,
					1, 2, 2, -1,
					2, 2, 3, -1,
					3, 2, 3, -1,
					3, 3, 4, -1,
					3, 4, 4, -1,
					4, 4, 5, -1,
					4, 5, 5, -1,
					5, 5, 6, -1,
					5, 6, 6, -1
				]
			}
		}
		Shape
		{
			appearance Appearance
			{
				material Material
				{
					diffuseColor 0.812 0.831 0.851
				}
			}
			geometry IndexedFaceSet
			{
				creaseAngle 0.5
				solid TRUE
				coord Coordinate
				{
					point
					[
						-2.800 9.430 4.075,
						-2.800 9.430 1.500,
						-2.865 9.421 4.075,
						-2.865 9.421 1.500,
						-2.925 9.397 1.500,
						-2.925 9.397 4.075,
						-2.977 9.357 1.500,
						-2.977 9.357 4.075,
						-3.017 9.305 4.075,
						-3.017 9.305 1.500,
						-3.041 9.245 1.500,
						-3.041 9.245 4.075,
						-3.050 9.180 1.500,
						-3.050 9.180 4.075
					]
				}
				coordIndex
				[
					0, 1, 2, -1,
					2, 1, 3, -1,
					2, 3, 4, -1,
					2, 4, 5, -1,
					5, 4, 6, -1,
					5, 6, 7, -1,
					7, 6, 8, -1,
					6, 9, 8, -1,
					8, 9, 10, -1,
					8, 10, 11, -1,
					11, 10, 12, -1,
					11, 12, 13, -1
				]
				normal Normal
				{
					vector
					[
						0.000 1.000 0.000,
						-0.259 0.966 0.000,
						-0.500 0.866 0.000,
						-0.707 0.707 0.000,
						-0.866 0.500 0.000,
						-0.966 0.259 0.000,
						-1.000 0.000 0.000
					]
				}
				normalIndex
				[
					0, 0, 1, -1,
					1, 0, 1, -1,
					1, 1, 2, -1,
					1, 2, 2, -1,
					2, 2, 3, -1,
					2, 3, 3, -1,
					3, 3, 4, -1,
					3, 4, 4, -1,
					4, 4, 5, -1,
					4, 5, 5, -1,
					5, 5, 6, -1,
					5, 6, 6, -1
				]
			}
		}
		Shape
		{
			appearance Appearance
			{
				material Material
				{
					diffuseColor 0.812 0.831 0.851
				}
			}
			geometry IndexedFaceSet
			{
				creaseAngle 0.5
				solid TRUE
				coord Coordinate
				{
					point
					[
						2.650 8.880 1.500,
						2.650 8.790 1.500,
						2.650 8.880 4.075,
						2.650 8.380 4.075,
						2.650 8.380 -4.075,
						2.650 8.790 -1.500,
						2.650 8.880 -4.075,
						2.650 8.880 -1.500
					]
				}
				coordIndex
				[
					0, 1, 2, -1,
					2, 1, 3, -1,
					3, 1, 4, -1,
					4, 1, 5, -1,
					4, 5, 6, -1,
					6, 5, 7, -1
				]
				normal Normal
				{
					vector
					[
						-1.000 -0.000 0.000
					]
				}
				normalIndex
				[
					0, 0, 0, -1,
					0, 0, 0, -1,
					0, 0, 0, -1,
					0, 0, 0, -1,
					0, 0, 0, -1,
					0, 0, 0, -1
				]
			}
		}
		Shape
		{
			appearance Appearance
			{
				material Material
				{
					diffuseColor 0.812 0.831 0.851
				}
			}
			geometry IndexedFaceSet
			{
				creaseAngle 0.5
				solid TRUE
				coord Coordinate
				{
					point
					[
						-3.144 5.454 -2.920,
						-3.070 5.050 -2.920,
						-3.175 5.450 -2.920,
						-5.980 5.050 -2.920,
						-5.980 5.450 -2.920,
						-3.115 5.465 -2.920,
						-3.090 5.483 -2.920,
						-3.070 5.507 -2.920
					]
				}
				coordIndex
				[
					0, 1, 2, -1,
					2, 1, 3, -1,
					2, 3, 4, -1,
					0, 5, 1, -1,
					1, 5, 6, -1,
					1, 6, 7, -1
				]
				normal Normal
				{
					vector
					[
						-0.000 -0.000 -1.000
					]
				}
				normalIndex
				[
					0, 0, 0, -1,
					0, 0, 0, -1,
					0, 0, 0, -1,
					0, 0, 0, -1,
					0, 0, 0, -1,
					0, 0, 0, -1
				]
			}
		}
		Shape
		{
			appearance Appearance
			{
				material Material
				{
					diffuseColor 0.812 0.831 0.851
				}
			}
			geometry IndexedFaceSet
			{
				creaseAngle 0.5
				solid TRUE
				coord Coordinate
				{
					point
					[
						-5.980 5.050 -2.160,
						-5.980 5.450 -2.160,
						-6.078 5.050 -2.173,
						-6.078 5.450 -2.173,
						-6.170 5.450 -2.211,
						-6.170 5.050 -2.211,
						-6.249 5.450 -2.271,
						-6.249 5.050 -2.271,
						-6.309 5.050 -2.350,
						-6.309 5.450 -2.350,
						-6.347 5.450 -2.442,
						-6.347 5.050 -2.442,
						-6.360 5.450 -2.540,
						-6.360 5.050 -2.540,
						-6.347 5.050 -2.638,
						-6.347 5.450 -2.638,
						-6.309 5.450 -2.730,
						-6.309 5.050 -2.730,
						-6.249 5.450 -2.809,
						-6.249 5.050 -2.809,
						-6.170 5.450 -2.869,
						-6.170 5.050 -2.869,
						-6.078 5.050 -2.907,
						-6.078 5.450 -2.907,
						-5.980 5.450 -2.920,
						-5.980 5.050 -2.920
					]
				}
				coordIndex
				[
					0, 1, 2, -1,
					2, 1, 3, -1,
					2, 3, 4, -1,
					2, 4, 5, -1,
					5, 4, 6, -1,
					5, 6, 7, -1,
					7, 6, 8, -1,
					6, 9, 8, -1,
					8, 9, 10, -1,
					8, 10, 11, -1,
					11, 10, 12, -1,
					11, 12, 13, -1,
					13, 12, 14, -1,
					12, 15, 14, -1,
					14, 15, 16, -1,
					14, 16, 17, -1,
					17, 16, 18, -1,
					17, 18, 19, -1,
					19, 18, 20, -1,
					19, 20, 21, -1,
					21, 20, 22, -1,
					20, 23, 22, -1,
					22, 23, 24, -1,
					22, 24, 25, -1
				]
				normal Normal
				{
					vector
					[
						-0.000 0.000 1.000,
						-0.259 0.000 0.966,
						-0.500 0.000 0.866,
						-0.707 0.000 0.707,
						-0.866 0.000 0.500,
						-0.966 0.000 0.259,
						-1.000 0.000 -0.000,
						-1.000 0.000 0.000,
						-0.966 0.000 -0.259,
						-0.866 0.000 -0.500,
						-0.707 0.000 -0.707,
						-0.500 0.000 -0.866,
						-0.259 0.000 -0.966,
						-0.000 0.000 -1.000
					]
				}
				normalIndex
				[
					0, 0, 1, -1,
					1, 0, 1, -1,
					1, 1, 2, -1,
					1, 2, 2, -1,
					2, 2, 3, -1,
					2, 3, 3, -1,
					3, 3, 4, -1,
					3, 4, 4, -1,
					4, 4, 5, -1,
					4, 5, 5, -1,
					5, 5, 6, -1,
					5, 6, 7, -1,
					7, 6, 8, -1,
					6, 8, 8, -1,
					8, 8, 9, -1,
					8, 9, 9, -1,
					9, 9, 10, -1,
					9, 10, 10, -1,
					10, 10, 11, -1,
					10, 11, 11, -1,
					11, 11, 12, -1,
					11, 12, 12, -1,
					12, 12, 13, -1,
					12, 13, 13, -1
				]
			}
		}
		Shape
		{
			appearance Appearance
			{
				material Material
				{
					diffuseColor 0.812 0.831 0.851
				}
			}
			geometry IndexedFaceSet
			{
				creaseAngle 0.5
				solid TRUE
				coord Coordinate
				{
					point
					[
						-5.980 5.450 -2.160,
						-5.980 5.050 -2.160,
						-3.175 5.450 -2.160,
						-3.070 5.050 -2.160,
						-3.144 5.454 -2.160,
						-3.115 5.465 -2.160,
						-3.070 5.507 -2.160,
						-3.090 5.483 -2.160
					]
				}
				coordIndex
				[
					0, 1, 2, -1,
					2, 1, 3, -1,
					2, 3, 4, -1,
					4, 3, 5, -1,
					6, 7, 3, -1,
					3, 7, 5, -1
				]
				normal Normal
				{
					vector
					[
						-0.000 0.000 1.000
					]
				}
				normalIndex
				[
					0, 0, 0, -1,
					0, 0, 0, -1,
					0, 0, 0, -1,
					0, 0, 0, -1,
					0, 0, 0, -1,
					0, 0, 0, -1
				]
			}
		}
		Shape
		{
			appearance Appearance
			{
				material Material
				{
					diffuseColor 0.812 0.831 0.851
				}
			}
			geometry IndexedFaceSet
			{
				creaseAngle 0.5
				solid TRUE
				coord Coordinate
				{
					point
					[
						-3.070 5.507 2.160,
						-3.070 5.507 -2.160,
						-3.070 5.050 2.160,
						-3.070 5.050 -2.160
					]
				}
				coordIndex
				[
					0, 1, 2, -1,
					2, 1, 3, -1
				]
				normal Normal
				{
					vector
					[
						-1.000 -0.000 -0.000
					]
				}
				normalIndex
				[
					0, 0, 0, -1,
					0, 0, 0, -1
				]
			}
		}
		Shape
		{
			appearance Appearance
			{
				material Material
				{
					diffuseColor 0.812 0.831 0.851
				}
			}
			geometry IndexedFaceSet
			{
				creaseAngle 0.5
				solid TRUE
				coord Coordinate
				{
					point
					[
						-3.144 5.454 2.160,
						-3.070 5.050 2.160,
						-3.175 5.450 2.160,
						-5.980 5.050 2.160,
						-5.980 5.450 2.160,
						-3.115 5.465 2.160,
						-3.090 5.483 2.160,
						-3.070 5.507 2.160
					]
				}
				coordIndex
				[
					0, 1, 2, -1,
					2, 1, 3, -1,
					2, 3, 4, -1,
					0, 5, 1, -1,
					1, 5, 6, -1,
					1, 6, 7, -1
				]
				normal Normal
				{
					vector
					[
						0.000 -0.000 -1.000
					]
				}
				normalIndex
				[
					0, 0, 0, -1,
					0, 0, 0, -1,
					0, 0, 0, -1,
					0, 0, 0, -1,
					0, 0, 0, -1,
					0, 0, 0, -1
				]
			}
		}
		Shape
		{
			appearance Appearance
			{
				material Material
				{
					diffuseColor 0.812 0.831 0.851
				}
			}
			geometry IndexedFaceSet
			{
				creaseAngle 0.5
				solid TRUE
				coord Coordinate
				{
					point
					[
						-5.980 5.050 2.160,
						-6.078 5.050 2.173,
						-5.980 5.450 2.160,
						-6.078 5.450 2.173,
						-6.170 5.450 2.211,
						-6.170 5.050 2.211,
						-6.249 5.050 2.271,
						-6.249 5.450 2.271,
						-6.309 5.050 2.350,
						-6.309 5.450 2.350,
						-6.347 5.050 2.442,
						-6.347 5.450 2.442,
						-6.360 5.450 2.540,
						-6.360 5.050 2.540,
						-6.347 5.050 2.638,
						-6.347 5.450 2.638,
						-6.309 5.050 2.730,
						-6.309 5.450 2.730,
						-6.249 5.450 2.809,
						-6.249 5.050 2.809,
						-6.170 5.050 2.869,
						-6.170 5.450 2.869,
						-6.078 5.050 2.907,
						-6.078 5.450 2.907,
						-5.980 5.450 2.920,
						-5.980 5.050 2.920
					]
				}
				coordIndex
				[
					0, 1, 2, -1,
					2, 1, 3, -1,
					3, 1, 4, -1,
					4, 1, 5, -1,
					4, 5, 6, -1,
					4, 6, 7, -1,
					7, 6, 8, -1,
					7, 8, 9, -1,
					9, 8, 10, -1,
					9, 10, 11, -1,
					11, 10, 12, -1,
					10, 13, 12, -1,
					12, 13, 14, -1,
					12, 14, 15, -1,
					15, 14, 16, -1,
					15, 16, 17, -1,
					17, 16, 18, -1,
					16, 19, 18, -1,
					18, 19, 20, -1,
					18, 20, 21, -1,
					21, 20, 22, -1,
					21, 22, 23, -1,
					23, 22, 24, -1,
					22, 25, 24, -1
				]
				normal Normal
				{
					vector
					[
						-0.000 0.000 -1.000,
						-0.259 0.000 -0.966,
						-0.500 0.000 -0.866,
						-0.707 0.000 -0.707,
						-0.866 0.000 -0.500,
						-0.966 0.000 -0.259,
						-1.000 0.000 -0.000,
						-1.000 0.000 0.000,
						-0.966 0.000 0.259,
						-0.866 0.000 0.500,
						-0.707 0.000 0.707,
						-0.500 0.000 0.866,
						-0.259 0.000 0.966,
						-0.000 0.000 1.000
					]
				}
				normalIndex
				[
					0, 1, 0, -1,
					0, 1, 1, -1,
					1, 1, 2, -1,
					2, 1, 2, -1,
					2, 2, 3, -1,
					2, 3, 3, -1,
					3, 3, 4, -1,
					3, 4, 4, -1,
					4, 4, 5, -1,
					4, 5, 5, -1,
					5, 5, 6, -1,
					5, 7, 6, -1,
					6, 7, 8, -1,
					6, 8, 8, -1,
					8, 8, 9, -1,
					8, 9, 9, -1,
					9, 9, 10, -1,
					9, 10, 10, -1,
					10, 10, 11, -1,
					10, 11, 11, -1,
					11, 11, 12, -1,
					11, 12, 12, -1,
					12, 12, 13, -1,
					12, 13, 13, -1
				]
			}
		}
		Shape
		{
			appearance Appearance
			{
				material Material
				{
					diffuseColor 0.812 0.831 0.851
				}
			}
			geometry IndexedFaceSet
			{
				creaseAngle 0.5
				solid TRUE
				coord Coordinate
				{
					point
					[
						-3.070 5.507 -2.920,
						-3.070 5.507 -4.075,
						-3.070 5.050 -2.920,
						-3.070 5.050 -4.075
					]
				}
				coordIndex
				[
					0, 1, 2, -1,
					2, 1, 3, -1
				]
				normal Normal
				{
					vector
					[
						-1.000 -0.000 -0.000
					]
				}
				normalIndex
				[
					0, 0, 0, -1,
					0, 0, 0, -1
				]
			}
		}
		Shape
		{
			appearance Appearance
			{
				material Material
				{
					diffuseColor 0.812 0.831 0.851
				}
			}
			geometry IndexedFaceSet
			{
				creaseAngle 0.5
				solid TRUE
				coord Coordinate
				{
					point
					[
						-3.070 5.050 2.920,
						-3.070 5.050 4.075,
						-3.070 5.507 2.920,
						-3.070 5.507 4.075
					]
				}
				coordIndex
				[
					0, 1, 2, -1,
					2, 1, 3, -1
				]
				normal Normal
				{
					vector
					[
						-1.000 -0.000 -0.000
					]
				}
				normalIndex
				[
					0, 0, 0, -1,
					0, 0, 0, -1
				]
			}
		}
		Shape
		{
			appearance Appearance
			{
				material Material
				{
					diffuseColor 0.812 0.831 0.851
				}
			}
			geometry IndexedFaceSet
			{
				creaseAngle 0.5
				solid TRUE
				coord Coordinate
				{
					point
					[
						-5.980 5.450 2.920,
						-5.980 5.050 2.920,
						-3.175 5.450 2.920,
						-3.070 5.050 2.920,
						-3.144 5.454 2.920,
						-3.115 5.465 2.920,
						-3.070 5.507 2.920,
						-3.090 5.483 2.920
					]
				}
				coordIndex
				[
					0, 1, 2, -1,
					2, 1, 3, -1,
					2, 3, 4, -1,
					4, 3, 5, -1,
					6, 7, 3, -1,
					3, 7, 5, -1
				]
				normal Normal
				{
					vector
					[
						-0.000 0.000 1.000
					]
				}
				normalIndex
				[
					0, 0, 0, -1,
					0, 0, 0, -1,
					0, 0, 0, -1,
					0, 0, 0, -1,
					0, 0, 0, -1,
					0, 0, 0, -1
				]
			}
		}
		Shape
		{
			appearance Appearance
			{
				material Material
				{
					diffuseColor 0.812 0.831 0.851
				}
			}
			geometry IndexedFaceSet
			{
				creaseAngle 0.5
				solid TRUE
				coord Coordinate
				{
					point
					[
						-3.175 5.450 2.160,
						-5.980 5.450 2.160,
						-3.175 5.450 2.920,
						-5.980 5.450 2.920,
						-6.078 5.450 2.173,
						-6.170 5.450 2.211,
						-6.249 5.450 2.271,
						-6.309 5.450 2.350,
						-6.347 5.450 2.442,
						-6.360 5.450 2.540,
						-6.347 5.450 2.638,
						-6.309 5.450 2.730,
						-6.249 5.450 2.809,
						-6.170 5.450 2.869,
						-6.078 5.450 2.907
					]
				}
				coordIndex
				[
					0, 1, 2, -1,
					2, 1, 3, -1,
					4, 5, 1, -1,
					1, 5, 6, -1,
					1, 6, 7, -1,
					7, 8, 1, -1,
					1, 8, 9, -1,
					1, 9, 10, -1,
					10, 11, 1, -1,
					1, 11, 12, -1,
					1, 12, 13, -1,
					13, 14, 1, -1,
					1, 14, 3, -1
				]
				normal Normal
				{
					vector
					[
						-0.000 1.000 0.000
					]
				}
				normalIndex
				[
					0, 0, 0, -1,
					0, 0, 0, -1,
					0, 0, 0, -1,
					0, 0, 0, -1,
					0, 0, 0, -1,
					0, 0, 0, -1,
					0, 0, 0, -1,
					0, 0, 0, -1,
					0, 0, 0, -1,
					0, 0, 0, -1,
					0, 0, 0, -1,
					0, 0, 0, -1,
					0, 0, 0, -1
				]
			}
		}
		Shape
		{
			appearance Appearance
			{
				material Material
				{
					diffuseColor 0.812 0.831 0.851
				}
			}
			geometry IndexedFaceSet
			{
				creaseAngle 0.5
				solid TRUE
				coord Coordinate
				{
					point
					[
						-3.175 5.450 -2.920,
						-5.980 5.450 -2.920,
						-3.175 5.450 -2.160,
						-5.980 5.450 -2.160,
						-6.078 5.450 -2.907,
						-6.170 5.450 -2.869,
						-6.249 5.450 -2.809,
						-6.309 5.450 -2.730,
						-6.347 5.450 -2.638,
						-6.360 5.450 -2.540,
						-6.347 5.450 -2.442,
						-6.309 5.450 -2.350,
						-6.249 5.450 -2.271,
						-6.170 5.450 -2.211,
						-6.078 5.450 -2.173
					]
				}
				coordIndex
				[
					0, 1, 2, -1,
					2, 1, 3, -1,
					4, 5, 1, -1,
					1, 5, 6, -1,
					1, 6, 7, -1,
					7, 8, 1, -1,
					1, 8, 9, -1,
					1, 9, 10, -1,
					10, 11, 1, -1,
					1, 11, 12, -1,
					1, 12, 13, -1,
					13, 14, 1, -1,
					1, 14, 3, -1
				]
				normal Normal
				{
					vector
					[
						-0.000 1.000 0.000
					]
				}
				normalIndex
				[
					0, 0, 0, -1,
					0, 0, 0, -1,
					0, 0, 0, -1,
					0, 0, 0, -1,
					0, 0, 0, -1,
					0, 0, 0, -1,
					0, 0, 0, -1,
					0, 0, 0, -1,
					0, 0, 0, -1,
					0, 0, 0, -1,
					0, 0, 0, -1,
					0, 0, 0, -1,
					0, 0, 0, -1
				]
			}
		}
		Shape
		{
			appearance Appearance
			{
				material Material
				{
					diffuseColor 0.812 0.831 0.851
				}
			}
			geometry IndexedFaceSet
			{
				creaseAngle 0.5
				solid TRUE
				coord Coordinate
				{
					point
					[
						-3.070 5.507 -4.075,
						-3.070 5.507 -2.920,
						-3.059 5.528 -4.075,
						-3.070 5.507 -2.160,
						-3.070 5.507 2.160,
						-3.090 5.483 -2.920,
						-3.090 5.483 -2.160,
						-3.115 5.465 -2.920,
						-3.115 5.465 -2.160,
						-3.144 5.454 -2.160,
						-3.144 5.454 -2.920,
						-3.175 5.450 -2.920,
						-3.175 5.450 -2.160,
						-3.144 5.454 2.920,
						-3.115 5.465 2.920,
						-3.115 5.465 2.160,
						-3.090 5.483 2.920,
						-3.090 5.483 2.160,
						-3.070 5.507 2.920,
						-3.059 5.528 4.075,
						-3.052 5.551 4.075,
						-3.052 5.551 -4.075,
						-3.050 5.575 -4.075,
						-3.144 5.454 2.160,
						-3.175 5.450 2.160,
						-3.175 5.450 2.920,
						-3.070 5.507 4.075,
						-3.050 5.575 4.075
					]
				}
				coordIndex
				[
					0, 1, 2, -1,
					2, 1, 3, -1,
					2, 3, 4, -1,
					1, 5, 3, -1,
					3, 5, 6, -1,
					5, 7, 6, -1,
					6, 7, 8, -1,
					8, 7, 9, -1,
					9, 7, 10, -1,
					9, 10, 11, -1,
					11, 12, 9, -1,
					13, 14, 15, -1,
					15, 14, 16, -1,
					15, 16, 17, -1,
					17, 16, 18, -1,
					17, 18, 4, -1,
					4, 18, 19, -1,
					4, 19, 2, -1,
					2, 19, 20, -1,
					2, 20, 21, -1,
					21, 20, 22, -1,
					15, 23, 13, -1,
					13, 23, 24, -1,
					13, 24, 25, -1,
					18, 26, 19, -1,
					20, 27, 22, -1
				]
				normal Normal
				{
					vector
					[
						-0.840 0.543 -0.000,
						-0.840 0.543 0.000,
						-0.928 0.373 0.000,
						-0.680 0.733 -0.000,
						-0.478 0.878 -0.000,
						-0.247 0.969 -0.000,
						-0.000 1.000 -0.000,
						-0.928 0.373 -0.000,
						-0.982 0.190 -0.000,
						-1.000 -0.000 -0.000
					]
				}
				normalIndex
				[
					0, 1, 2, -1,
					2, 1, 1, -1,
					2, 1, 1, -1,
					1, 3, 1, -1,
					1, 3, 3, -1,
					3, 4, 3, -1,
					3, 4, 4, -1,
					4, 4, 5, -1,
					5, 4, 5, -1,
					5, 5, 6, -1,
					6, 6, 5, -1,
					5, 4, 4, -1,
					4, 4, 3, -1,
					4, 3, 3, -1,
					3, 3, 1, -1,
					3, 1, 1, -1,
					1, 1, 7, -1,
					1, 7, 2, -1,
					2, 7, 8, -1,
					2, 8, 8, -1,
					8, 8, 9, -1,
					4, 5, 5, -1,
					5, 5, 6, -1,
					5, 6, 6, -1,
					1, 1, 7, -1,
					8, 9, 9, -1
				]
			}
		}
		Shape
		{
			appearance Appearance
			{
				material Material
				{
					diffuseColor 0.812 0.831 0.851
				}
			}
			geometry IndexedFaceSet
			{
				creaseAngle 0.5
				solid TRUE
				coord Coordinate
				{
					point
					[
						-2.650 8.880 1.500,
						-2.650 8.880 4.075,
						-2.650 8.790 1.500,
						-2.650 5.300 4.075,
						-2.650 5.300 -4.075,
						-2.650 8.790 -1.500,
						-2.650 8.880 -4.075,
						-2.650 8.880 -1.500
					]
				}
				coordIndex
				[
					0, 1, 2, -1,
					2, 1, 3, -1,
					2, 3, 4, -1,
					2, 4, 5, -1,
					5, 4, 6, -1,
					5, 6, 7, -1
				]
				normal Normal
				{
					vector
					[
						1.000 0.000 0.000
					]
				}
				normalIndex
				[
					0, 0, 0, -1,
					0, 0, 0, -1,
					0, 0, 0, -1,
					0, 0, 0, -1,
					0, 0, 0, -1,
					0, 0, 0, -1
				]
			}
		}
		Shape
		{
			appearance Appearance
			{
				material Material
				{
					diffuseColor 0.812 0.831 0.851
				}
			}
			geometry IndexedFaceSet
			{
				creaseAngle 0.5
				solid TRUE
				coord Coordinate
				{
					point
					[
						-2.650 5.300 -4.075,
						-2.650 5.300 4.075,
						-2.659 5.235 -4.075,
						-2.659 5.235 4.075,
						-2.683 5.175 4.075,
						-2.683 5.175 -4.075,
						-2.723 5.123 4.075,
						-2.723 5.123 -4.075,
						-2.775 5.083 4.075,
						-2.775 5.083 -4.075,
						-2.835 5.059 -4.075,
						-2.835 5.059 4.075,
						-2.900 5.050 4.075,
						-2.900 5.050 -4.075
					]
				}
				coordIndex
				[
					0, 1, 2, -1,
					2, 1, 3, -1,
					2, 3, 4, -1,
					2, 4, 5, -1,
					5, 4, 6, -1,
					5, 6, 7, -1,
					7, 6, 8, -1,
					7, 8, 9, -1,
					9, 8, 10, -1,
					8, 11, 10, -1,
					10, 11, 12, -1,
					10, 12, 13, -1
				]
				normal Normal
				{
					vector
					[
						1.000 0.000 0.000,
						0.966 -0.259 0.000,
						0.866 -0.500 0.000,
						0.707 -0.707 0.000,
						0.500 -0.866 0.000,
						0.259 -0.966 0.000,
						-0.000 -1.000 0.000
					]
				}
				normalIndex
				[
					0, 0, 1, -1,
					1, 0, 1, -1,
					1, 1, 2, -1,
					1, 2, 2, -1,
					2, 2, 3, -1,
					2, 3, 3, -1,
					3, 3, 4, -1,
					3, 4, 4, -1,
					4, 4, 5, -1,
					4, 5, 5, -1,
					5, 5, 6, -1,
					5, 6, 6, -1
				]
			}
		}
		Shape
		{
			appearance Appearance
			{
				material Material
				{
					diffuseColor 0.812 0.831 0.851
				}
			}
			geometry IndexedFaceSet
			{
				creaseAngle 0.5
				solid TRUE
				coord Coordinate
				{
					point
					[
						-3.070 5.050 -4.075,
						-2.900 5.050 -4.075,
						-3.070 5.050 -2.920,
						-3.070 5.050 -2.160,
						-5.980 5.050 -2.160,
						-3.070 5.050 2.160,
						-2.900 5.050 4.075,
						-3.070 5.050 2.920,
						-3.070 5.050 4.075,
						-5.980 5.050 2.920,
						-5.980 5.050 2.160,
						-6.078 5.050 2.907,
						-6.170 5.050 2.869,
						-6.249 5.050 2.809,
						-6.309 5.050 2.730,
						-6.347 5.050 2.638,
						-6.360 5.050 2.540,
						-6.347 5.050 2.442,
						-6.309 5.050 2.350,
						-6.249 5.050 2.271,
						-6.170 5.050 2.211,
						-6.078 5.050 2.173,
						-5.980 5.050 -2.920,
						-6.078 5.050 -2.173,
						-6.170 5.050 -2.211,
						-6.249 5.050 -2.271,
						-6.309 5.050 -2.350,
						-6.347 5.050 -2.442,
						-6.360 5.050 -2.540,
						-6.347 5.050 -2.638,
						-6.309 5.050 -2.730,
						-6.249 5.050 -2.809,
						-6.170 5.050 -2.869,
						-6.078 5.050 -2.907
					]
				}
				coordIndex
				[
					0, 1, 2, -1,
					2, 1, 3, -1,
					2, 3, 4, -1,
					3, 1, 5, -1,
					5, 1, 6, -1,
					5, 6, 7, -1,
					7, 6, 8, -1,
					7, 9, 5, -1,
					5, 9, 10, -1,
					9, 11, 10, -1,
					10, 11, 12, -1,
					10, 12, 13, -1,
					13, 14, 10, -1,
					10, 14, 15, -1,
					10, 15, 16, -1,
					16, 17, 10, -1,
					10, 17, 18, -1,
					10, 18, 19, -1,
					19, 20, 10, -1,
					10, 20, 21, -1,
					2, 4, 22, -1,
					22, 4, 23, -1,
					22, 23, 24, -1,
					24, 25, 22, -1,
					22, 25, 26, -1,
					22, 26, 27, -1,
					27, 28, 22, -1,
					22, 28, 29, -1,
					22, 29, 30, -1,
					30, 31, 22, -1,
					22, 31, 32, -1,
					22, 32, 33, -1
				]
				normal Normal
				{
					vector
					[
						-0.000 -1.000 0.000
					]
				}
				normalIndex
				[
					0, 0, 0, -1,
					0, 0, 0, -1,
					0, 0, 0, -1,
					0, 0, 0, -1,
					0, 0, 0, -1,
					0, 0, 0, -1,
					0, 0, 0, -1,
					0, 0, 0, -1,
					0, 0, 0, -1,
					0, 0, 0, -1,
					0, 0, 0, -1,
					0, 0, 0, -1,
					0, 0, 0, -1,
					0, 0, 0, -1,
					0, 0, 0, -1,
					0, 0, 0, -1,
					0, 0, 0, -1,
					0, 0, 0, -1,
					0, 0, 0, -1,
					0, 0, 0, -1,
					0, 0, 0, -1,
					0, 0, 0, -1,
					0, 0, 0, -1,
					0, 0, 0, -1,
					0, 0, 0, -1,
					0, 0, 0, -1,
					0, 0, 0, -1,
					0, 0, 0, -1,
					0, 0, 0, -1,
					0, 0, 0, -1,
					0, 0, 0, -1,
					0, 0, 0, -1
				]
			}
		}
		Shape
		{
			appearance Appearance
			{
				material Material
				{
					diffuseColor 0.812 0.831 0.851
				}
			}
			geometry IndexedFaceSet
			{
				creaseAngle 0.5
				solid TRUE
				coord Coordinate
				{
					point
					[
						3.270 9.180 1.500,
						3.270 9.180 4.075,
						3.270 8.790 1.500,
						3.270 8.380 4.075,
						3.270 8.380 -4.075,
						3.270 8.790 -1.500,
						3.270 9.180 -4.075,
						3.270 9.180 -1.500
					]
				}
				coordIndex
				[
					0, 1, 2, -1,
					2, 1, 3, -1,
					2, 3, 4, -1,
					2, 4, 5, -1,
					5, 4, 6, -1,
					5, 6, 7, -1
				]
				normal Normal
				{
					vector
					[
						1.000 0.000 0.000
					]
				}
				normalIndex
				[
					0, 0, 0, -1,
					0, 0, 0, -1,
					0, 0, 0, -1,
					0, 0, 0, -1,
					0, 0, 0, -1,
					0, 0, 0, -1
				]
			}
		}
		Shape
		{
			appearance Appearance
			{
				material Material
				{
					diffuseColor 0.812 0.831 0.851
				}
			}
			geometry IndexedFaceSet
			{
				creaseAngle 0.5
				solid TRUE
				coord Coordinate
				{
					point
					[
						3.270 8.380 4.075,
						2.650 8.380 4.075,
						3.270 8.380 -4.075,
						2.650 8.380 -4.075
					]
				}
				coordIndex
				[
					0, 1, 2, -1,
					2, 1, 3, -1
				]
				normal Normal
				{
					vector
					[
						0.000 -1.000 0.000
					]
				}
				normalIndex
				[
					0, 0, 0, -1,
					0, 0, 0, -1
				]
			}
		}
		Shape
		{
			appearance Appearance
			{
				material Material
				{
					diffuseColor 0.812 0.831 0.851
				}
			}
			geometry IndexedFaceSet
			{
				creaseAngle 0.5
				solid TRUE
				coord Coordinate
				{
					point
					[
						-3.070 5.050 4.075,
						-2.900 5.050 4.075,
						-3.070 5.507 4.075,
						-2.650 5.300 4.075,
						-3.059 5.528 4.075,
						-3.052 5.551 4.075,
						-2.835 5.059 4.075,
						-2.775 5.083 4.075,
						-2.723 5.123 4.075,
						-2.683 5.175 4.075,
						-2.659 5.235 4.075,
						-3.050 5.575 4.075,
						-2.650 8.880 4.075,
						-3.050 9.180 4.075,
						-2.800 9.430 4.075,
						-2.865 9.421 4.075,
						2.650 8.880 4.075,
						3.020 9.430 4.075,
						2.650 8.380 4.075,
						3.270 8.380 4.075,
						3.270 9.180 4.075,
						3.261 9.245 4.075,
						3.237 9.305 4.075,
						3.197 9.357 4.075,
						3.145 9.397 4.075,
						3.085 9.421 4.075,
						-2.925 9.397 4.075,
						-2.977 9.357 4.075,
						-3.017 9.305 4.075,
						-3.041 9.245 4.075
					]
				}
				coordIndex
				[
					0, 1, 2, -1,
					2, 1, 3, -1,
					2, 3, 4, -1,
					4, 3, 5, -1,
					6, 7, 1, -1,
					1, 7, 8, -1,
					1, 8, 9, -1,
					9, 10, 1, -1,
					1, 10, 3, -1,
					5, 3, 11, -1,
					11, 3, 12, -1,
					11, 12, 13, -1,
					13, 12, 14, -1,
					13, 14, 15, -1,
					12, 16, 14, -1,
					14, 16, 17, -1,
					18, 19, 16, -1,
					16, 19, 20, -1,
					16, 20, 17, -1,
					17, 20, 21, -1,
					17, 21, 22, -1,
					22, 23, 17, -1,
					17, 23, 24, -1,
					17, 24, 25, -1,
					15, 26, 13, -1,
					13, 26, 27, -1,
					13, 27, 28, -1,
					28, 29, 13, -1
				]
				normal Normal
				{
					vector
					[
						0.000 0.000 1.000
					]
				}
				normalIndex
				[
					0, 0, 0, -1,
					0, 0, 0, -1,
					0, 0, 0, -1,
					0, 0, 0, -1,
					0, 0, 0, -1,
					0, 0, 0, -1,
					0, 0, 0, -1,
					0, 0, 0, -1,
					0, 0, 0, -1,
					0, 0, 0, -1,
					0, 0, 0, -1,
					0, 0, 0, -1,
					0, 0, 0, -1,
					0, 0, 0, -1,
					0, 0, 0, -1,
					0, 0, 0, -1,
					0, 0, 0, -1,
					0, 0, 0, -1,
					0, 0, 0, -1,
					0, 0, 0, -1,
					0, 0, 0, -1,
					0, 0, 0, -1,
					0, 0, 0, -1,
					0, 0, 0, -1,
					0, 0, 0, -1,
					0, 0, 0, -1,
					0, 0, 0, -1,
					0, 0, 0, -1
				]
			}
		}
		Shape
		{
			appearance Appearance
			{
				material Material
				{
					diffuseColor 0.812 0.831 0.851
				}
			}
			geometry IndexedFaceSet
			{
				creaseAngle 0.5
				solid TRUE
				coord Coordinate
				{
					point
					[
						-3.070 5.050 -4.075,
						-3.070 5.507 -4.075,
						-2.900 5.050 -4.075,
						-2.650 5.300 -4.075,
						-2.659 5.235 -4.075,
						-3.059 5.528 -4.075,
						-3.052 5.551 -4.075,
						-3.050 5.575 -4.075,
						-2.650 8.880 -4.075,
						-3.050 9.180 -4.075,
						-2.800 9.430 -4.075,
						-2.865 9.421 -4.075,
						-3.041 9.245 -4.075,
						-3.017 9.305 -4.075,
						-2.977 9.357 -4.075,
						-2.925 9.397 -4.075,
						2.650 8.880 -4.075,
						3.020 9.430 -4.075,
						3.270 9.180 -4.075,
						3.261 9.245 -4.075,
						3.085 9.421 -4.075,
						3.145 9.397 -4.075,
						3.197 9.357 -4.075,
						3.237 9.305 -4.075,
						3.270 8.380 -4.075,
						2.650 8.380 -4.075,
						-2.683 5.175 -4.075,
						-2.723 5.123 -4.075,
						-2.775 5.083 -4.075,
						-2.835 5.059 -4.075
					]
				}
				coordIndex
				[
					0, 1, 2, -1,
					2, 1, 3, -1,
					2, 3, 4, -1,
					1, 5, 3, -1,
					3, 5, 6, -1,
					3, 6, 7, -1,
					3, 7, 8, -1,
					8, 7, 9, -1,
					8, 9, 10, -1,
					10, 9, 11, -1,
					12, 13, 9, -1,
					9, 13, 14, -1,
					9, 14, 15, -1,
					15, 11, 9, -1,
					8, 10, 16, -1,
					16, 10, 17, -1,
					16, 17, 18, -1,
					18, 17, 19, -1,
					20, 21, 17, -1,
					17, 21, 22, -1,
					17, 22, 23, -1,
					23, 19, 17, -1,
					18, 24, 16, -1,
					16, 24, 25, -1,
					4, 26, 2, -1,
					2, 26, 27, -1,
					2, 27, 28, -1,
					28, 29, 2, -1
				]
				normal Normal
				{
					vector
					[
						-0.000 -0.000 -1.000
					]
				}
				normalIndex
				[
					0, 0, 0, -1,
					0, 0, 0, -1,
					0, 0, 0, -1,
					0, 0, 0, -1,
					0, 0, 0, -1,
					0, 0, 0, -1,
					0, 0, 0, -1,
					0, 0, 0, -1,
					0, 0, 0, -1,
					0, 0, 0, -1,
					0, 0, 0, -1,
					0, 0, 0, -1,
					0, 0, 0, -1,
					0, 0, 0, -1,
					0, 0, 0, -1,
					0, 0, 0, -1,
					0, 0, 0, -1,
					0, 0, 0, -1,
					0, 0, 0, -1,
					0, 0, 0, -1,
					0, 0, 0, -1,
					0, 0, 0, -1,
					0, 0, 0, -1,
					0, 0, 0, -1,
					0, 0, 0, -1,
					0, 0, 0, -1,
					0, 0, 0, -1,
					0, 0, 0, -1
				]
			}
		}
		Shape
		{
			appearance Appearance
			{
				material Material
				{
					diffuseColor 1.000 0.000 0.000
				}
			}
			geometry IndexedFaceSet
			{
				creaseAngle 0.5
				solid TRUE
				coord Coordinate
				{
					point
					[
						2.400 8.890 0.000,
						2.318 8.890 0.621,
						2.540 8.890 1.500,
						2.078 8.890 1.200,
						1.937 8.890 1.500,
						1.697 8.890 1.697,
						1.485 8.890 1.948,
						1.200 8.890 2.078,
						0.933 8.890 2.265,
						0.621 8.890 2.318,
						0.318 8.890 2.429,
						0.000 8.890 2.400,
						-0.318 8.890 2.429,
						-0.621 8.890 2.318,
						-0.933 8.890 2.265,
						-1.200 8.890 2.078,
						-1.485 8.890 1.948,
						-1.697 8.890 1.697,
						-1.937 8.890 1.500,
						-2.078 8.890 1.200,
						-2.540 8.890 1.500,
						-2.318 8.890 0.621,
						-2.400 8.890 -0.000,
						2.540 8.890 -1.500,
						2.318 8.890 -0.621,
						2.078 8.890 -1.200,
						1.937 8.890 -1.500,
						1.697 8.890 -1.697,
						1.485 8.890 -1.948,
						1.200 8.890 -2.078,
						0.933 8.890 -2.265,
						0.621 8.890 -2.318,
						0.318 8.890 -2.429,
						0.000 8.890 -2.400,
						-0.318 8.890 -2.429,
						-0.621 8.890 -2.318,
						-0.933 8.890 -2.265,
						-1.200 8.890 -2.078,
						-1.485 8.890 -1.948,
						-1.697 8.890 -1.697,
						-1.937 8.890 -1.500,
						-2.078 8.890 -1.200,
						-2.540 8.890 -1.500,
						-2.318 8.890 -0.621
					]
				}
				coordIndex
				[
					0, 1, 2, -1,
					2, 1, 3, -1,
					2, 3, 4, -1,
					4, 3, 5, -1,
					4, 5, 6, -1,
					6, 5, 7, -1,
					6, 7, 8, -1,
					8, 7, 9, -1,
					8, 9, 10, -1,
					10, 9, 11, -1,
					10, 11, 12, -1,
					12, 11, 13, -1,
					12, 13, 14, -1,
					14, 13, 15, -1,
					14, 15, 16, -1,
					16, 15, 17, -1,
					16, 17, 18, -1,
					18, 17, 19, -1,
					18, 19, 20, -1,
					20, 19, 21, -1,
					20, 21, 22, -1,
					2, 23, 0, -1,
					0, 23, 24, -1,
					24, 23, 25, -1,
					25, 23, 26, -1,
					25, 26, 27, -1,
					27, 26, 28, -1,
					27, 28, 29, -1,
					29, 28, 30, -1,
					29, 30, 31, -1,
					31, 30, 32, -1,
					31, 32, 33, -1,
					33, 32, 34, -1,
					33, 34, 35, -1,
					35, 34, 36, -1,
					35, 36, 37, -1,
					37, 36, 38, -1,
					37, 38, 39, -1,
					39, 38, 40, -1,
					39, 40, 41, -1,
					41, 40, 42, -1,
					41, 42, 43, -1,
					43, 42, 22, -1,
					42, 20, 22, -1
				]
				normal Normal
				{
					vector
					[
						-0.000 1.000 -0.000
					]
				}
				normalIndex
				[
					0, 0, 0, -1,
					0, 0, 0, -1,
					0, 0, 0, -1,
					0, 0, 0, -1,
					0, 0, 0, -1,
					0, 0, 0, -1,
					0, 0, 0, -1,
					0, 0, 0, -1,
					0, 0, 0, -1,
					0, 0, 0, -1,
					0, 0, 0, -1,
					0, 0, 0, -1,
					0, 0, 0, -1,
					0, 0, 0, -1,
					0, 0, 0, -1,
					0, 0, 0, -1,
					0, 0, 0, -1,
					0, 0, 0, -1,
					0, 0, 0, -1,
					0, 0, 0, -1,
					0, 0, 0, -1,
					0, 0, 0, -1,
					0, 0, 0, -1,
					0, 0, 0, -1,
					0, 0, 0, -1,
					0, 0, 0, -1,
					0, 0, 0, -1,
					0, 0, 0, -1,
					0, 0, 0, -1,
					0, 0, 0, -1,
					0, 0, 0, -1,
					0, 0, 0, -1,
					0, 0, 0, -1,
					0, 0, 0, -1,
					0, 0, 0, -1,
					0, 0, 0, -1,
					0, 0, 0, -1,
					0, 0, 0, -1,
					0, 0, 0, -1,
					0, 0, 0, -1,
					0, 0, 0, -1,
					0, 0, 0, -1,
					0, 0, 0, -1,
					0, 0, 0, -1
				]
			}
		}
		Shape
		{
			appearance Appearance
			{
				material Material
				{
					diffuseColor 1.000 0.000 0.000
				}
			}
			geometry IndexedFaceSet
			{
				creaseAngle 0.5
				solid TRUE
				coord Coordinate
				{
					point
					[
						-1.139 0.500 2.285,
						-1.025 0.500 2.179,
						-1.025 0.395 2.285,
						-0.893 0.303 2.285,
						-0.894 0.500 2.086,
						-0.570 0.232 2.142,
						-0.617 0.167 2.285,
						-0.309 0.082 2.285,
						-0.570 0.412 1.978,
						-0.617 0.500 1.949,
						-0.310 0.500 1.864,
						0.000 0.365 1.902,
						0.000 0.500 1.837,
						0.310 0.500 1.864,
						0.570 0.412 1.978,
						0.617 0.500 1.949,
						0.894 0.500 2.086,
						1.139 0.500 2.285,
						1.025 0.395 2.285,
						1.025 0.500 2.179,
						0.893 0.303 2.285,
						0.570 0.232 2.142,
						0.000 0.161 2.088,
						0.617 0.167 2.285,
						0.309 0.082 2.285,
						0.000 0.055 2.285
					]
				}
				coordIndex
				[
					0, 1, 2, -1,
					2, 1, 3, -1,
					1, 4, 3, -1,
					3, 4, 5, -1,
					3, 5, 6, -1,
					6, 5, 7, -1,
					5, 4, 8, -1,
					8, 4, 9, -1,
					8, 9, 10, -1,
					8, 10, 11, -1,
					11, 10, 12, -1,
					11, 12, 13, -1,
					11, 13, 14, -1,
					14, 13, 15, -1,
					14, 15, 16, -1,
					17, 18, 19, -1,
					19, 18, 20, -1,
					19, 20, 16, -1,
					16, 20, 21, -1,
					16, 21, 14, -1,
					14, 21, 22, -1,
					14, 22, 11, -1,
					11, 22, 5, -1,
					11, 5, 8, -1,
					20, 23, 21, -1,
					21, 23, 24, -1,
					21, 24, 22, -1,
					22, 24, 25, -1,
					22, 25, 7, -1,
					5, 22, 7, -1
				]
				normal Normal
				{
					vector
					[
						-0.608 -0.567 -0.556,
						-0.547 -0.489 -0.680,
						-0.546 -0.687 -0.480,
						-0.476 -0.768 -0.428,
						-0.477 -0.437 -0.763,
						-0.304 -0.760 -0.574,
						-0.329 -0.868 -0.373,
						-0.165 -0.923 -0.347,
						-0.304 -0.501 -0.810,
						-0.329 -0.380 -0.864,
						-0.165 -0.354 -0.921,
						0.000 -0.526 -0.850,
						0.000 -0.347 -0.938,
						0.165 -0.354 -0.921,
						0.304 -0.501 -0.810,
						0.329 -0.380 -0.864,
						0.477 -0.437 -0.763,
						0.608 -0.567 -0.556,
						0.546 -0.687 -0.480,
						0.547 -0.489 -0.680,
						0.476 -0.768 -0.428,
						0.304 -0.760 -0.574,
						0.000 -0.798 -0.603,
						0.329 -0.868 -0.373,
						0.165 -0.923 -0.347,
						0.000 -0.940 -0.340
					]
				}
				normalIndex
				[
					0, 1, 2, -1,
					2, 1, 3, -1,
					1, 4, 3, -1,
					3, 4, 5, -1,
					3, 5, 6, -1,
					6, 5, 7, -1,
					5, 4, 8, -1,
					8, 4, 9, -1,
					8, 9, 10, -1,
					8, 10, 11, -1,
					11, 10, 12, -1,
					11, 12, 13, -1,
					11, 13, 14, -1,
					14, 13, 15, -1,
					14, 15, 16, -1,
					17, 18, 19, -1,
					19, 18, 20, -1,
					19, 20, 16, -1,
					16, 20, 21, -1,
					16, 21, 14, -1,
					14, 21, 22, -1,
					14, 22, 11, -1,
					11, 22, 5, -1,
					11, 5, 8, -1,
					20, 23, 21, -1,
					21, 23, 24, -1,
					21, 24, 22, -1,
					22, 24, 25, -1,
					22, 25, 7, -1,
					5, 22, 7, -1
				]
			}
		}
		Shape
		{
			appearance Appearance
			{
				material Material
				{
					diffuseColor 0.859 0.675 0.204
				}
			}
			geometry IndexedFaceSet
			{
				creaseAngle 0.5
				solid TRUE
				coord Coordinate
				{
					point
					[
						-1.950 0.500 2.285,
						-1.139 0.500 2.285,
						-1.950 0.360 2.285,
						-1.960 0.282 2.285,
						-1.025 0.395 2.285,
						-1.990 0.210 2.285,
						-0.893 0.303 2.285,
						-2.038 0.148 2.285,
						-2.100 0.100 2.285,
						-0.617 0.167 2.285,
						-2.850 -0.598 2.285,
						-0.309 0.082 2.285,
						1.329 -0.598 2.285,
						0.000 0.055 2.285,
						0.309 0.082 2.285,
						0.617 0.167 2.285,
						0.893 0.303 2.285,
						1.529 -0.398 2.285,
						1.025 0.395 2.285,
						1.529 0.500 2.285,
						1.139 0.500 2.285,
						1.522 -0.450 2.285,
						1.502 -0.498 2.285,
						1.471 -0.539 2.285,
						1.429 -0.571 2.285,
						1.381 -0.591 2.285,
						-2.902 -0.591 2.285,
						-3.050 -0.398 2.285,
						-3.050 -0.310 2.285,
						-3.053 -0.284 2.285,
						-2.950 -0.571 2.285,
						-2.991 -0.539 2.285,
						-3.023 -0.498 2.285,
						-3.043 -0.450 2.285,
						-3.079 -0.239 2.285,
						-2.510 0.210 2.285,
						-3.063 -0.260 2.285,
						-2.462 0.148 2.285,
						-2.400 0.100 2.285,
						-2.328 0.070 2.285,
						-2.250 0.060 2.285,
						-3.100 -0.223 2.285,
						-2.540 0.282 2.285,
						-3.124 -0.213 2.285,
						-2.550 0.360 2.285,
						-3.150 -0.210 2.285,
						-2.550 0.550 2.285,
						-5.970 0.550 2.285,
						-5.970 -0.210 2.285,
						-6.068 0.537 2.285,
						-6.068 -0.197 2.285,
						-6.160 0.499 2.285,
						-6.160 -0.159 2.285,
						-6.239 0.439 2.285,
						-6.239 -0.099 2.285,
						-6.299 0.360 2.285,
						-6.299 -0.020 2.285,
						-6.337 0.268 2.285,
						-6.337 0.072 2.285,
						-6.350 0.170 2.285,
						-2.172 0.070 2.285
					]
				}
				coordIndex
				[
					0, 1, 2, -1,
					2, 1, 3, -1,
					1, 4, 3, -1,
					3, 4, 5, -1,
					4, 6, 5, -1,
					5, 6, 7, -1,
					7, 6, 8, -1,
					8, 6, 9, -1,
					8, 9, 10, -1,
					10, 9, 11, -1,
					10, 11, 12, -1,
					12, 11, 13, -1,
					12, 13, 14, -1,
					14, 15, 12, -1,
					12, 15, 16, -1,
					12, 16, 17, -1,
					17, 16, 18, -1,
					17, 18, 19, -1,
					19, 18, 20, -1,
					17, 21, 12, -1,
					12, 21, 22, -1,
					12, 22, 23, -1,
					23, 24, 12, -1,
					12, 24, 25, -1,
					26, 27, 10, -1,
					10, 27, 28, -1,
					10, 28, 29, -1,
					26, 30, 27, -1,
					27, 30, 31, -1,
					27, 31, 32, -1,
					32, 33, 27, -1,
					34, 35, 36, -1,
					36, 35, 37, -1,
					36, 37, 29, -1,
					29, 37, 38, -1,
					29, 38, 10, -1,
					10, 38, 39, -1,
					10, 39, 40, -1,
					34, 41, 35, -1,
					35, 41, 42, -1,
					41, 43, 42, -1,
					42, 43, 44, -1,
					43, 45, 44, -1,
					44, 45, 46, -1,
					46, 45, 47, -1,
					47, 45, 48, -1,
					47, 48, 49, -1,
					49, 48, 50, -1,
					49, 50, 51, -1,
					51, 50, 52, -1,
					51, 52, 53, -1,
					53, 52, 54, -1,
					53, 54, 55, -1,
					55, 54, 56, -1,
					55, 56, 57, -1,
					57, 56, 58, -1,
					57, 58, 59, -1,
					40, 60, 10, -1,
					10, 60, 8, -1
				]
				normal Normal
				{
					vector
					[
						-0.000 -0.000 -1.000
					]
				}
				normalIndex
				[
					0, 0, 0, -1,
					0, 0, 0, -1,
					0, 0, 0, -1,
					0, 0, 0, -1,
					0, 0, 0, -1,
					0, 0, 0, -1,
					0, 0, 0, -1,
					0, 0, 0, -1,
					0, 0, 0, -1,
					0, 0, 0, -1,
					0, 0, 0, -1,
					0, 0, 0, -1,
					0, 0, 0, -1,
					0, 0, 0, -1,
					0, 0, 0, -1,
					0, 0, 0, -1,
					0, 0, 0, -1,
					0, 0, 0, -1,
					0, 0, 0, -1,
					0, 0, 0, -1,
					0, 0, 0, -1,
					0, 0, 0, -1,
					0, 0, 0, -1,
					0, 0, 0, -1,
					0, 0, 0, -1,
					0, 0, 0, -1,
					0, 0, 0, -1,
					0, 0, 0, -1,
					0, 0, 0, -1,
					0, 0, 0, -1,
					0, 0, 0, -1,
					0, 0, 0, -1,
					0, 0, 0, -1,
					0, 0, 0, -1,
					0, 0, 0, -1,
					0, 0, 0, -1,
					0, 0, 0, -1,
					0, 0, 0, -1,
					0, 0, 0, -1,
					0, 0, 0, -1,
					0, 0, 0, -1,
					0, 0, 0, -1,
					0, 0, 0, -1,
					0, 0, 0, -1,
					0, 0, 0, -1,
					0, 0, 0, -1,
					0, 0, 0, -1,
					0, 0, 0, -1,
					0, 0, 0, -1,
					0, 0, 0, -1,
					0, 0, 0, -1,
					0, 0, 0, -1,
					0, 0, 0, -1,
					0, 0, 0, -1,
					0, 0, 0, -1,
					0, 0, 0, -1,
					0, 0, 0, -1,
					0, 0, 0, -1,
					0, 0, 0, -1
				]
			}
		}
		Shape
		{
			appearance Appearance
			{
				material Material
				{
					diffuseColor 0.859 0.675 0.204
				}
			}
			geometry IndexedFaceSet
			{
				creaseAngle 0.5
				solid TRUE
				coord Coordinate
				{
					point
					[
						1.529 0.500 2.795,
						1.529 -0.398 2.795,
						1.529 0.500 2.285,
						1.529 -0.398 2.285
					]
				}
				coordIndex
				[
					0, 1, 2, -1,
					2, 1, 3, -1
				]
				normal Normal
				{
					vector
					[
						1.000 0.000 0.000
					]
				}
				normalIndex
				[
					0, 0, 0, -1,
					0, 0, 0, -1
				]
			}
		}
		Shape
		{
			appearance Appearance
			{
				material Material
				{
					diffuseColor 1.000 0.000 0.000
				}
			}
			geometry IndexedFaceSet
			{
				creaseAngle 0.5
				solid TRUE
				coord Coordinate
				{
					point
					[
						1.025 0.395 2.795,
						1.139 0.500 2.795,
						1.087 0.489 2.838,
						1.025 0.500 2.901,
						0.570 0.315 3.029,
						0.894 0.500 2.994,
						0.617 0.500 3.131,
						0.310 0.500 3.216,
						0.000 0.255 3.094,
						0.570 0.168 2.835,
						0.000 0.089 2.874,
						0.309 0.082 2.795,
						0.000 0.055 2.795,
						0.000 0.489 3.239,
						0.000 0.500 3.243,
						-0.310 0.500 3.216,
						-0.617 0.500 3.131,
						-0.570 0.315 3.029,
						-0.894 0.500 2.994,
						-1.025 0.500 2.901,
						-1.087 0.489 2.838,
						-1.139 0.500 2.795,
						-1.025 0.395 2.795,
						-0.893 0.303 2.795,
						-0.617 0.167 2.795,
						-0.570 0.168 2.835,
						-0.309 0.082 2.795,
						0.617 0.167 2.795,
						0.893 0.303 2.795
					]
				}
				coordIndex
				[
					0, 1, 2, -1,
					2, 1, 3, -1,
					2, 3, 4, -1,
					4, 3, 5, -1,
					4, 5, 6, -1,
					6, 7, 4, -1,
					4, 7, 8, -1,
					4, 8, 9, -1,
					9, 8, 10, -1,
					9, 10, 11, -1,
					11, 10, 12, -1,
					8, 7, 13, -1,
					13, 7, 14, -1,
					13, 14, 15, -1,
					16, 17, 15, -1,
					15, 17, 8, -1,
					15, 8, 13, -1,
					16, 18, 17, -1,
					17, 18, 19, -1,
					17, 19, 20, -1,
					20, 19, 21, -1,
					20, 21, 22, -1,
					22, 23, 20, -1,
					20, 23, 17, -1,
					23, 24, 17, -1,
					17, 24, 25, -1,
					17, 25, 10, -1,
					10, 25, 26, -1,
					10, 26, 12, -1,
					24, 26, 25, -1,
					11, 27, 9, -1,
					9, 27, 4, -1,
					27, 28, 4, -1,
					4, 28, 2, -1,
					28, 0, 2, -1,
					8, 17, 10, -1
				]
				normal Normal
				{
					vector
					[
						0.546 -0.687 0.480,
						0.608 -0.567 0.556,
						0.580 -0.549 0.602,
						0.547 -0.489 0.680,
						0.304 -0.642 0.704,
						0.477 -0.437 0.763,
						0.329 -0.380 0.864,
						0.165 -0.354 0.921,
						-0.000 -0.674 0.739,
						0.304 -0.853 0.425,
						-0.000 -0.895 0.446,
						0.165 -0.923 0.347,
						0.000 -0.940 0.340,
						0.000 -0.361 0.932,
						-0.000 -0.347 0.938,
						-0.165 -0.354 0.921,
						-0.329 -0.380 0.864,
						-0.304 -0.642 0.704,
						-0.477 -0.437 0.763,
						-0.547 -0.489 0.680,
						-0.580 -0.549 0.602,
						-0.608 -0.567 0.556,
						-0.546 -0.687 0.480,
						-0.476 -0.768 0.428,
						-0.329 -0.868 0.373,
						-0.304 -0.853 0.425,
						-0.165 -0.923 0.347,
						0.329 -0.868 0.373,
						0.476 -0.768 0.428
					]
				}
				normalIndex
				[
					0, 1, 2, -1,
					2, 1, 3, -1,
					2, 3, 4, -1,
					4, 3, 5, -1,
					4, 5, 6, -1,
					6, 7, 4, -1,
					4, 7, 8, -1,
					4, 8, 9, -1,
					9, 8, 10, -1,
					9, 10, 11, -1,
					11, 10, 12, -1,
					8, 7, 13, -1,
					13, 7, 14, -1,
					13, 14, 15, -1,
					16, 17, 15, -1,
					15, 17, 8, -1,
					15, 8, 13, -1,
					16, 18, 17, -1,
					17, 18, 19, -1,
					17, 19, 20, -1,
					20, 19, 21, -1,
					20, 21, 22, -1,
					22, 23, 20, -1,
					20, 23, 17, -1,
					23, 24, 17, -1,
					17, 24, 25, -1,
					17, 25, 10, -1,
					10, 25, 26, -1,
					10, 26, 12, -1,
					24, 26, 25, -1,
					11, 27, 9, -1,
					9, 27, 4, -1,
					27, 28, 4, -1,
					4, 28, 2, -1,
					28, 0, 2, -1,
					8, 17, 10, -1
				]
			}
		}
		Shape
		{
			appearance Appearance
			{
				material Material
				{
					diffuseColor 0.859 0.675 0.204
				}
			}
			geometry IndexedFaceSet
			{
				creaseAngle 0.5
				solid TRUE
				coord Coordinate
				{
					point
					[
						1.529 -0.398 2.285,
						1.529 -0.398 2.795,
						1.522 -0.450 2.285,
						1.522 -0.450 2.795,
						1.502 -0.498 2.795,
						1.502 -0.498 2.285,
						1.471 -0.539 2.795,
						1.471 -0.539 2.285,
						1.429 -0.571 2.795,
						1.429 -0.571 2.285,
						1.381 -0.591 2.285,
						1.381 -0.591 2.795,
						1.329 -0.598 2.795,
						1.329 -0.598 2.285
					]
				}
				coordIndex
				[
					0, 1, 2, -1,
					2, 1, 3, -1,
					2, 3, 4, -1,
					2, 4, 5, -1,
					5, 4, 6, -1,
					5, 6, 7, -1,
					7, 6, 8, -1,
					7, 8, 9, -1,
					9, 8, 10, -1,
					8, 11, 10, -1,
					10, 11, 12, -1,
					10, 12, 13, -1
				]
				normal Normal
				{
					vector
					[
						1.000 -0.000 0.000,
						0.966 -0.259 0.000,
						0.866 -0.500 0.000,
						0.707 -0.707 0.000,
						0.500 -0.866 0.000,
						0.259 -0.966 0.000,
						0.000 -1.000 0.000
					]
				}
				normalIndex
				[
					0, 0, 1, -1,
					1, 0, 1, -1,
					1, 1, 2, -1,
					1, 2, 2, -1,
					2, 2, 3, -1,
					2, 3, 3, -1,
					3, 3, 4, -1,
					3, 4, 4, -1,
					4, 4, 5, -1,
					4, 5, 5, -1,
					5, 5, 6, -1,
					5, 6, 6, -1
				]
			}
		}
		Shape
		{
			appearance Appearance
			{
				material Material
				{
					diffuseColor 0.859 0.675 0.204
				}
			}
			geometry IndexedFaceSet
			{
				creaseAngle 0.5
				solid TRUE
				coord Coordinate
				{
					point
					[
						1.329 -0.598 2.795,
						-2.850 -0.598 2.795,
						1.329 -0.598 2.285,
						-2.850 -0.598 2.285
					]
				}
				coordIndex
				[
					0, 1, 2, -1,
					2, 1, 3, -1
				]
				normal Normal
				{
					vector
					[
						0.000 -1.000 0.000
					]
				}
				normalIndex
				[
					0, 0, 0, -1,
					0, 0, 0, -1
				]
			}
		}
		Shape
		{
			appearance Appearance
			{
				material Material
				{
					diffuseColor 0.859 0.675 0.204
				}
			}
			geometry IndexedFaceSet
			{
				creaseAngle 0.5
				solid TRUE
				coord Coordinate
				{
					point
					[
						-2.850 -0.598 2.795,
						-2.902 -0.591 2.795,
						-2.850 -0.598 2.285,
						-2.902 -0.591 2.285,
						-2.950 -0.571 2.285,
						-2.950 -0.571 2.795,
						-2.991 -0.539 2.795,
						-2.991 -0.539 2.285,
						-3.023 -0.498 2.795,
						-3.023 -0.498 2.285,
						-3.043 -0.450 2.795,
						-3.043 -0.450 2.285,
						-3.050 -0.398 2.285,
						-3.050 -0.398 2.795
					]
				}
				coordIndex
				[
					0, 1, 2, -1,
					2, 1, 3, -1,
					3, 1, 4, -1,
					4, 1, 5, -1,
					4, 5, 6, -1,
					4, 6, 7, -1,
					7, 6, 8, -1,
					7, 8, 9, -1,
					9, 8, 10, -1,
					9, 10, 11, -1,
					11, 10, 12, -1,
					10, 13, 12, -1
				]
				normal Normal
				{
					vector
					[
						0.000 -1.000 0.000,
						-0.259 -0.966 0.000,
						-0.500 -0.866 0.000,
						-0.707 -0.707 0.000,
						-0.866 -0.500 0.000,
						-0.966 -0.259 0.000,
						-1.000 0.000 0.000
					]
				}
				normalIndex
				[
					0, 1, 0, -1,
					0, 1, 1, -1,
					1, 1, 2, -1,
					2, 1, 2, -1,
					2, 2, 3, -1,
					2, 3, 3, -1,
					3, 3, 4, -1,
					3, 4, 4, -1,
					4, 4, 5, -1,
					4, 5, 5, -1,
					5, 5, 6, -1,
					5, 6, 6, -1
				]
			}
		}
		Shape
		{
			appearance Appearance
			{
				material Material
				{
					diffuseColor 0.859 0.675 0.204
				}
			}
			geometry IndexedFaceSet
			{
				creaseAngle 0.5
				solid TRUE
				coord Coordinate
				{
					point
					[
						-3.050 -0.398 2.795,
						-3.050 -0.310 2.795,
						-3.050 -0.398 2.285,
						-3.050 -0.310 2.285
					]
				}
				coordIndex
				[
					0, 1, 2, -1,
					2, 1, 3, -1
				]
				normal Normal
				{
					vector
					[
						-1.000 -0.000 0.000
					]
				}
				normalIndex
				[
					0, 0, 0, -1,
					0, 0, 0, -1
				]
			}
		}
		Shape
		{
			appearance Appearance
			{
				material Material
				{
					diffuseColor 0.859 0.675 0.204
				}
			}
			geometry IndexedFaceSet
			{
				creaseAngle 0.5
				solid TRUE
				coord Coordinate
				{
					point
					[
						-3.050 -0.310 2.795,
						-3.053 -0.284 2.795,
						-3.050 -0.310 2.285,
						-3.053 -0.284 2.285,
						-3.063 -0.260 2.795,
						-3.063 -0.260 2.285,
						-3.079 -0.239 2.285,
						-3.079 -0.239 2.795,
						-3.100 -0.223 2.795,
						-3.100 -0.223 2.285,
						-3.124 -0.213 2.795,
						-3.124 -0.213 2.285,
						-3.150 -0.210 2.285,
						-3.150 -0.210 2.795
					]
				}
				coordIndex
				[
					0, 1, 2, -1,
					2, 1, 3, -1,
					1, 4, 3, -1,
					3, 4, 5, -1,
					5, 4, 6, -1,
					6, 4, 7, -1,
					6, 7, 8, -1,
					6, 8, 9, -1,
					9, 8, 10, -1,
					9, 10, 11, -1,
					11, 10, 12, -1,
					10, 13, 12, -1
				]
				normal Normal
				{
					vector
					[
						-1.000 -0.000 -0.000,
						-0.966 -0.259 -0.000,
						-0.866 -0.500 -0.000,
						-0.707 -0.707 -0.000,
						-0.500 -0.866 -0.000,
						-0.259 -0.966 -0.000,
						-0.000 -1.000 -0.000
					]
				}
				normalIndex
				[
					0, 1, 0, -1,
					0, 1, 1, -1,
					1, 2, 1, -1,
					1, 2, 2, -1,
					2, 2, 3, -1,
					3, 2, 3, -1,
					3, 3, 4, -1,
					3, 4, 4, -1,
					4, 4, 5, -1,
					4, 5, 5, -1,
					5, 5, 6, -1,
					5, 6, 6, -1
				]
			}
		}
		Shape
		{
			appearance Appearance
			{
				material Material
				{
					diffuseColor 0.859 0.675 0.204
				}
			}
			geometry IndexedFaceSet
			{
				creaseAngle 0.5
				solid TRUE
				coord Coordinate
				{
					point
					[
						-3.150 -0.210 2.795,
						-5.970 -0.210 2.795,
						-3.150 -0.210 2.285,
						-5.970 -0.210 2.285
					]
				}
				coordIndex
				[
					0, 1, 2, -1,
					2, 1, 3, -1
				]
				normal Normal
				{
					vector
					[
						0.000 -1.000 0.000
					]
				}
				normalIndex
				[
					0, 0, 0, -1,
					0, 0, 0, -1
				]
			}
		}
		Shape
		{
			appearance Appearance
			{
				material Material
				{
					diffuseColor 0.859 0.675 0.204
				}
			}
			geometry IndexedFaceSet
			{
				creaseAngle 0.5
				solid TRUE
				coord Coordinate
				{
					point
					[
						-5.970 -0.210 2.795,
						-6.068 -0.197 2.795,
						-5.970 -0.210 2.285,
						-6.068 -0.197 2.285,
						-6.160 -0.159 2.285,
						-6.160 -0.159 2.795,
						-6.239 -0.099 2.795,
						-6.239 -0.099 2.285,
						-6.299 -0.020 2.795,
						-6.299 -0.020 2.285,
						-6.337 0.072 2.795,
						-6.337 0.072 2.285,
						-6.350 0.170 2.285,
						-6.350 0.170 2.795,
						-6.337 0.268 2.795,
						-6.337 0.268 2.285,
						-6.299 0.360 2.795,
						-6.299 0.360 2.285,
						-6.239 0.439 2.285,
						-6.239 0.439 2.795,
						-6.160 0.499 2.795,
						-6.160 0.499 2.285,
						-6.068 0.537 2.795,
						-6.068 0.537 2.285,
						-5.970 0.550 2.285,
						-5.970 0.550 2.795
					]
				}
				coordIndex
				[
					0, 1, 2, -1,
					2, 1, 3, -1,
					3, 1, 4, -1,
					4, 1, 5, -1,
					4, 5, 6, -1,
					4, 6, 7, -1,
					7, 6, 8, -1,
					7, 8, 9, -1,
					9, 8, 10, -1,
					9, 10, 11, -1,
					11, 10, 12, -1,
					10, 13, 12, -1,
					12, 13, 14, -1,
					12, 14, 15, -1,
					15, 14, 16, -1,
					15, 16, 17, -1,
					17, 16, 18, -1,
					16, 19, 18, -1,
					18, 19, 20, -1,
					18, 20, 21, -1,
					21, 20, 22, -1,
					21, 22, 23, -1,
					23, 22, 24, -1,
					22, 25, 24, -1
				]
				normal Normal
				{
					vector
					[
						0.000 -1.000 0.000,
						-0.259 -0.966 0.000,
						-0.500 -0.866 0.000,
						-0.707 -0.707 0.000,
						-0.866 -0.500 0.000,
						-0.966 -0.259 0.000,
						-1.000 -0.000 0.000,
						-0.966 0.259 0.000,
						-0.866 0.500 0.000,
						-0.707 0.707 0.000,
						-0.500 0.866 0.000,
						-0.259 0.966 0.000,
						0.000 1.000 0.000
					]
				}
				normalIndex
				[
					0, 1, 0, -1,
					0, 1, 1, -1,
					1, 1, 2, -1,
					2, 1, 2, -1,
					2, 2, 3, -1,
					2, 3, 3, -1,
					3, 3, 4, -1,
					3, 4, 4, -1,
					4, 4, 5, -1,
					4, 5, 5, -1,
					5, 5, 6, -1,
					5, 6, 6, -1,
					6, 6, 7, -1,
					6, 7, 7, -1,
					7, 7, 8, -1,
					7, 8, 8, -1,
					8, 8, 9, -1,
					8, 9, 9, -1,
					9, 9, 10, -1,
					9, 10, 10, -1,
					10, 10, 11, -1,
					10, 11, 11, -1,
					11, 11, 12, -1,
					11, 12, 12, -1
				]
			}
		}
		Shape
		{
			appearance Appearance
			{
				material Material
				{
					diffuseColor 0.859 0.675 0.204
				}
			}
			geometry IndexedFaceSet
			{
				creaseAngle 0.5
				solid TRUE
				coord Coordinate
				{
					point
					[
						-5.970 0.550 2.795,
						-2.550 0.550 2.795,
						-5.970 0.550 2.285,
						-2.550 0.550 2.285
					]
				}
				coordIndex
				[
					0, 1, 2, -1,
					2, 1, 3, -1
				]
				normal Normal
				{
					vector
					[
						-0.000 1.000 0.000
					]
				}
				normalIndex
				[
					0, 0, 0, -1,
					0, 0, 0, -1
				]
			}
		}
		Shape
		{
			appearance Appearance
			{
				material Material
				{
					diffuseColor 0.859 0.675 0.204
				}
			}
			geometry IndexedFaceSet
			{
				creaseAngle 0.5
				solid TRUE
				coord Coordinate
				{
					point
					[
						-2.550 0.550 2.795,
						-2.550 0.360 2.795,
						-2.550 0.550 2.285,
						-2.550 0.360 2.285
					]
				}
				coordIndex
				[
					0, 1, 2, -1,
					2, 1, 3, -1
				]
				normal Normal
				{
					vector
					[
						1.000 0.000 0.000
					]
				}
				normalIndex
				[
					0, 0, 0, -1,
					0, 0, 0, -1
				]
			}
		}
		Shape
		{
			appearance Appearance
			{
				material Material
				{
					diffuseColor 0.859 0.675 0.204
				}
			}
			geometry IndexedFaceSet
			{
				creaseAngle 0.5
				solid TRUE
				coord Coordinate
				{
					point
					[
						-2.550 0.360 2.285,
						-2.550 0.360 2.795,
						-2.540 0.282 2.285,
						-2.540 0.282 2.795,
						-2.510 0.210 2.795,
						-2.510 0.210 2.285,
						-2.462 0.148 2.795,
						-2.462 0.148 2.285,
						-2.400 0.100 2.795,
						-2.400 0.100 2.285,
						-2.328 0.070 2.285,
						-2.328 0.070 2.795,
						-2.250 0.060 2.795,
						-2.250 0.060 2.285,
						-2.172 0.070 2.795,
						-2.172 0.070 2.285,
						-2.100 0.100 2.285,
						-2.100 0.100 2.795,
						-2.038 0.148 2.795,
						-2.038 0.148 2.285,
						-1.990 0.210 2.795,
						-1.990 0.210 2.285,
						-1.960 0.282 2.795,
						-1.960 0.282 2.285,
						-1.950 0.360 2.285,
						-1.950 0.360 2.795
					]
				}
				coordIndex
				[
					0, 1, 2, -1,
					2, 1, 3, -1,
					2, 3, 4, -1,
					2, 4, 5, -1,
					5, 4, 6, -1,
					5, 6, 7, -1,
					7, 6, 8, -1,
					7, 8, 9, -1,
					9, 8, 10, -1,
					8, 11, 10, -1,
					10, 11, 12, -1,
					10, 12, 13, -1,
					13, 12, 14, -1,
					13, 14, 15, -1,
					15, 14, 16, -1,
					14, 17, 16, -1,
					16, 17, 18, -1,
					16, 18, 19, -1,
					19, 18, 20, -1,
					19, 20, 21, -1,
					21, 20, 22, -1,
					21, 22, 23, -1,
					23, 22, 24, -1,
					22, 25, 24, -1
				]
				normal Normal
				{
					vector
					[
						1.000 0.000 -0.000,
						0.966 0.259 -0.000,
						0.866 0.500 -0.000,
						0.707 0.707 -0.000,
						0.500 0.866 -0.000,
						0.259 0.966 -0.000,
						-0.000 1.000 -0.000,
						-0.259 0.966 -0.000,
						-0.500 0.866 -0.000,
						-0.707 0.707 -0.000,
						-0.866 0.500 -0.000,
						-0.966 0.259 -0.000,
						-1.000 -0.000 -0.000
					]
				}
				normalIndex
				[
					0, 0, 1, -1,
					1, 0, 1, -1,
					1, 1, 2, -1,
					1, 2, 2, -1,
					2, 2, 3, -1,
					2, 3, 3, -1,
					3, 3, 4, -1,
					3, 4, 4, -1,
					4, 4, 5, -1,
					4, 5, 5, -1,
					5, 5, 6, -1,
					5, 6, 6, -1,
					6, 6, 7, -1,
					6, 7, 7, -1,
					7, 7, 8, -1,
					7, 8, 8, -1,
					8, 8, 9, -1,
					8, 9, 9, -1,
					9, 9, 10, -1,
					9, 10, 10, -1,
					10, 10, 11, -1,
					10, 11, 11, -1,
					11, 11, 12, -1,
					11, 12, 12, -1
				]
			}
		}
		Shape
		{
			appearance Appearance
			{
				material Material
				{
					diffuseColor 0.859 0.675 0.204
				}
			}
			geometry IndexedFaceSet
			{
				creaseAngle 0.5
				solid TRUE
				coord Coordinate
				{
					point
					[
						-1.950 0.500 2.285,
						-1.950 0.360 2.285,
						-1.950 0.500 2.795,
						-1.950 0.360 2.795
					]
				}
				coordIndex
				[
					0, 1, 2, -1,
					2, 1, 3, -1
				]
				normal Normal
				{
					vector
					[
						-1.000 -0.000 0.000
					]
				}
				normalIndex
				[
					0, 0, 0, -1,
					0, 0, 0, -1
				]
			}
		}
		Shape
		{
			appearance Appearance
			{
				material Material
				{
					diffuseColor 0.859 0.675 0.204
				}
			}
			geometry IndexedFaceSet
			{
				creaseAngle 0.5
				solid TRUE
				coord Coordinate
				{
					point
					[
						-1.950 0.500 2.795,
						-1.950 0.360 2.795,
						-1.139 0.500 2.795,
						-1.960 0.282 2.795,
						-1.025 0.395 2.795,
						-1.990 0.210 2.795,
						-0.893 0.303 2.795,
						-2.038 0.148 2.795,
						-2.100 0.100 2.795,
						-2.172 0.070 2.795,
						-2.850 -0.598 2.795,
						-0.617 0.167 2.795,
						-2.250 0.060 2.795,
						-2.328 0.070 2.795,
						-2.400 0.100 2.795,
						-3.053 -0.284 2.795,
						-2.462 0.148 2.795,
						-3.063 -0.260 2.795,
						-2.510 0.210 2.795,
						-3.079 -0.239 2.795,
						-3.100 -0.223 2.795,
						-2.540 0.282 2.795,
						-3.124 -0.213 2.795,
						-2.550 0.360 2.795,
						-3.150 -0.210 2.795,
						-2.550 0.550 2.795,
						-5.970 0.550 2.795,
						-5.970 -0.210 2.795,
						-6.068 -0.197 2.795,
						-6.068 0.537 2.795,
						-6.160 -0.159 2.795,
						-6.160 0.499 2.795,
						-6.239 -0.099 2.795,
						-6.239 0.439 2.795,
						-6.299 -0.020 2.795,
						-6.299 0.360 2.795,
						-6.337 0.072 2.795,
						-6.337 0.268 2.795,
						-6.350 0.170 2.795,
						-3.050 -0.310 2.795,
						-3.050 -0.398 2.795,
						-2.902 -0.591 2.795,
						-2.950 -0.571 2.795,
						-3.043 -0.450 2.795,
						-3.023 -0.498 2.795,
						-2.991 -0.539 2.795,
						-0.309 0.082 2.795,
						1.329 -0.598 2.795,
						0.000 0.055 2.795,
						0.309 0.082 2.795,
						1.381 -0.591 2.795,
						1.429 -0.571 2.795,
						1.471 -0.539 2.795,
						1.502 -0.498 2.795,
						1.522 -0.450 2.795,
						1.529 -0.398 2.795,
						0.893 0.303 2.795,
						1.025 0.395 2.795,
						1.529 0.500 2.795,
						1.139 0.500 2.795,
						0.617 0.167 2.795
					]
				}
				coordIndex
				[
					0, 1, 2, -1,
					2, 1, 3, -1,
					2, 3, 4, -1,
					4, 3, 5, -1,
					4, 5, 6, -1,
					6, 5, 7, -1,
					6, 7, 8, -1,
					9, 10, 8, -1,
					8, 10, 11, -1,
					8, 11, 6, -1,
					9, 12, 10, -1,
					10, 12, 13, -1,
					10, 13, 14, -1,
					10, 14, 15, -1,
					15, 14, 16, -1,
					15, 16, 17, -1,
					17, 16, 18, -1,
					17, 18, 19, -1,
					19, 18, 20, -1,
					18, 21, 20, -1,
					20, 21, 22, -1,
					21, 23, 22, -1,
					22, 23, 24, -1,
					23, 25, 24, -1,
					24, 25, 26, -1,
					24, 26, 27, -1,
					27, 26, 28, -1,
					26, 29, 28, -1,
					28, 29, 30, -1,
					29, 31, 30, -1,
					30, 31, 32, -1,
					31, 33, 32, -1,
					32, 33, 34, -1,
					33, 35, 34, -1,
					34, 35, 36, -1,
					35, 37, 36, -1,
					36, 37, 38, -1,
					15, 39, 10, -1,
					10, 39, 40, -1,
					10, 40, 41, -1,
					41, 40, 42, -1,
					43, 44, 40, -1,
					40, 44, 45, -1,
					40, 45, 42, -1,
					11, 10, 46, -1,
					46, 10, 47, -1,
					46, 47, 48, -1,
					48, 47, 49, -1,
					50, 51, 47, -1,
					47, 51, 52, -1,
					47, 52, 53, -1,
					53, 54, 47, -1,
					47, 54, 55, -1,
					47, 55, 56, -1,
					56, 55, 57, -1,
					55, 58, 57, -1,
					57, 58, 59, -1,
					56, 60, 47, -1,
					47, 60, 49, -1
				]
				normal Normal
				{
					vector
					[
						0.000 0.000 1.000
					]
				}
				normalIndex
				[
					0, 0, 0, -1,
					0, 0, 0, -1,
					0, 0, 0, -1,
					0, 0, 0, -1,
					0, 0, 0, -1,
					0, 0, 0, -1,
					0, 0, 0, -1,
					0, 0, 0, -1,
					0, 0, 0, -1,
					0, 0, 0, -1,
					0, 0, 0, -1,
					0, 0, 0, -1,
					0, 0, 0, -1,
					0, 0, 0, -1,
					0, 0, 0, -1,
					0, 0, 0, -1,
					0, 0, 0, -1,
					0, 0, 0, -1,
					0, 0, 0, -1,
					0, 0, 0, -1,
					0, 0, 0, -1,
					0, 0, 0, -1,
					0, 0, 0, -1,
					0, 0, 0, -1,
					0, 0, 0, -1,
					0, 0, 0, -1,
					0, 0, 0, -1,
					0, 0, 0, -1,
					0, 0, 0, -1,
					0, 0, 0, -1,
					0, 0, 0, -1,
					0, 0, 0, -1,
					0, 0, 0, -1,
					0, 0, 0, -1,
					0, 0, 0, -1,
					0, 0, 0, -1,
					0, 0, 0, -1,
					0, 0, 0, -1,
					0, 0, 0, -1,
					0, 0, 0, -1,
					0, 0, 0, -1,
					0, 0, 0, -1,
					0, 0, 0, -1,
					0, 0, 0, -1,
					0, 0, 0, -1,
					0, 0, 0, -1,
					0, 0, 0, -1,
					0, 0, 0, -1,
					0, 0, 0, -1,
					0, 0, 0, -1,
					0, 0, 0, -1,
					0, 0, 0, -1,
					0, 0, 0, -1,
					0, 0, 0, -1,
					0, 0, 0, -1,
					0, 0, 0, -1,
					0, 0, 0, -1,
					0, 0, 0, -1,
					0, 0, 0, -1
				]
			}
		}
		Shape
		{
			appearance Appearance
			{
				material Material
				{
					diffuseColor 1.000 0.000 0.000
				}
			}
			geometry IndexedFaceSet
			{
				creaseAngle 0.5
				solid TRUE
				coord Coordinate
				{
					point
					[
						-1.139 0.500 -2.795,
						-1.025 0.500 -2.901,
						-1.025 0.395 -2.795,
						-0.893 0.303 -2.795,
						-0.894 0.500 -2.994,
						-0.570 0.232 -2.938,
						-0.617 0.167 -2.795,
						-0.309 0.082 -2.795,
						-0.570 0.412 -3.102,
						-0.617 0.500 -3.131,
						-0.310 0.500 -3.216,
						0.000 0.365 -3.178,
						0.000 0.500 -3.243,
						0.310 0.500 -3.216,
						0.570 0.412 -3.102,
						0.617 0.500 -3.131,
						0.894 0.500 -2.994,
						1.139 0.500 -2.795,
						1.025 0.395 -2.795,
						1.025 0.500 -2.901,
						0.893 0.303 -2.795,
						0.570 0.232 -2.938,
						0.000 0.161 -2.992,
						0.617 0.167 -2.795,
						0.309 0.082 -2.795,
						0.000 0.055 -2.795
					]
				}
				coordIndex
				[
					0, 1, 2, -1,
					2, 1, 3, -1,
					1, 4, 3, -1,
					3, 4, 5, -1,
					3, 5, 6, -1,
					6, 5, 7, -1,
					5, 4, 8, -1,
					8, 4, 9, -1,
					8, 9, 10, -1,
					8, 10, 11, -1,
					11, 10, 12, -1,
					11, 12, 13, -1,
					11, 13, 14, -1,
					14, 13, 15, -1,
					14, 15, 16, -1,
					17, 18, 19, -1,
					19, 18, 20, -1,
					19, 20, 16, -1,
					16, 20, 21, -1,
					16, 21, 14, -1,
					14, 21, 22, -1,
					14, 22, 11, -1,
					11, 22, 5, -1,
					11, 5, 8, -1,
					20, 23, 21, -1,
					21, 23, 24, -1,
					21, 24, 22, -1,
					22, 24, 25, -1,
					22, 25, 7, -1,
					5, 22, 7, -1
				]
				normal Normal
				{
					vector
					[
						-0.608 -0.567 -0.556,
						-0.547 -0.489 -0.680,
						-0.546 -0.687 -0.480,
						-0.476 -0.768 -0.428,
						-0.477 -0.437 -0.763,
						-0.304 -0.760 -0.574,
						-0.329 -0.868 -0.373,
						-0.165 -0.923 -0.347,
						-0.304 -0.501 -0.810,
						-0.329 -0.380 -0.864,
						-0.165 -0.354 -0.921,
						0.000 -0.526 -0.850,
						0.000 -0.347 -0.938,
						0.165 -0.354 -0.921,
						0.304 -0.501 -0.810,
						0.329 -0.380 -0.864,
						0.477 -0.437 -0.763,
						0.608 -0.567 -0.556,
						0.546 -0.687 -0.480,
						0.547 -0.489 -0.680,
						0.476 -0.768 -0.428,
						0.304 -0.760 -0.574,
						0.000 -0.798 -0.603,
						0.329 -0.868 -0.373,
						0.165 -0.923 -0.347,
						0.000 -0.940 -0.340
					]
				}
				normalIndex
				[
					0, 1, 2, -1,
					2, 1, 3, -1,
					1, 4, 3, -1,
					3, 4, 5, -1,
					3, 5, 6, -1,
					6, 5, 7, -1,
					5, 4, 8, -1,
					8, 4, 9, -1,
					8, 9, 10, -1,
					8, 10, 11, -1,
					11, 10, 12, -1,
					11, 12, 13, -1,
					11, 13, 14, -1,
					14, 13, 15, -1,
					14, 15, 16, -1,
					17, 18, 19, -1,
					19, 18, 20, -1,
					19, 20, 16, -1,
					16, 20, 21, -1,
					16, 21, 14, -1,
					14, 21, 22, -1,
					14, 22, 11, -1,
					11, 22, 5, -1,
					11, 5, 8, -1,
					20, 23, 21, -1,
					21, 23, 24, -1,
					21, 24, 22, -1,
					22, 24, 25, -1,
					22, 25, 7, -1,
					5, 22, 7, -1
				]
			}
		}
		Shape
		{
			appearance Appearance
			{
				material Material
				{
					diffuseColor 0.859 0.675 0.204
				}
			}
			geometry IndexedFaceSet
			{
				creaseAngle 0.5
				solid TRUE
				coord Coordinate
				{
					point
					[
						-1.950 0.500 -2.795,
						-1.139 0.500 -2.795,
						-1.950 0.360 -2.795,
						-1.960 0.282 -2.795,
						-1.025 0.395 -2.795,
						-1.990 0.210 -2.795,
						-0.893 0.303 -2.795,
						-2.038 0.148 -2.795,
						-2.100 0.100 -2.795,
						-0.617 0.167 -2.795,
						-2.850 -0.598 -2.795,
						-0.309 0.082 -2.795,
						1.329 -0.598 -2.795,
						0.000 0.055 -2.795,
						0.309 0.082 -2.795,
						0.617 0.167 -2.795,
						0.893 0.303 -2.795,
						1.529 -0.398 -2.795,
						1.025 0.395 -2.795,
						1.529 0.500 -2.795,
						1.139 0.500 -2.795,
						1.522 -0.450 -2.795,
						1.502 -0.498 -2.795,
						1.471 -0.539 -2.795,
						1.429 -0.571 -2.795,
						1.381 -0.591 -2.795,
						-2.902 -0.591 -2.795,
						-3.050 -0.398 -2.795,
						-3.050 -0.310 -2.795,
						-3.053 -0.284 -2.795,
						-2.950 -0.571 -2.795,
						-2.991 -0.539 -2.795,
						-3.023 -0.498 -2.795,
						-3.043 -0.450 -2.795,
						-3.079 -0.239 -2.795,
						-2.510 0.210 -2.795,
						-3.063 -0.260 -2.795,
						-2.462 0.148 -2.795,
						-2.400 0.100 -2.795,
						-2.328 0.070 -2.795,
						-2.250 0.060 -2.795,
						-3.100 -0.223 -2.795,
						-2.540 0.282 -2.795,
						-3.124 -0.213 -2.795,
						-2.550 0.360 -2.795,
						-3.150 -0.210 -2.795,
						-2.550 0.550 -2.795,
						-5.970 0.550 -2.795,
						-5.970 -0.210 -2.795,
						-6.068 0.537 -2.795,
						-6.068 -0.197 -2.795,
						-6.160 0.499 -2.795,
						-6.160 -0.159 -2.795,
						-6.239 0.439 -2.795,
						-6.239 -0.099 -2.795,
						-6.299 0.360 -2.795,
						-6.299 -0.020 -2.795,
						-6.337 0.268 -2.795,
						-6.337 0.072 -2.795,
						-6.350 0.170 -2.795,
						-2.172 0.070 -2.795
					]
				}
				coordIndex
				[
					0, 1, 2, -1,
					2, 1, 3, -1,
					1, 4, 3, -1,
					3, 4, 5, -1,
					4, 6, 5, -1,
					5, 6, 7, -1,
					7, 6, 8, -1,
					8, 6, 9, -1,
					8, 9, 10, -1,
					10, 9, 11, -1,
					10, 11, 12, -1,
					12, 11, 13, -1,
					12, 13, 14, -1,
					14, 15, 12, -1,
					12, 15, 16, -1,
					12, 16, 17, -1,
					17, 16, 18, -1,
					17, 18, 19, -1,
					19, 18, 20, -1,
					17, 21, 12, -1,
					12, 21, 22, -1,
					12, 22, 23, -1,
					23, 24, 12, -1,
					12, 24, 25, -1,
					26, 27, 10, -1,
					10, 27, 28, -1,
					10, 28, 29, -1,
					26, 30, 27, -1,
					27, 30, 31, -1,
					27, 31, 32, -1,
					32, 33, 27, -1,
					34, 35, 36, -1,
					36, 35, 37, -1,
					36, 37, 29, -1,
					29, 37, 38, -1,
					29, 38, 10, -1,
					10, 38, 39, -1,
					10, 39, 40, -1,
					34, 41, 35, -1,
					35, 41, 42, -1,
					41, 43, 42, -1,
					42, 43, 44, -1,
					43, 45, 44, -1,
					44, 45, 46, -1,
					46, 45, 47, -1,
					47, 45, 48, -1,
					47, 48, 49, -1,
					49, 48, 50, -1,
					49, 50, 51, -1,
					51, 50, 52, -1,
					51, 52, 53, -1,
					53, 52, 54, -1,
					53, 54, 55, -1,
					55, 54, 56, -1,
					55, 56, 57, -1,
					57, 56, 58, -1,
					57, 58, 59, -1,
					40, 60, 10, -1,
					10, 60, 8, -1
				]
				normal Normal
				{
					vector
					[
						-0.000 -0.000 -1.000
					]
				}
				normalIndex
				[
					0, 0, 0, -1,
					0, 0, 0, -1,
					0, 0, 0, -1,
					0, 0, 0, -1,
					0, 0, 0, -1,
					0, 0, 0, -1,
					0, 0, 0, -1,
					0, 0, 0, -1,
					0, 0, 0, -1,
					0, 0, 0, -1,
					0, 0, 0, -1,
					0, 0, 0, -1,
					0, 0, 0, -1,
					0, 0, 0, -1,
					0, 0, 0, -1,
					0, 0, 0, -1,
					0, 0, 0, -1,
					0, 0, 0, -1,
					0, 0, 0, -1,
					0, 0, 0, -1,
					0, 0, 0, -1,
					0, 0, 0, -1,
					0, 0, 0, -1,
					0, 0, 0, -1,
					0, 0, 0, -1,
					0, 0, 0, -1,
					0, 0, 0, -1,
					0, 0, 0, -1,
					0, 0, 0, -1,
					0, 0, 0, -1,
					0, 0, 0, -1,
					0, 0, 0, -1,
					0, 0, 0, -1,
					0, 0, 0, -1,
					0, 0, 0, -1,
					0, 0, 0, -1,
					0, 0, 0, -1,
					0, 0, 0, -1,
					0, 0, 0, -1,
					0, 0, 0, -1,
					0, 0, 0, -1,
					0, 0, 0, -1,
					0, 0, 0, -1,
					0, 0, 0, -1,
					0, 0, 0, -1,
					0, 0, 0, -1,
					0, 0, 0, -1,
					0, 0, 0, -1,
					0, 0, 0, -1,
					0, 0, 0, -1,
					0, 0, 0, -1,
					0, 0, 0, -1,
					0, 0, 0, -1,
					0, 0, 0, -1,
					0, 0, 0, -1,
					0, 0, 0, -1,
					0, 0, 0, -1,
					0, 0, 0, -1,
					0, 0, 0, -1
				]
			}
		}
		Shape
		{
			appearance Appearance
			{
				material Material
				{
					diffuseColor 0.859 0.675 0.204
				}
			}
			geometry IndexedFaceSet
			{
				creaseAngle 0.5
				solid TRUE
				coord Coordinate
				{
					point
					[
						1.529 0.500 -2.285,
						1.529 -0.398 -2.285,
						1.529 0.500 -2.795,
						1.529 -0.398 -2.795
					]
				}
				coordIndex
				[
					0, 1, 2, -1,
					2, 1, 3, -1
				]
				normal Normal
				{
					vector
					[
						1.000 0.000 0.000
					]
				}
				normalIndex
				[
					0, 0, 0, -1,
					0, 0, 0, -1
				]
			}
		}
		Shape
		{
			appearance Appearance
			{
				material Material
				{
					diffuseColor 1.000 0.000 0.000
				}
			}
			geometry IndexedFaceSet
			{
				creaseAngle 0.5
				solid TRUE
				coord Coordinate
				{
					point
					[
						1.025 0.395 -2.285,
						1.139 0.500 -2.285,
						1.087 0.489 -2.242,
						1.025 0.500 -2.179,
						0.570 0.315 -2.051,
						0.894 0.500 -2.086,
						0.617 0.500 -1.949,
						0.310 0.500 -1.864,
						0.000 0.255 -1.986,
						0.570 0.168 -2.245,
						0.000 0.089 -2.206,
						0.309 0.082 -2.285,
						0.000 0.055 -2.285,
						0.000 0.489 -1.841,
						0.000 0.500 -1.837,
						-0.310 0.500 -1.864,
						-0.617 0.500 -1.949,
						-0.570 0.315 -2.051,
						-0.894 0.500 -2.086,
						-1.025 0.500 -2.179,
						-1.087 0.489 -2.242,
						-1.139 0.500 -2.285,
						-1.025 0.395 -2.285,
						-0.893 0.303 -2.285,
						-0.617 0.167 -2.285,
						-0.570 0.168 -2.245,
						-0.309 0.082 -2.285,
						0.617 0.167 -2.285,
						0.893 0.303 -2.285
					]
				}
				coordIndex
				[
					0, 1, 2, -1,
					2, 1, 3, -1,
					2, 3, 4, -1,
					4, 3, 5, -1,
					4, 5, 6, -1,
					6, 7, 4, -1,
					4, 7, 8, -1,
					4, 8, 9, -1,
					9, 8, 10, -1,
					9, 10, 11, -1,
					11, 10, 12, -1,
					8, 7, 13, -1,
					13, 7, 14, -1,
					13, 14, 15, -1,
					16, 17, 15, -1,
					15, 17, 8, -1,
					15, 8, 13, -1,
					16, 18, 17, -1,
					17, 18, 19, -1,
					17, 19, 20, -1,
					20, 19, 21, -1,
					20, 21, 22, -1,
					22, 23, 20, -1,
					20, 23, 17, -1,
					23, 24, 17, -1,
					17, 24, 25, -1,
					17, 25, 10, -1,
					10, 25, 26, -1,
					10, 26, 12, -1,
					24, 26, 25, -1,
					11, 27, 9, -1,
					9, 27, 4, -1,
					27, 28, 4, -1,
					4, 28, 2, -1,
					28, 0, 2, -1,
					8, 17, 10, -1
				]
				normal Normal
				{
					vector
					[
						0.546 -0.687 0.480,
						0.608 -0.567 0.556,
						0.580 -0.549 0.602,
						0.547 -0.489 0.680,
						0.304 -0.642 0.704,
						0.477 -0.437 0.763,
						0.329 -0.380 0.864,
						0.165 -0.354 0.921,
						-0.000 -0.674 0.739,
						0.304 -0.853 0.425,
						-0.000 -0.895 0.446,
						0.165 -0.923 0.347,
						0.000 -0.940 0.340,
						0.000 -0.361 0.932,
						-0.000 -0.347 0.938,
						-0.165 -0.354 0.921,
						-0.329 -0.380 0.864,
						-0.304 -0.642 0.704,
						-0.477 -0.437 0.763,
						-0.547 -0.489 0.680,
						-0.580 -0.549 0.602,
						-0.608 -0.567 0.556,
						-0.546 -0.687 0.480,
						-0.476 -0.768 0.428,
						-0.329 -0.868 0.373,
						-0.304 -0.853 0.425,
						-0.165 -0.923 0.347,
						0.329 -0.868 0.373,
						0.476 -0.768 0.428
					]
				}
				normalIndex
				[
					0, 1, 2, -1,
					2, 1, 3, -1,
					2, 3, 4, -1,
					4, 3, 5, -1,
					4, 5, 6, -1,
					6, 7, 4, -1,
					4, 7, 8, -1,
					4, 8, 9, -1,
					9, 8, 10, -1,
					9, 10, 11, -1,
					11, 10, 12, -1,
					8, 7, 13, -1,
					13, 7, 14, -1,
					13, 14, 15, -1,
					16, 17, 15, -1,
					15, 17, 8, -1,
					15, 8, 13, -1,
					16, 18, 17, -1,
					17, 18, 19, -1,
					17, 19, 20, -1,
					20, 19, 21, -1,
					20, 21, 22, -1,
					22, 23, 20, -1,
					20, 23, 17, -1,
					23, 24, 17, -1,
					17, 24, 25, -1,
					17, 25, 10, -1,
					10, 25, 26, -1,
					10, 26, 12, -1,
					24, 26, 25, -1,
					11, 27, 9, -1,
					9, 27, 4, -1,
					27, 28, 4, -1,
					4, 28, 2, -1,
					28, 0, 2, -1,
					8, 17, 10, -1
				]
			}
		}
		Shape
		{
			appearance Appearance
			{
				material Material
				{
					diffuseColor 0.859 0.675 0.204
				}
			}
			geometry IndexedFaceSet
			{
				creaseAngle 0.5
				solid TRUE
				coord Coordinate
				{
					point
					[
						1.529 -0.398 -2.795,
						1.529 -0.398 -2.285,
						1.522 -0.450 -2.795,
						1.522 -0.450 -2.285,
						1.502 -0.498 -2.285,
						1.502 -0.498 -2.795,
						1.471 -0.539 -2.285,
						1.471 -0.539 -2.795,
						1.429 -0.571 -2.285,
						1.429 -0.571 -2.795,
						1.381 -0.591 -2.795,
						1.381 -0.591 -2.285,
						1.329 -0.598 -2.285,
						1.329 -0.598 -2.795
					]
				}
				coordIndex
				[
					0, 1, 2, -1,
					2, 1, 3, -1,
					2, 3, 4, -1,
					2, 4, 5, -1,
					5, 4, 6, -1,
					5, 6, 7, -1,
					7, 6, 8, -1,
					7, 8, 9, -1,
					9, 8, 10, -1,
					8, 11, 10, -1,
					10, 11, 12, -1,
					10, 12, 13, -1
				]
				normal Normal
				{
					vector
					[
						1.000 -0.000 0.000,
						0.966 -0.259 0.000,
						0.866 -0.500 0.000,
						0.707 -0.707 0.000,
						0.500 -0.866 0.000,
						0.259 -0.966 0.000,
						0.000 -1.000 0.000
					]
				}
				normalIndex
				[
					0, 0, 1, -1,
					1, 0, 1, -1,
					1, 1, 2, -1,
					1, 2, 2, -1,
					2, 2, 3, -1,
					2, 3, 3, -1,
					3, 3, 4, -1,
					3, 4, 4, -1,
					4, 4, 5, -1,
					4, 5, 5, -1,
					5, 5, 6, -1,
					5, 6, 6, -1
				]
			}
		}
		Shape
		{
			appearance Appearance
			{
				material Material
				{
					diffuseColor 0.859 0.675 0.204
				}
			}
			geometry IndexedFaceSet
			{
				creaseAngle 0.5
				solid TRUE
				coord Coordinate
				{
					point
					[
						1.329 -0.598 -2.285,
						-2.850 -0.598 -2.285,
						1.329 -0.598 -2.795,
						-2.850 -0.598 -2.795
					]
				}
				coordIndex
				[
					0, 1, 2, -1,
					2, 1, 3, -1
				]
				normal Normal
				{
					vector
					[
						0.000 -1.000 0.000
					]
				}
				normalIndex
				[
					0, 0, 0, -1,
					0, 0, 0, -1
				]
			}
		}
		Shape
		{
			appearance Appearance
			{
				material Material
				{
					diffuseColor 0.859 0.675 0.204
				}
			}
			geometry IndexedFaceSet
			{
				creaseAngle 0.5
				solid TRUE
				coord Coordinate
				{
					point
					[
						-2.850 -0.598 -2.285,
						-2.902 -0.591 -2.285,
						-2.850 -0.598 -2.795,
						-2.902 -0.591 -2.795,
						-2.950 -0.571 -2.795,
						-2.950 -0.571 -2.285,
						-2.991 -0.539 -2.285,
						-2.991 -0.539 -2.795,
						-3.023 -0.498 -2.285,
						-3.023 -0.498 -2.795,
						-3.043 -0.450 -2.285,
						-3.043 -0.450 -2.795,
						-3.050 -0.398 -2.795,
						-3.050 -0.398 -2.285
					]
				}
				coordIndex
				[
					0, 1, 2, -1,
					2, 1, 3, -1,
					3, 1, 4, -1,
					4, 1, 5, -1,
					4, 5, 6, -1,
					4, 6, 7, -1,
					7, 6, 8, -1,
					7, 8, 9, -1,
					9, 8, 10, -1,
					9, 10, 11, -1,
					11, 10, 12, -1,
					10, 13, 12, -1
				]
				normal Normal
				{
					vector
					[
						0.000 -1.000 0.000,
						-0.259 -0.966 0.000,
						-0.500 -0.866 0.000,
						-0.707 -0.707 0.000,
						-0.866 -0.500 0.000,
						-0.966 -0.259 0.000,
						-1.000 0.000 0.000
					]
				}
				normalIndex
				[
					0, 1, 0, -1,
					0, 1, 1, -1,
					1, 1, 2, -1,
					2, 1, 2, -1,
					2, 2, 3, -1,
					2, 3, 3, -1,
					3, 3, 4, -1,
					3, 4, 4, -1,
					4, 4, 5, -1,
					4, 5, 5, -1,
					5, 5, 6, -1,
					5, 6, 6, -1
				]
			}
		}
		Shape
		{
			appearance Appearance
			{
				material Material
				{
					diffuseColor 0.859 0.675 0.204
				}
			}
			geometry IndexedFaceSet
			{
				creaseAngle 0.5
				solid TRUE
				coord Coordinate
				{
					point
					[
						-3.050 -0.398 -2.285,
						-3.050 -0.310 -2.285,
						-3.050 -0.398 -2.795,
						-3.050 -0.310 -2.795
					]
				}
				coordIndex
				[
					0, 1, 2, -1,
					2, 1, 3, -1
				]
				normal Normal
				{
					vector
					[
						-1.000 -0.000 0.000
					]
				}
				normalIndex
				[
					0, 0, 0, -1,
					0, 0, 0, -1
				]
			}
		}
		Shape
		{
			appearance Appearance
			{
				material Material
				{
					diffuseColor 0.859 0.675 0.204
				}
			}
			geometry IndexedFaceSet
			{
				creaseAngle 0.5
				solid TRUE
				coord Coordinate
				{
					point
					[
						-3.050 -0.310 -2.285,
						-3.053 -0.284 -2.285,
						-3.050 -0.310 -2.795,
						-3.053 -0.284 -2.795,
						-3.063 -0.260 -2.285,
						-3.063 -0.260 -2.795,
						-3.079 -0.239 -2.795,
						-3.079 -0.239 -2.285,
						-3.100 -0.223 -2.285,
						-3.100 -0.223 -2.795,
						-3.124 -0.213 -2.285,
						-3.124 -0.213 -2.795,
						-3.150 -0.210 -2.795,
						-3.150 -0.210 -2.285
					]
				}
				coordIndex
				[
					0, 1, 2, -1,
					2, 1, 3, -1,
					1, 4, 3, -1,
					3, 4, 5, -1,
					5, 4, 6, -1,
					6, 4, 7, -1,
					6, 7, 8, -1,
					6, 8, 9, -1,
					9, 8, 10, -1,
					9, 10, 11, -1,
					11, 10, 12, -1,
					10, 13, 12, -1
				]
				normal Normal
				{
					vector
					[
						-1.000 -0.000 -0.000,
						-0.966 -0.259 -0.000,
						-0.866 -0.500 -0.000,
						-0.707 -0.707 -0.000,
						-0.500 -0.866 -0.000,
						-0.259 -0.966 -0.000,
						-0.000 -1.000 -0.000
					]
				}
				normalIndex
				[
					0, 1, 0, -1,
					0, 1, 1, -1,
					1, 2, 1, -1,
					1, 2, 2, -1,
					2, 2, 3, -1,
					3, 2, 3, -1,
					3, 3, 4, -1,
					3, 4, 4, -1,
					4, 4, 5, -1,
					4, 5, 5, -1,
					5, 5, 6, -1,
					5, 6, 6, -1
				]
			}
		}
		Shape
		{
			appearance Appearance
			{
				material Material
				{
					diffuseColor 0.859 0.675 0.204
				}
			}
			geometry IndexedFaceSet
			{
				creaseAngle 0.5
				solid TRUE
				coord Coordinate
				{
					point
					[
						-3.150 -0.210 -2.285,
						-5.970 -0.210 -2.285,
						-3.150 -0.210 -2.795,
						-5.970 -0.210 -2.795
					]
				}
				coordIndex
				[
					0, 1, 2, -1,
					2, 1, 3, -1
				]
				normal Normal
				{
					vector
					[
						0.000 -1.000 0.000
					]
				}
				normalIndex
				[
					0, 0, 0, -1,
					0, 0, 0, -1
				]
			}
		}
		Shape
		{
			appearance Appearance
			{
				material Material
				{
					diffuseColor 0.859 0.675 0.204
				}
			}
			geometry IndexedFaceSet
			{
				creaseAngle 0.5
				solid TRUE
				coord Coordinate
				{
					point
					[
						-5.970 -0.210 -2.285,
						-6.068 -0.197 -2.285,
						-5.970 -0.210 -2.795,
						-6.068 -0.197 -2.795,
						-6.160 -0.159 -2.795,
						-6.160 -0.159 -2.285,
						-6.239 -0.099 -2.285,
						-6.239 -0.099 -2.795,
						-6.299 -0.020 -2.285,
						-6.299 -0.020 -2.795,
						-6.337 0.072 -2.285,
						-6.337 0.072 -2.795,
						-6.350 0.170 -2.795,
						-6.350 0.170 -2.285,
						-6.337 0.268 -2.285,
						-6.337 0.268 -2.795,
						-6.299 0.360 -2.285,
						-6.299 0.360 -2.795,
						-6.239 0.439 -2.795,
						-6.239 0.439 -2.285,
						-6.160 0.499 -2.285,
						-6.160 0.499 -2.795,
						-6.068 0.537 -2.285,
						-6.068 0.537 -2.795,
						-5.970 0.550 -2.795,
						-5.970 0.550 -2.285
					]
				}
				coordIndex
				[
					0, 1, 2, -1,
					2, 1, 3, -1,
					3, 1, 4, -1,
					4, 1, 5, -1,
					4, 5, 6, -1,
					4, 6, 7, -1,
					7, 6, 8, -1,
					7, 8, 9, -1,
					9, 8, 10, -1,
					9, 10, 11, -1,
					11, 10, 12, -1,
					10, 13, 12, -1,
					12, 13, 14, -1,
					12, 14, 15, -1,
					15, 14, 16, -1,
					15, 16, 17, -1,
					17, 16, 18, -1,
					16, 19, 18, -1,
					18, 19, 20, -1,
					18, 20, 21, -1,
					21, 20, 22, -1,
					21, 22, 23, -1,
					23, 22, 24, -1,
					22, 25, 24, -1
				]
				normal Normal
				{
					vector
					[
						0.000 -1.000 0.000,
						-0.259 -0.966 0.000,
						-0.500 -0.866 0.000,
						-0.707 -0.707 0.000,
						-0.866 -0.500 0.000,
						-0.966 -0.259 0.000,
						-1.000 -0.000 0.000,
						-0.966 0.259 0.000,
						-0.866 0.500 0.000,
						-0.707 0.707 0.000,
						-0.500 0.866 0.000,
						-0.259 0.966 0.000,
						0.000 1.000 0.000
					]
				}
				normalIndex
				[
					0, 1, 0, -1,
					0, 1, 1, -1,
					1, 1, 2, -1,
					2, 1, 2, -1,
					2, 2, 3, -1,
					2, 3, 3, -1,
					3, 3, 4, -1,
					3, 4, 4, -1,
					4, 4, 5, -1,
					4, 5, 5, -1,
					5, 5, 6, -1,
					5, 6, 6, -1,
					6, 6, 7, -1,
					6, 7, 7, -1,
					7, 7, 8, -1,
					7, 8, 8, -1,
					8, 8, 9, -1,
					8, 9, 9, -1,
					9, 9, 10, -1,
					9, 10, 10, -1,
					10, 10, 11, -1,
					10, 11, 11, -1,
					11, 11, 12, -1,
					11, 12, 12, -1
				]
			}
		}
		Shape
		{
			appearance Appearance
			{
				material Material
				{
					diffuseColor 0.859 0.675 0.204
				}
			}
			geometry IndexedFaceSet
			{
				creaseAngle 0.5
				solid TRUE
				coord Coordinate
				{
					point
					[
						-5.970 0.550 -2.285,
						-2.550 0.550 -2.285,
						-5.970 0.550 -2.795,
						-2.550 0.550 -2.795
					]
				}
				coordIndex
				[
					0, 1, 2, -1,
					2, 1, 3, -1
				]
				normal Normal
				{
					vector
					[
						-0.000 1.000 0.000
					]
				}
				normalIndex
				[
					0, 0, 0, -1,
					0, 0, 0, -1
				]
			}
		}
		Shape
		{
			appearance Appearance
			{
				material Material
				{
					diffuseColor 0.859 0.675 0.204
				}
			}
			geometry IndexedFaceSet
			{
				creaseAngle 0.5
				solid TRUE
				coord Coordinate
				{
					point
					[
						-2.550 0.550 -2.285,
						-2.550 0.360 -2.285,
						-2.550 0.550 -2.795,
						-2.550 0.360 -2.795
					]
				}
				coordIndex
				[
					0, 1, 2, -1,
					2, 1, 3, -1
				]
				normal Normal
				{
					vector
					[
						1.000 0.000 0.000
					]
				}
				normalIndex
				[
					0, 0, 0, -1,
					0, 0, 0, -1
				]
			}
		}
		Shape
		{
			appearance Appearance
			{
				material Material
				{
					diffuseColor 0.859 0.675 0.204
				}
			}
			geometry IndexedFaceSet
			{
				creaseAngle 0.5
				solid TRUE
				coord Coordinate
				{
					point
					[
						-2.550 0.360 -2.795,
						-2.550 0.360 -2.285,
						-2.540 0.282 -2.795,
						-2.540 0.282 -2.285,
						-2.510 0.210 -2.285,
						-2.510 0.210 -2.795,
						-2.462 0.148 -2.285,
						-2.462 0.148 -2.795,
						-2.400 0.100 -2.285,
						-2.400 0.100 -2.795,
						-2.328 0.070 -2.795,
						-2.328 0.070 -2.285,
						-2.250 0.060 -2.285,
						-2.250 0.060 -2.795,
						-2.172 0.070 -2.285,
						-2.172 0.070 -2.795,
						-2.100 0.100 -2.795,
						-2.100 0.100 -2.285,
						-2.038 0.148 -2.285,
						-2.038 0.148 -2.795,
						-1.990 0.210 -2.285,
						-1.990 0.210 -2.795,
						-1.960 0.282 -2.285,
						-1.960 0.282 -2.795,
						-1.950 0.360 -2.795,
						-1.950 0.360 -2.285
					]
				}
				coordIndex
				[
					0, 1, 2, -1,
					2, 1, 3, -1,
					2, 3, 4, -1,
					2, 4, 5, -1,
					5, 4, 6, -1,
					5, 6, 7, -1,
					7, 6, 8, -1,
					7, 8, 9, -1,
					9, 8, 10, -1,
					8, 11, 10, -1,
					10, 11, 12, -1,
					10, 12, 13, -1,
					13, 12, 14, -1,
					13, 14, 15, -1,
					15, 14, 16, -1,
					14, 17, 16, -1,
					16, 17, 18, -1,
					16, 18, 19, -1,
					19, 18, 20, -1,
					19, 20, 21, -1,
					21, 20, 22, -1,
					21, 22, 23, -1,
					23, 22, 24, -1,
					22, 25, 24, -1
				]
				normal Normal
				{
					vector
					[
						1.000 0.000 -0.000,
						0.966 0.259 -0.000,
						0.866 0.500 -0.000,
						0.707 0.707 -0.000,
						0.500 0.866 -0.000,
						0.259 0.966 -0.000,
						-0.000 1.000 -0.000,
						-0.259 0.966 -0.000,
						-0.500 0.866 -0.000,
						-0.707 0.707 -0.000,
						-0.866 0.500 -0.000,
						-0.966 0.259 -0.000,
						-1.000 -0.000 -0.000
					]
				}
				normalIndex
				[
					0, 0, 1, -1,
					1, 0, 1, -1,
					1, 1, 2, -1,
					1, 2, 2, -1,
					2, 2, 3, -1,
					2, 3, 3, -1,
					3, 3, 4, -1,
					3, 4, 4, -1,
					4, 4, 5, -1,
					4, 5, 5, -1,
					5, 5, 6, -1,
					5, 6, 6, -1,
					6, 6, 7, -1,
					6, 7, 7, -1,
					7, 7, 8, -1,
					7, 8, 8, -1,
					8, 8, 9, -1,
					8, 9, 9, -1,
					9, 9, 10, -1,
					9, 10, 10, -1,
					10, 10, 11, -1,
					10, 11, 11, -1,
					11, 11, 12, -1,
					11, 12, 12, -1
				]
			}
		}
		Shape
		{
			appearance Appearance
			{
				material Material
				{
					diffuseColor 0.859 0.675 0.204
				}
			}
			geometry IndexedFaceSet
			{
				creaseAngle 0.5
				solid TRUE
				coord Coordinate
				{
					point
					[
						-1.950 0.500 -2.795,
						-1.950 0.360 -2.795,
						-1.950 0.500 -2.285,
						-1.950 0.360 -2.285
					]
				}
				coordIndex
				[
					0, 1, 2, -1,
					2, 1, 3, -1
				]
				normal Normal
				{
					vector
					[
						-1.000 -0.000 0.000
					]
				}
				normalIndex
				[
					0, 0, 0, -1,
					0, 0, 0, -1
				]
			}
		}
		Shape
		{
			appearance Appearance
			{
				material Material
				{
					diffuseColor 0.859 0.675 0.204
				}
			}
			geometry IndexedFaceSet
			{
				creaseAngle 0.5
				solid TRUE
				coord Coordinate
				{
					point
					[
						-1.950 0.500 -2.285,
						-1.950 0.360 -2.285,
						-1.139 0.500 -2.285,
						-1.960 0.282 -2.285,
						-1.025 0.395 -2.285,
						-1.990 0.210 -2.285,
						-0.893 0.303 -2.285,
						-2.038 0.148 -2.285,
						-2.100 0.100 -2.285,
						-2.172 0.070 -2.285,
						-2.850 -0.598 -2.285,
						-0.617 0.167 -2.285,
						-2.250 0.060 -2.285,
						-2.328 0.070 -2.285,
						-2.400 0.100 -2.285,
						-3.053 -0.284 -2.285,
						-2.462 0.148 -2.285,
						-3.063 -0.260 -2.285,
						-2.510 0.210 -2.285,
						-3.079 -0.239 -2.285,
						-3.100 -0.223 -2.285,
						-2.540 0.282 -2.285,
						-3.124 -0.213 -2.285,
						-2.550 0.360 -2.285,
						-3.150 -0.210 -2.285,
						-2.550 0.550 -2.285,
						-5.970 0.550 -2.285,
						-5.970 -0.210 -2.285,
						-6.068 -0.197 -2.285,
						-6.068 0.537 -2.285,
						-6.160 -0.159 -2.285,
						-6.160 0.499 -2.285,
						-6.239 -0.099 -2.285,
						-6.239 0.439 -2.285,
						-6.299 -0.020 -2.285,
						-6.299 0.360 -2.285,
						-6.337 0.072 -2.285,
						-6.337 0.268 -2.285,
						-6.350 0.170 -2.285,
						-3.050 -0.310 -2.285,
						-3.050 -0.398 -2.285,
						-2.902 -0.591 -2.285,
						-2.950 -0.571 -2.285,
						-3.043 -0.450 -2.285,
						-3.023 -0.498 -2.285,
						-2.991 -0.539 -2.285,
						-0.309 0.082 -2.285,
						1.329 -0.598 -2.285,
						0.000 0.055 -2.285,
						0.309 0.082 -2.285,
						1.381 -0.591 -2.285,
						1.429 -0.571 -2.285,
						1.471 -0.539 -2.285,
						1.502 -0.498 -2.285,
						1.522 -0.450 -2.285,
						1.529 -0.398 -2.285,
						0.893 0.303 -2.285,
						1.025 0.395 -2.285,
						1.529 0.500 -2.285,
						1.139 0.500 -2.285,
						0.617 0.167 -2.285
					]
				}
				coordIndex
				[
					0, 1, 2, -1,
					2, 1, 3, -1,
					2, 3, 4, -1,
					4, 3, 5, -1,
					4, 5, 6, -1,
					6, 5, 7, -1,
					6, 7, 8, -1,
					9, 10, 8, -1,
					8, 10, 11, -1,
					8, 11, 6, -1,
					9, 12, 10, -1,
					10, 12, 13, -1,
					10, 13, 14, -1,
					10, 14, 15, -1,
					15, 14, 16, -1,
					15, 16, 17, -1,
					17, 16, 18, -1,
					17, 18, 19, -1,
					19, 18, 20, -1,
					18, 21, 20, -1,
					20, 21, 22, -1,
					21, 23, 22, -1,
					22, 23, 24, -1,
					23, 25, 24, -1,
					24, 25, 26, -1,
					24, 26, 27, -1,
					27, 26, 28, -1,
					26, 29, 28, -1,
					28, 29, 30, -1,
					29, 31, 30, -1,
					30, 31, 32, -1,
					31, 33, 32, -1,
					32, 33, 34, -1,
					33, 35, 34, -1,
					34, 35, 36, -1,
					35, 37, 36, -1,
					36, 37, 38, -1,
					15, 39, 10, -1,
					10, 39, 40, -1,
					10, 40, 41, -1,
					41, 40, 42, -1,
					43, 44, 40, -1,
					40, 44, 45, -1,
					40, 45, 42, -1,
					11, 10, 46, -1,
					46, 10, 47, -1,
					46, 47, 48, -1,
					48, 47, 49, -1,
					50, 51, 47, -1,
					47, 51, 52, -1,
					47, 52, 53, -1,
					53, 54, 47, -1,
					47, 54, 55, -1,
					47, 55, 56, -1,
					56, 55, 57, -1,
					55, 58, 57, -1,
					57, 58, 59, -1,
					56, 60, 47, -1,
					47, 60, 49, -1
				]
				normal Normal
				{
					vector
					[
						0.000 0.000 1.000
					]
				}
				normalIndex
				[
					0, 0, 0, -1,
					0, 0, 0, -1,
					0, 0, 0, -1,
					0, 0, 0, -1,
					0, 0, 0, -1,
					0, 0, 0, -1,
					0, 0, 0, -1,
					0, 0, 0, -1,
					0, 0, 0, -1,
					0, 0, 0, -1,
					0, 0, 0, -1,
					0, 0, 0, -1,
					0, 0, 0, -1,
					0, 0, 0, -1,
					0, 0, 0, -1,
					0, 0, 0, -1,
					0, 0, 0, -1,
					0, 0, 0, -1,
					0, 0, 0, -1,
					0, 0, 0, -1,
					0, 0, 0, -1,
					0, 0, 0, -1,
					0, 0, 0, -1,
					0, 0, 0, -1,
					0, 0, 0, -1,
					0, 0, 0, -1,
					0, 0, 0, -1,
					0, 0, 0, -1,
					0, 0, 0, -1,
					0, 0, 0, -1,
					0, 0, 0, -1,
					0, 0, 0, -1,
					0, 0, 0, -1,
					0, 0, 0, -1,
					0, 0, 0, -1,
					0, 0, 0, -1,
					0, 0, 0, -1,
					0, 0, 0, -1,
					0, 0, 0, -1,
					0, 0, 0, -1,
					0, 0, 0, -1,
					0, 0, 0, -1,
					0, 0, 0, -1,
					0, 0, 0, -1,
					0, 0, 0, -1,
					0, 0, 0, -1,
					0, 0, 0, -1,
					0, 0, 0, -1,
					0, 0, 0, -1,
					0, 0, 0, -1,
					0, 0, 0, -1,
					0, 0, 0, -1,
					0, 0, 0, -1,
					0, 0, 0, -1,
					0, 0, 0, -1,
					0, 0, 0, -1,
					0, 0, 0, -1,
					0, 0, 0, -1,
					0, 0, 0, -1
				]
			}
		}
		Shape
		{
			appearance Appearance
			{
				material Material
				{
					diffuseColor 1.000 0.000 0.000
				}
			}
			geometry IndexedFaceSet
			{
				creaseAngle 0.5
				solid TRUE
				coord Coordinate
				{
					point
					[
						-1.139 0.500 -0.255,
						-1.025 0.500 -0.361,
						-1.025 0.395 -0.255,
						-0.893 0.303 -0.255,
						-0.894 0.500 -0.454,
						-0.570 0.232 -0.398,
						-0.617 0.167 -0.255,
						-0.309 0.082 -0.255,
						-0.570 0.412 -0.562,
						-0.617 0.500 -0.591,
						-0.310 0.500 -0.676,
						0.000 0.365 -0.638,
						0.000 0.500 -0.703,
						0.310 0.500 -0.676,
						0.570 0.412 -0.562,
						0.617 0.500 -0.591,
						0.894 0.500 -0.454,
						1.139 0.500 -0.255,
						1.025 0.395 -0.255,
						1.025 0.500 -0.361,
						0.893 0.303 -0.255,
						0.570 0.232 -0.398,
						0.000 0.161 -0.452,
						0.617 0.167 -0.255,
						0.309 0.082 -0.255,
						-0.000 0.055 -0.255
					]
				}
				coordIndex
				[
					0, 1, 2, -1,
					2, 1, 3, -1,
					1, 4, 3, -1,
					3, 4, 5, -1,
					3, 5, 6, -1,
					6, 5, 7, -1,
					5, 4, 8, -1,
					8, 4, 9, -1,
					8, 9, 10, -1,
					8, 10, 11, -1,
					11, 10, 12, -1,
					11, 12, 13, -1,
					11, 13, 14, -1,
					14, 13, 15, -1,
					14, 15, 16, -1,
					17, 18, 19, -1,
					19, 18, 20, -1,
					19, 20, 16, -1,
					16, 20, 21, -1,
					16, 21, 14, -1,
					14, 21, 22, -1,
					14, 22, 11, -1,
					11, 22, 5, -1,
					11, 5, 8, -1,
					20, 23, 21, -1,
					21, 23, 24, -1,
					21, 24, 22, -1,
					22, 24, 25, -1,
					22, 25, 7, -1,
					5, 22, 7, -1
				]
				normal Normal
				{
					vector
					[
						-0.608 -0.567 -0.556,
						-0.547 -0.489 -0.680,
						-0.546 -0.687 -0.480,
						-0.476 -0.768 -0.428,
						-0.477 -0.437 -0.763,
						-0.304 -0.760 -0.574,
						-0.329 -0.868 -0.373,
						-0.165 -0.923 -0.347,
						-0.304 -0.501 -0.810,
						-0.329 -0.380 -0.864,
						-0.165 -0.354 -0.921,
						0.000 -0.526 -0.850,
						0.000 -0.347 -0.938,
						0.165 -0.354 -0.921,
						0.304 -0.501 -0.810,
						0.329 -0.380 -0.864,
						0.477 -0.437 -0.763,
						0.608 -0.567 -0.556,
						0.546 -0.687 -0.480,
						0.547 -0.489 -0.680,
						0.476 -0.768 -0.428,
						0.304 -0.760 -0.574,
						0.000 -0.798 -0.603,
						0.329 -0.868 -0.373,
						0.165 -0.923 -0.347,
						-0.000 -0.940 -0.340
					]
				}
				normalIndex
				[
					0, 1, 2, -1,
					2, 1, 3, -1,
					1, 4, 3, -1,
					3, 4, 5, -1,
					3, 5, 6, -1,
					6, 5, 7, -1,
					5, 4, 8, -1,
					8, 4, 9, -1,
					8, 9, 10, -1,
					8, 10, 11, -1,
					11, 10, 12, -1,
					11, 12, 13, -1,
					11, 13, 14, -1,
					14, 13, 15, -1,
					14, 15, 16, -1,
					17, 18, 19, -1,
					19, 18, 20, -1,
					19, 20, 16, -1,
					16, 20, 21, -1,
					16, 21, 14, -1,
					14, 21, 22, -1,
					14, 22, 11, -1,
					11, 22, 5, -1,
					11, 5, 8, -1,
					20, 23, 21, -1,
					21, 23, 24, -1,
					21, 24, 22, -1,
					22, 24, 25, -1,
					22, 25, 7, -1,
					5, 22, 7, -1
				]
			}
		}
		Shape
		{
			appearance Appearance
			{
				material Material
				{
					diffuseColor 0.859 0.675 0.204
				}
			}
			geometry IndexedFaceSet
			{
				creaseAngle 0.5
				solid TRUE
				coord Coordinate
				{
					point
					[
						-1.950 0.500 -0.255,
						-1.139 0.500 -0.255,
						-1.950 0.360 -0.255,
						-1.960 0.282 -0.255,
						-1.025 0.395 -0.255,
						-1.990 0.210 -0.255,
						-0.893 0.303 -0.255,
						-2.038 0.148 -0.255,
						-2.100 0.100 -0.255,
						-0.617 0.167 -0.255,
						-2.850 -0.598 -0.255,
						-0.309 0.082 -0.255,
						1.329 -0.598 -0.255,
						-0.000 0.055 -0.255,
						0.309 0.082 -0.255,
						0.617 0.167 -0.255,
						0.893 0.303 -0.255,
						1.529 -0.398 -0.255,
						1.025 0.395 -0.255,
						1.529 0.500 -0.255,
						1.139 0.500 -0.255,
						1.522 -0.450 -0.255,
						1.502 -0.498 -0.255,
						1.471 -0.539 -0.255,
						1.429 -0.571 -0.255,
						1.381 -0.591 -0.255,
						-2.902 -0.591 -0.255,
						-3.050 -0.398 -0.255,
						-3.050 -0.310 -0.255,
						-3.053 -0.284 -0.255,
						-2.950 -0.571 -0.255,
						-2.991 -0.539 -0.255,
						-3.023 -0.498 -0.255,
						-3.043 -0.450 -0.255,
						-3.079 -0.239 -0.255,
						-2.510 0.210 -0.255,
						-3.063 -0.260 -0.255,
						-2.462 0.148 -0.255,
						-2.400 0.100 -0.255,
						-2.328 0.070 -0.255,
						-2.250 0.060 -0.255,
						-3.100 -0.223 -0.255,
						-2.540 0.282 -0.255,
						-3.124 -0.213 -0.255,
						-2.550 0.360 -0.255,
						-3.150 -0.210 -0.255,
						-2.550 0.550 -0.255,
						-5.970 0.550 -0.255,
						-5.970 -0.210 -0.255,
						-6.068 0.537 -0.255,
						-6.068 -0.197 -0.255,
						-6.160 0.499 -0.255,
						-6.160 -0.159 -0.255,
						-6.239 0.439 -0.255,
						-6.239 -0.099 -0.255,
						-6.299 0.360 -0.255,
						-6.299 -0.020 -0.255,
						-6.337 0.268 -0.255,
						-6.337 0.072 -0.255,
						-6.350 0.170 -0.255,
						-2.172 0.070 -0.255
					]
				}
				coordIndex
				[
					0, 1, 2, -1,
					2, 1, 3, -1,
					1, 4, 3, -1,
					3, 4, 5, -1,
					4, 6, 5, -1,
					5, 6, 7, -1,
					7, 6, 8, -1,
					8, 6, 9, -1,
					8, 9, 10, -1,
					10, 9, 11, -1,
					10, 11, 12, -1,
					12, 11, 13, -1,
					12, 13, 14, -1,
					14, 15, 12, -1,
					12, 15, 16, -1,
					12, 16, 17, -1,
					17, 16, 18, -1,
					17, 18, 19, -1,
					19, 18, 20, -1,
					17, 21, 12, -1,
					12, 21, 22, -1,
					12, 22, 23, -1,
					23, 24, 12, -1,
					12, 24, 25, -1,
					26, 27, 10, -1,
					10, 27, 28, -1,
					10, 28, 29, -1,
					26, 30, 27, -1,
					27, 30, 31, -1,
					27, 31, 32, -1,
					32, 33, 27, -1,
					34, 35, 36, -1,
					36, 35, 37, -1,
					36, 37, 29, -1,
					29, 37, 38, -1,
					29, 38, 10, -1,
					10, 38, 39, -1,
					10, 39, 40, -1,
					34, 41, 35, -1,
					35, 41, 42, -1,
					41, 43, 42, -1,
					42, 43, 44, -1,
					43, 45, 44, -1,
					44, 45, 46, -1,
					46, 45, 47, -1,
					47, 45, 48, -1,
					47, 48, 49, -1,
					49, 48, 50, -1,
					49, 50, 51, -1,
					51, 50, 52, -1,
					51, 52, 53, -1,
					53, 52, 54, -1,
					53, 54, 55, -1,
					55, 54, 56, -1,
					55, 56, 57, -1,
					57, 56, 58, -1,
					57, 58, 59, -1,
					40, 60, 10, -1,
					10, 60, 8, -1
				]
				normal Normal
				{
					vector
					[
						-0.000 -0.000 -1.000
					]
				}
				normalIndex
				[
					0, 0, 0, -1,
					0, 0, 0, -1,
					0, 0, 0, -1,
					0, 0, 0, -1,
					0, 0, 0, -1,
					0, 0, 0, -1,
					0, 0, 0, -1,
					0, 0, 0, -1,
					0, 0, 0, -1,
					0, 0, 0, -1,
					0, 0, 0, -1,
					0, 0, 0, -1,
					0, 0, 0, -1,
					0, 0, 0, -1,
					0, 0, 0, -1,
					0, 0, 0, -1,
					0, 0, 0, -1,
					0, 0, 0, -1,
					0, 0, 0, -1,
					0, 0, 0, -1,
					0, 0, 0, -1,
					0, 0, 0, -1,
					0, 0, 0, -1,
					0, 0, 0, -1,
					0, 0, 0, -1,
					0, 0, 0, -1,
					0, 0, 0, -1,
					0, 0, 0, -1,
					0, 0, 0, -1,
					0, 0, 0, -1,
					0, 0, 0, -1,
					0, 0, 0, -1,
					0, 0, 0, -1,
					0, 0, 0, -1,
					0, 0, 0, -1,
					0, 0, 0, -1,
					0, 0, 0, -1,
					0, 0, 0, -1,
					0, 0, 0, -1,
					0, 0, 0, -1,
					0, 0, 0, -1,
					0, 0, 0, -1,
					0, 0, 0, -1,
					0, 0, 0, -1,
					0, 0, 0, -1,
					0, 0, 0, -1,
					0, 0, 0, -1,
					0, 0, 0, -1,
					0, 0, 0, -1,
					0, 0, 0, -1,
					0, 0, 0, -1,
					0, 0, 0, -1,
					0, 0, 0, -1,
					0, 0, 0, -1,
					0, 0, 0, -1,
					0, 0, 0, -1,
					0, 0, 0, -1,
					0, 0, 0, -1,
					0, 0, 0, -1
				]
			}
		}
		Shape
		{
			appearance Appearance
			{
				material Material
				{
					diffuseColor 0.859 0.675 0.204
				}
			}
			geometry IndexedFaceSet
			{
				creaseAngle 0.5
				solid TRUE
				coord Coordinate
				{
					point
					[
						1.529 0.500 0.255,
						1.529 -0.398 0.255,
						1.529 0.500 -0.255,
						1.529 -0.398 -0.255
					]
				}
				coordIndex
				[
					0, 1, 2, -1,
					2, 1, 3, -1
				]
				normal Normal
				{
					vector
					[
						1.000 0.000 0.000
					]
				}
				normalIndex
				[
					0, 0, 0, -1,
					0, 0, 0, -1
				]
			}
		}
		Shape
		{
			appearance Appearance
			{
				material Material
				{
					diffuseColor 1.000 0.000 0.000
				}
			}
			geometry IndexedFaceSet
			{
				creaseAngle 0.5
				solid TRUE
				coord Coordinate
				{
					point
					[
						1.025 0.395 0.255,
						1.139 0.500 0.255,
						1.087 0.489 0.298,
						1.025 0.500 0.361,
						0.570 0.315 0.489,
						0.894 0.500 0.454,
						0.617 0.500 0.591,
						0.310 0.500 0.676,
						0.000 0.255 0.554,
						0.570 0.168 0.295,
						0.000 0.089 0.334,
						0.309 0.082 0.255,
						0.000 0.055 0.255,
						0.000 0.489 0.699,
						-0.000 0.500 0.703,
						-0.310 0.500 0.676,
						-0.617 0.500 0.591,
						-0.570 0.315 0.489,
						-0.894 0.500 0.454,
						-1.025 0.500 0.361,
						-1.087 0.489 0.298,
						-1.139 0.500 0.255,
						-1.025 0.395 0.255,
						-0.893 0.303 0.255,
						-0.617 0.167 0.255,
						-0.570 0.168 0.295,
						-0.309 0.082 0.255,
						0.617 0.167 0.255,
						0.893 0.303 0.255
					]
				}
				coordIndex
				[
					0, 1, 2, -1,
					2, 1, 3, -1,
					2, 3, 4, -1,
					4, 3, 5, -1,
					4, 5, 6, -1,
					6, 7, 4, -1,
					4, 7, 8, -1,
					4, 8, 9, -1,
					9, 8, 10, -1,
					9, 10, 11, -1,
					11, 10, 12, -1,
					8, 7, 13, -1,
					13, 7, 14, -1,
					13, 14, 15, -1,
					16, 17, 15, -1,
					15, 17, 8, -1,
					15, 8, 13, -1,
					16, 18, 17, -1,
					17, 18, 19, -1,
					17, 19, 20, -1,
					20, 19, 21, -1,
					20, 21, 22, -1,
					22, 23, 20, -1,
					20, 23, 17, -1,
					23, 24, 17, -1,
					17, 24, 25, -1,
					17, 25, 10, -1,
					10, 25, 26, -1,
					10, 26, 12, -1,
					24, 26, 25, -1,
					11, 27, 9, -1,
					9, 27, 4, -1,
					27, 28, 4, -1,
					4, 28, 2, -1,
					28, 0, 2, -1,
					8, 17, 10, -1
				]
				normal Normal
				{
					vector
					[
						0.546 -0.687 0.480,
						0.608 -0.567 0.556,
						0.580 -0.549 0.602,
						0.547 -0.489 0.680,
						0.304 -0.642 0.704,
						0.477 -0.437 0.763,
						0.329 -0.380 0.864,
						0.165 -0.354 0.921,
						-0.000 -0.674 0.739,
						0.304 -0.853 0.425,
						-0.000 -0.895 0.446,
						0.165 -0.923 0.347,
						0.000 -0.940 0.340,
						-0.000 -0.361 0.932,
						-0.000 -0.347 0.938,
						-0.165 -0.354 0.921,
						-0.329 -0.380 0.864,
						-0.304 -0.642 0.704,
						-0.477 -0.437 0.763,
						-0.547 -0.489 0.680,
						-0.580 -0.549 0.602,
						-0.608 -0.567 0.556,
						-0.546 -0.687 0.480,
						-0.476 -0.768 0.428,
						-0.329 -0.868 0.373,
						-0.304 -0.853 0.425,
						-0.165 -0.923 0.347,
						0.329 -0.868 0.373,
						0.476 -0.768 0.428
					]
				}
				normalIndex
				[
					0, 1, 2, -1,
					2, 1, 3, -1,
					2, 3, 4, -1,
					4, 3, 5, -1,
					4, 5, 6, -1,
					6, 7, 4, -1,
					4, 7, 8, -1,
					4, 8, 9, -1,
					9, 8, 10, -1,
					9, 10, 11, -1,
					11, 10, 12, -1,
					8, 7, 13, -1,
					13, 7, 14, -1,
					13, 14, 15, -1,
					16, 17, 15, -1,
					15, 17, 8, -1,
					15, 8, 13, -1,
					16, 18, 17, -1,
					17, 18, 19, -1,
					17, 19, 20, -1,
					20, 19, 21, -1,
					20, 21, 22, -1,
					22, 23, 20, -1,
					20, 23, 17, -1,
					23, 24, 17, -1,
					17, 24, 25, -1,
					17, 25, 10, -1,
					10, 25, 26, -1,
					10, 26, 12, -1,
					24, 26, 25, -1,
					11, 27, 9, -1,
					9, 27, 4, -1,
					27, 28, 4, -1,
					4, 28, 2, -1,
					28, 0, 2, -1,
					8, 17, 10, -1
				]
			}
		}
		Shape
		{
			appearance Appearance
			{
				material Material
				{
					diffuseColor 0.859 0.675 0.204
				}
			}
			geometry IndexedFaceSet
			{
				creaseAngle 0.5
				solid TRUE
				coord Coordinate
				{
					point
					[
						1.529 -0.398 -0.255,
						1.529 -0.398 0.255,
						1.522 -0.450 -0.255,
						1.522 -0.450 0.255,
						1.502 -0.498 0.255,
						1.502 -0.498 -0.255,
						1.471 -0.539 0.255,
						1.471 -0.539 -0.255,
						1.429 -0.571 0.255,
						1.429 -0.571 -0.255,
						1.381 -0.591 -0.255,
						1.381 -0.591 0.255,
						1.329 -0.598 0.255,
						1.329 -0.598 -0.255
					]
				}
				coordIndex
				[
					0, 1, 2, -1,
					2, 1, 3, -1,
					2, 3, 4, -1,
					2, 4, 5, -1,
					5, 4, 6, -1,
					5, 6, 7, -1,
					7, 6, 8, -1,
					7, 8, 9, -1,
					9, 8, 10, -1,
					8, 11, 10, -1,
					10, 11, 12, -1,
					10, 12, 13, -1
				]
				normal Normal
				{
					vector
					[
						1.000 -0.000 0.000,
						0.966 -0.259 0.000,
						0.866 -0.500 0.000,
						0.707 -0.707 0.000,
						0.500 -0.866 0.000,
						0.259 -0.966 0.000,
						0.000 -1.000 0.000
					]
				}
				normalIndex
				[
					0, 0, 1, -1,
					1, 0, 1, -1,
					1, 1, 2, -1,
					1, 2, 2, -1,
					2, 2, 3, -1,
					2, 3, 3, -1,
					3, 3, 4, -1,
					3, 4, 4, -1,
					4, 4, 5, -1,
					4, 5, 5, -1,
					5, 5, 6, -1,
					5, 6, 6, -1
				]
			}
		}
		Shape
		{
			appearance Appearance
			{
				material Material
				{
					diffuseColor 0.859 0.675 0.204
				}
			}
			geometry IndexedFaceSet
			{
				creaseAngle 0.5
				solid TRUE
				coord Coordinate
				{
					point
					[
						1.329 -0.598 0.255,
						-2.850 -0.598 0.255,
						1.329 -0.598 -0.255,
						-2.850 -0.598 -0.255
					]
				}
				coordIndex
				[
					0, 1, 2, -1,
					2, 1, 3, -1
				]
				normal Normal
				{
					vector
					[
						0.000 -1.000 0.000
					]
				}
				normalIndex
				[
					0, 0, 0, -1,
					0, 0, 0, -1
				]
			}
		}
		Shape
		{
			appearance Appearance
			{
				material Material
				{
					diffuseColor 0.859 0.675 0.204
				}
			}
			geometry IndexedFaceSet
			{
				creaseAngle 0.5
				solid TRUE
				coord Coordinate
				{
					point
					[
						-2.850 -0.598 0.255,
						-2.902 -0.591 0.255,
						-2.850 -0.598 -0.255,
						-2.902 -0.591 -0.255,
						-2.950 -0.571 -0.255,
						-2.950 -0.571 0.255,
						-2.991 -0.539 0.255,
						-2.991 -0.539 -0.255,
						-3.023 -0.498 0.255,
						-3.023 -0.498 -0.255,
						-3.043 -0.450 0.255,
						-3.043 -0.450 -0.255,
						-3.050 -0.398 -0.255,
						-3.050 -0.398 0.255
					]
				}
				coordIndex
				[
					0, 1, 2, -1,
					2, 1, 3, -1,
					3, 1, 4, -1,
					4, 1, 5, -1,
					4, 5, 6, -1,
					4, 6, 7, -1,
					7, 6, 8, -1,
					7, 8, 9, -1,
					9, 8, 10, -1,
					9, 10, 11, -1,
					11, 10, 12, -1,
					10, 13, 12, -1
				]
				normal Normal
				{
					vector
					[
						0.000 -1.000 0.000,
						-0.259 -0.966 0.000,
						-0.500 -0.866 0.000,
						-0.707 -0.707 0.000,
						-0.866 -0.500 0.000,
						-0.966 -0.259 0.000,
						-1.000 0.000 0.000
					]
				}
				normalIndex
				[
					0, 1, 0, -1,
					0, 1, 1, -1,
					1, 1, 2, -1,
					2, 1, 2, -1,
					2, 2, 3, -1,
					2, 3, 3, -1,
					3, 3, 4, -1,
					3, 4, 4, -1,
					4, 4, 5, -1,
					4, 5, 5, -1,
					5, 5, 6, -1,
					5, 6, 6, -1
				]
			}
		}
		Shape
		{
			appearance Appearance
			{
				material Material
				{
					diffuseColor 0.859 0.675 0.204
				}
			}
			geometry IndexedFaceSet
			{
				creaseAngle 0.5
				solid TRUE
				coord Coordinate
				{
					point
					[
						-3.050 -0.398 0.255,
						-3.050 -0.310 0.255,
						-3.050 -0.398 -0.255,
						-3.050 -0.310 -0.255
					]
				}
				coordIndex
				[
					0, 1, 2, -1,
					2, 1, 3, -1
				]
				normal Normal
				{
					vector
					[
						-1.000 -0.000 0.000
					]
				}
				normalIndex
				[
					0, 0, 0, -1,
					0, 0, 0, -1
				]
			}
		}
		Shape
		{
			appearance Appearance
			{
				material Material
				{
					diffuseColor 0.859 0.675 0.204
				}
			}
			geometry IndexedFaceSet
			{
				creaseAngle 0.5
				solid TRUE
				coord Coordinate
				{
					point
					[
						-3.050 -0.310 0.255,
						-3.053 -0.284 0.255,
						-3.050 -0.310 -0.255,
						-3.053 -0.284 -0.255,
						-3.063 -0.260 0.255,
						-3.063 -0.260 -0.255,
						-3.079 -0.239 -0.255,
						-3.079 -0.239 0.255,
						-3.100 -0.223 0.255,
						-3.100 -0.223 -0.255,
						-3.124 -0.213 0.255,
						-3.124 -0.213 -0.255,
						-3.150 -0.210 -0.255,
						-3.150 -0.210 0.255
					]
				}
				coordIndex
				[
					0, 1, 2, -1,
					2, 1, 3, -1,
					1, 4, 3, -1,
					3, 4, 5, -1,
					5, 4, 6, -1,
					6, 4, 7, -1,
					6, 7, 8, -1,
					6, 8, 9, -1,
					9, 8, 10, -1,
					9, 10, 11, -1,
					11, 10, 12, -1,
					10, 13, 12, -1
				]
				normal Normal
				{
					vector
					[
						-1.000 -0.000 -0.000,
						-0.966 -0.259 -0.000,
						-0.866 -0.500 -0.000,
						-0.707 -0.707 -0.000,
						-0.500 -0.866 -0.000,
						-0.259 -0.966 -0.000,
						-0.000 -1.000 -0.000
					]
				}
				normalIndex
				[
					0, 1, 0, -1,
					0, 1, 1, -1,
					1, 2, 1, -1,
					1, 2, 2, -1,
					2, 2, 3, -1,
					3, 2, 3, -1,
					3, 3, 4, -1,
					3, 4, 4, -1,
					4, 4, 5, -1,
					4, 5, 5, -1,
					5, 5, 6, -1,
					5, 6, 6, -1
				]
			}
		}
		Shape
		{
			appearance Appearance
			{
				material Material
				{
					diffuseColor 0.859 0.675 0.204
				}
			}
			geometry IndexedFaceSet
			{
				creaseAngle 0.5
				solid TRUE
				coord Coordinate
				{
					point
					[
						-3.150 -0.210 0.255,
						-5.970 -0.210 0.255,
						-3.150 -0.210 -0.255,
						-5.970 -0.210 -0.255
					]
				}
				coordIndex
				[
					0, 1, 2, -1,
					2, 1, 3, -1
				]
				normal Normal
				{
					vector
					[
						0.000 -1.000 0.000
					]
				}
				normalIndex
				[
					0, 0, 0, -1,
					0, 0, 0, -1
				]
			}
		}
		Shape
		{
			appearance Appearance
			{
				material Material
				{
					diffuseColor 0.859 0.675 0.204
				}
			}
			geometry IndexedFaceSet
			{
				creaseAngle 0.5
				solid TRUE
				coord Coordinate
				{
					point
					[
						-5.970 -0.210 0.255,
						-6.068 -0.197 0.255,
						-5.970 -0.210 -0.255,
						-6.068 -0.197 -0.255,
						-6.160 -0.159 -0.255,
						-6.160 -0.159 0.255,
						-6.239 -0.099 0.255,
						-6.239 -0.099 -0.255,
						-6.299 -0.020 0.255,
						-6.299 -0.020 -0.255,
						-6.337 0.072 0.255,
						-6.337 0.072 -0.255,
						-6.350 0.170 -0.255,
						-6.350 0.170 0.255,
						-6.337 0.268 0.255,
						-6.337 0.268 -0.255,
						-6.299 0.360 0.255,
						-6.299 0.360 -0.255,
						-6.239 0.439 -0.255,
						-6.239 0.439 0.255,
						-6.160 0.499 0.255,
						-6.160 0.499 -0.255,
						-6.068 0.537 0.255,
						-6.068 0.537 -0.255,
						-5.970 0.550 -0.255,
						-5.970 0.550 0.255
					]
				}
				coordIndex
				[
					0, 1, 2, -1,
					2, 1, 3, -1,
					3, 1, 4, -1,
					4, 1, 5, -1,
					4, 5, 6, -1,
					4, 6, 7, -1,
					7, 6, 8, -1,
					7, 8, 9, -1,
					9, 8, 10, -1,
					9, 10, 11, -1,
					11, 10, 12, -1,
					10, 13, 12, -1,
					12, 13, 14, -1,
					12, 14, 15, -1,
					15, 14, 16, -1,
					15, 16, 17, -1,
					17, 16, 18, -1,
					16, 19, 18, -1,
					18, 19, 20, -1,
					18, 20, 21, -1,
					21, 20, 22, -1,
					21, 22, 23, -1,
					23, 22, 24, -1,
					22, 25, 24, -1
				]
				normal Normal
				{
					vector
					[
						0.000 -1.000 0.000,
						-0.259 -0.966 0.000,
						-0.500 -0.866 0.000,
						-0.707 -0.707 0.000,
						-0.866 -0.500 0.000,
						-0.966 -0.259 0.000,
						-1.000 -0.000 0.000,
						-0.966 0.259 0.000,
						-0.866 0.500 0.000,
						-0.707 0.707 0.000,
						-0.500 0.866 0.000,
						-0.259 0.966 0.000,
						0.000 1.000 0.000
					]
				}
				normalIndex
				[
					0, 1, 0, -1,
					0, 1, 1, -1,
					1, 1, 2, -1,
					2, 1, 2, -1,
					2, 2, 3, -1,
					2, 3, 3, -1,
					3, 3, 4, -1,
					3, 4, 4, -1,
					4, 4, 5, -1,
					4, 5, 5, -1,
					5, 5, 6, -1,
					5, 6, 6, -1,
					6, 6, 7, -1,
					6, 7, 7, -1,
					7, 7, 8, -1,
					7, 8, 8, -1,
					8, 8, 9, -1,
					8, 9, 9, -1,
					9, 9, 10, -1,
					9, 10, 10, -1,
					10, 10, 11, -1,
					10, 11, 11, -1,
					11, 11, 12, -1,
					11, 12, 12, -1
				]
			}
		}
		Shape
		{
			appearance Appearance
			{
				material Material
				{
					diffuseColor 0.859 0.675 0.204
				}
			}
			geometry IndexedFaceSet
			{
				creaseAngle 0.5
				solid TRUE
				coord Coordinate
				{
					point
					[
						-5.970 0.550 0.255,
						-2.550 0.550 0.255,
						-5.970 0.550 -0.255,
						-2.550 0.550 -0.255
					]
				}
				coordIndex
				[
					0, 1, 2, -1,
					2, 1, 3, -1
				]
				normal Normal
				{
					vector
					[
						-0.000 1.000 0.000
					]
				}
				normalIndex
				[
					0, 0, 0, -1,
					0, 0, 0, -1
				]
			}
		}
		Shape
		{
			appearance Appearance
			{
				material Material
				{
					diffuseColor 0.859 0.675 0.204
				}
			}
			geometry IndexedFaceSet
			{
				creaseAngle 0.5
				solid TRUE
				coord Coordinate
				{
					point
					[
						-2.550 0.550 0.255,
						-2.550 0.360 0.255,
						-2.550 0.550 -0.255,
						-2.550 0.360 -0.255
					]
				}
				coordIndex
				[
					0, 1, 2, -1,
					2, 1, 3, -1
				]
				normal Normal
				{
					vector
					[
						1.000 0.000 0.000
					]
				}
				normalIndex
				[
					0, 0, 0, -1,
					0, 0, 0, -1
				]
			}
		}
		Shape
		{
			appearance Appearance
			{
				material Material
				{
					diffuseColor 0.859 0.675 0.204
				}
			}
			geometry IndexedFaceSet
			{
				creaseAngle 0.5
				solid TRUE
				coord Coordinate
				{
					point
					[
						-2.550 0.360 -0.255,
						-2.550 0.360 0.255,
						-2.540 0.282 -0.255,
						-2.540 0.282 0.255,
						-2.510 0.210 0.255,
						-2.510 0.210 -0.255,
						-2.462 0.148 0.255,
						-2.462 0.148 -0.255,
						-2.400 0.100 0.255,
						-2.400 0.100 -0.255,
						-2.328 0.070 -0.255,
						-2.328 0.070 0.255,
						-2.250 0.060 0.255,
						-2.250 0.060 -0.255,
						-2.172 0.070 0.255,
						-2.172 0.070 -0.255,
						-2.100 0.100 -0.255,
						-2.100 0.100 0.255,
						-2.038 0.148 0.255,
						-2.038 0.148 -0.255,
						-1.990 0.210 0.255,
						-1.990 0.210 -0.255,
						-1.960 0.282 0.255,
						-1.960 0.282 -0.255,
						-1.950 0.360 -0.255,
						-1.950 0.360 0.255
					]
				}
				coordIndex
				[
					0, 1, 2, -1,
					2, 1, 3, -1,
					2, 3, 4, -1,
					2, 4, 5, -1,
					5, 4, 6, -1,
					5, 6, 7, -1,
					7, 6, 8, -1,
					7, 8, 9, -1,
					9, 8, 10, -1,
					8, 11, 10, -1,
					10, 11, 12, -1,
					10, 12, 13, -1,
					13, 12, 14, -1,
					13, 14, 15, -1,
					15, 14, 16, -1,
					14, 17, 16, -1,
					16, 17, 18, -1,
					16, 18, 19, -1,
					19, 18, 20, -1,
					19, 20, 21, -1,
					21, 20, 22, -1,
					21, 22, 23, -1,
					23, 22, 24, -1,
					22, 25, 24, -1
				]
				normal Normal
				{
					vector
					[
						1.000 0.000 -0.000,
						0.966 0.259 -0.000,
						0.866 0.500 -0.000,
						0.707 0.707 -0.000,
						0.500 0.866 -0.000,
						0.259 0.966 -0.000,
						-0.000 1.000 -0.000,
						-0.259 0.966 -0.000,
						-0.500 0.866 -0.000,
						-0.707 0.707 -0.000,
						-0.866 0.500 -0.000,
						-0.966 0.259 -0.000,
						-1.000 -0.000 -0.000
					]
				}
				normalIndex
				[
					0, 0, 1, -1,
					1, 0, 1, -1,
					1, 1, 2, -1,
					1, 2, 2, -1,
					2, 2, 3, -1,
					2, 3, 3, -1,
					3, 3, 4, -1,
					3, 4, 4, -1,
					4, 4, 5, -1,
					4, 5, 5, -1,
					5, 5, 6, -1,
					5, 6, 6, -1,
					6, 6, 7, -1,
					6, 7, 7, -1,
					7, 7, 8, -1,
					7, 8, 8, -1,
					8, 8, 9, -1,
					8, 9, 9, -1,
					9, 9, 10, -1,
					9, 10, 10, -1,
					10, 10, 11, -1,
					10, 11, 11, -1,
					11, 11, 12, -1,
					11, 12, 12, -1
				]
			}
		}
		Shape
		{
			appearance Appearance
			{
				material Material
				{
					diffuseColor 0.859 0.675 0.204
				}
			}
			geometry IndexedFaceSet
			{
				creaseAngle 0.5
				solid TRUE
				coord Coordinate
				{
					point
					[
						-1.950 0.500 -0.255,
						-1.950 0.360 -0.255,
						-1.950 0.500 0.255,
						-1.950 0.360 0.255
					]
				}
				coordIndex
				[
					0, 1, 2, -1,
					2, 1, 3, -1
				]
				normal Normal
				{
					vector
					[
						-1.000 -0.000 0.000
					]
				}
				normalIndex
				[
					0, 0, 0, -1,
					0, 0, 0, -1
				]
			}
		}
		Shape
		{
			appearance Appearance
			{
				material Material
				{
					diffuseColor 0.859 0.675 0.204
				}
			}
			geometry IndexedFaceSet
			{
				creaseAngle 0.5
				solid TRUE
				coord Coordinate
				{
					point
					[
						-1.950 0.500 0.255,
						-1.950 0.360 0.255,
						-1.139 0.500 0.255,
						-1.960 0.282 0.255,
						-1.025 0.395 0.255,
						-1.990 0.210 0.255,
						-0.893 0.303 0.255,
						-2.038 0.148 0.255,
						-2.100 0.100 0.255,
						-2.172 0.070 0.255,
						-2.850 -0.598 0.255,
						-0.617 0.167 0.255,
						-2.250 0.060 0.255,
						-2.328 0.070 0.255,
						-2.400 0.100 0.255,
						-3.053 -0.284 0.255,
						-2.462 0.148 0.255,
						-3.063 -0.260 0.255,
						-2.510 0.210 0.255,
						-3.079 -0.239 0.255,
						-3.100 -0.223 0.255,
						-2.540 0.282 0.255,
						-3.124 -0.213 0.255,
						-2.550 0.360 0.255,
						-3.150 -0.210 0.255,
						-2.550 0.550 0.255,
						-5.970 0.550 0.255,
						-5.970 -0.210 0.255,
						-6.068 -0.197 0.255,
						-6.068 0.537 0.255,
						-6.160 -0.159 0.255,
						-6.160 0.499 0.255,
						-6.239 -0.099 0.255,
						-6.239 0.439 0.255,
						-6.299 -0.020 0.255,
						-6.299 0.360 0.255,
						-6.337 0.072 0.255,
						-6.337 0.268 0.255,
						-6.350 0.170 0.255,
						-3.050 -0.310 0.255,
						-3.050 -0.398 0.255,
						-2.902 -0.591 0.255,
						-2.950 -0.571 0.255,
						-3.043 -0.450 0.255,
						-3.023 -0.498 0.255,
						-2.991 -0.539 0.255,
						-0.309 0.082 0.255,
						1.329 -0.598 0.255,
						0.000 0.055 0.255,
						0.309 0.082 0.255,
						1.381 -0.591 0.255,
						1.429 -0.571 0.255,
						1.471 -0.539 0.255,
						1.502 -0.498 0.255,
						1.522 -0.450 0.255,
						1.529 -0.398 0.255,
						0.893 0.303 0.255,
						1.025 0.395 0.255,
						1.529 0.500 0.255,
						1.139 0.500 0.255,
						0.617 0.167 0.255
					]
				}
				coordIndex
				[
					0, 1, 2, -1,
					2, 1, 3, -1,
					2, 3, 4, -1,
					4, 3, 5, -1,
					4, 5, 6, -1,
					6, 5, 7, -1,
					6, 7, 8, -1,
					9, 10, 8, -1,
					8, 10, 11, -1,
					8, 11, 6, -1,
					9, 12, 10, -1,
					10, 12, 13, -1,
					10, 13, 14, -1,
					10, 14, 15, -1,
					15, 14, 16, -1,
					15, 16, 17, -1,
					17, 16, 18, -1,
					17, 18, 19, -1,
					19, 18, 20, -1,
					18, 21, 20, -1,
					20, 21, 22, -1,
					21, 23, 22, -1,
					22, 23, 24, -1,
					23, 25, 24, -1,
					24, 25, 26, -1,
					24, 26, 27, -1,
					27, 26, 28, -1,
					26, 29, 28, -1,
					28, 29, 30, -1,
					29, 31, 30, -1,
					30, 31, 32, -1,
					31, 33, 32, -1,
					32, 33, 34, -1,
					33, 35, 34, -1,
					34, 35, 36, -1,
					35, 37, 36, -1,
					36, 37, 38, -1,
					15, 39, 10, -1,
					10, 39, 40, -1,
					10, 40, 41, -1,
					41, 40, 42, -1,
					43, 44, 40, -1,
					40, 44, 45, -1,
					40, 45, 42, -1,
					11, 10, 46, -1,
					46, 10, 47, -1,
					46, 47, 48, -1,
					48, 47, 49, -1,
					50, 51, 47, -1,
					47, 51, 52, -1,
					47, 52, 53, -1,
					53, 54, 47, -1,
					47, 54, 55, -1,
					47, 55, 56, -1,
					56, 55, 57, -1,
					55, 58, 57, -1,
					57, 58, 59, -1,
					56, 60, 47, -1,
					47, 60, 49, -1
				]
				normal Normal
				{
					vector
					[
						0.000 0.000 1.000
					]
				}
				normalIndex
				[
					0, 0, 0, -1,
					0, 0, 0, -1,
					0, 0, 0, -1,
					0, 0, 0, -1,
					0, 0, 0, -1,
					0, 0, 0, -1,
					0, 0, 0, -1,
					0, 0, 0, -1,
					0, 0, 0, -1,
					0, 0, 0, -1,
					0, 0, 0, -1,
					0, 0, 0, -1,
					0, 0, 0, -1,
					0, 0, 0, -1,
					0, 0, 0, -1,
					0, 0, 0, -1,
					0, 0, 0, -1,
					0, 0, 0, -1,
					0, 0, 0, -1,
					0, 0, 0, -1,
					0, 0, 0, -1,
					0, 0, 0, -1,
					0, 0, 0, -1,
					0, 0, 0, -1,
					0, 0, 0, -1,
					0, 0, 0, -1,
					0, 0, 0, -1,
					0, 0, 0, -1,
					0, 0, 0, -1,
					0, 0, 0, -1,
					0, 0, 0, -1,
					0, 0, 0, -1,
					0, 0, 0, -1,
					0, 0, 0, -1,
					0, 0, 0, -1,
					0, 0, 0, -1,
					0, 0, 0, -1,
					0, 0, 0, -1,
					0, 0, 0, -1,
					0, 0, 0, -1,
					0, 0, 0, -1,
					0, 0, 0, -1,
					0, 0, 0, -1,
					0, 0, 0, -1,
					0, 0, 0, -1,
					0, 0, 0, -1,
					0, 0, 0, -1,
					0, 0, 0, -1,
					0, 0, 0, -1,
					0, 0, 0, -1,
					0, 0, 0, -1,
					0, 0, 0, -1,
					0, 0, 0, -1,
					0, 0, 0, -1,
					0, 0, 0, -1,
					0, 0, 0, -1,
					0, 0, 0, -1,
					0, 0, 0, -1,
					0, 0, 0, -1
				]
			}
		}
		Shape
		{
			appearance Appearance
			{
				material Material
				{
					diffuseColor 0.859 0.886 0.914
				}
			}
			geometry IndexedFaceSet
			{
				creaseAngle 0.5
				solid TRUE
				coord Coordinate
				{
					point
					[
						1.100 13.040 0.722,
						1.227 13.040 0.412,
						1.227 18.247 1.237,
						1.270 13.040 0.079,
						1.270 18.298 0.912,
						1.227 13.040 -0.254,
						1.227 18.350 0.587,
						1.100 18.398 0.285,
						1.100 18.199 1.539,
						0.898 18.158 1.799,
						0.898 13.040 0.988,
						0.773 13.040 1.099,
						0.635 18.126 1.998,
						0.635 13.040 1.193,
						0.486 13.040 1.267,
						0.329 18.106 2.124,
						0.329 13.040 1.321,
						0.166 13.040 1.354,
						0.166 18.101 2.156,
						-0.000 13.040 1.365,
						-0.000 18.100 2.166,
						-0.166 18.101 2.156,
						-0.166 13.040 1.354,
						-0.329 13.040 1.321,
						-0.329 18.106 2.124,
						-0.486 13.040 1.267,
						-0.635 18.126 1.998,
						-0.635 13.040 1.193,
						-0.773 13.040 1.099,
						-0.898 18.158 1.799,
						-0.898 13.040 0.988,
						-1.100 18.199 1.539,
						-1.100 13.040 0.722,
						-1.227 18.247 1.237,
						-1.227 13.040 0.412,
						-1.270 13.040 0.079,
						-1.270 18.298 0.912,
						-1.227 13.040 -0.254,
						-1.227 18.350 0.587,
						-1.100 18.398 0.285,
						-1.100 13.040 -0.564,
						-0.898 18.439 0.025,
						-0.898 13.040 -0.830,
						-0.773 13.040 -0.941,
						-0.635 18.470 -0.174,
						-0.635 13.040 -1.034,
						-0.486 13.040 -1.109,
						-0.329 18.490 -0.300,
						-0.329 13.040 -1.163,
						-0.166 13.040 -1.196,
						-0.166 18.495 -0.332,
						0.000 18.497 -0.342,
						0.000 13.040 -1.207,
						0.166 13.040 -1.196,
						0.166 18.495 -0.332,
						0.329 13.040 -1.163,
						0.329 18.490 -0.300,
						0.486 13.040 -1.109,
						0.635 18.470 -0.174,
						0.635 13.040 -1.034,
						0.773 13.040 -0.941,
						0.898 18.439 0.025,
						0.898 13.040 -0.830,
						1.100 13.040 -0.564
					]
				}
				coordIndex
				[
					0, 1, 2, -1,
					2, 1, 3, -1,
					2, 3, 4, -1,
					4, 3, 5, -1,
					4, 5, 6, -1,
					6, 5, 7, -1,
					2, 8, 0, -1,
					0, 8, 9, -1,
					0, 9, 10, -1,
					10, 9, 11, -1,
					9, 12, 11, -1,
					11, 12, 13, -1,
					13, 12, 14, -1,
					14, 12, 15, -1,
					14, 15, 16, -1,
					16, 15, 17, -1,
					15, 18, 17, -1,
					17, 18, 19, -1,
					18, 20, 19, -1,
					19, 20, 21, -1,
					19, 21, 22, -1,
					22, 21, 23, -1,
					21, 24, 23, -1,
					23, 24, 25, -1,
					24, 26, 25, -1,
					25, 26, 27, -1,
					27, 26, 28, -1,
					28, 26, 29, -1,
					28, 29, 30, -1,
					30, 29, 31, -1,
					30, 31, 32, -1,
					32, 31, 33, -1,
					32, 33, 34, -1,
					34, 33, 35, -1,
					33, 36, 35, -1,
					35, 36, 37, -1,
					36, 38, 37, -1,
					37, 38, 39, -1,
					37, 39, 40, -1,
					40, 39, 41, -1,
					40, 41, 42, -1,
					42, 41, 43, -1,
					41, 44, 43, -1,
					43, 44, 45, -1,
					45, 44, 46, -1,
					46, 44, 47, -1,
					46, 47, 48, -1,
					48, 47, 49, -1,
					47, 50, 49, -1,
					49, 50, 51, -1,
					49, 51, 52, -1,
					52, 51, 53, -1,
					51, 54, 53, -1,
					53, 54, 55, -1,
					54, 56, 55, -1,
					55, 56, 57, -1,
					56, 58, 57, -1,
					57, 58, 59, -1,
					59, 58, 60, -1,
					60, 58, 61, -1,
					60, 61, 62, -1,
					62, 61, 7, -1,
					62, 7, 63, -1,
					63, 7, 5, -1
				]
				normal Normal
				{
					vector
					[
						0.866 -0.078 0.494,
						0.966 -0.040 0.256,
						1.000 0.000 -0.000,
						1.000 -0.000 0.000,
						0.966 0.040 -0.256,
						0.866 0.078 -0.494,
						0.707 -0.111 0.698,
						0.609 -0.124 0.784,
						0.500 -0.135 0.855,
						0.383 -0.145 0.913,
						0.259 -0.151 0.954,
						0.131 -0.155 0.979,
						-0.000 -0.156 0.988,
						-0.131 -0.155 0.979,
						-0.259 -0.151 0.954,
						-0.383 -0.145 0.913,
						-0.500 -0.135 0.855,
						-0.609 -0.124 0.784,
						-0.707 -0.111 0.698,
						-0.866 -0.078 0.494,
						-0.966 -0.040 0.256,
						-1.000 -0.000 0.000,
						-0.966 0.040 -0.256,
						-0.866 0.078 -0.494,
						-0.707 0.111 -0.698,
						-0.609 0.124 -0.784,
						-0.500 0.135 -0.855,
						-0.383 0.145 -0.913,
						-0.259 0.151 -0.954,
						-0.131 0.155 -0.979,
						0.000 0.156 -0.988,
						0.131 0.155 -0.979,
						0.259 0.151 -0.954,
						0.383 0.145 -0.913,
						0.500 0.135 -0.855,
						0.609 0.124 -0.784,
						0.707 0.111 -0.698
					]
				}
				normalIndex
				[
					0, 1, 1, -1,
					1, 1, 2, -1,
					1, 2, 3, -1,
					3, 2, 4, -1,
					3, 4, 4, -1,
					4, 4, 5, -1,
					1, 0, 0, -1,
					0, 0, 6, -1,
					0, 6, 6, -1,
					6, 6, 7, -1,
					6, 8, 7, -1,
					7, 8, 8, -1,
					8, 8, 9, -1,
					9, 8, 10, -1,
					9, 10, 10, -1,
					10, 10, 11, -1,
					10, 11, 11, -1,
					11, 11, 12, -1,
					11, 12, 12, -1,
					12, 12, 13, -1,
					12, 13, 13, -1,
					13, 13, 14, -1,
					13, 14, 14, -1,
					14, 14, 15, -1,
					14, 16, 15, -1,
					15, 16, 16, -1,
					16, 16, 17, -1,
					17, 16, 18, -1,
					17, 18, 18, -1,
					18, 18, 19, -1,
					18, 19, 19, -1,
					19, 19, 20, -1,
					19, 20, 20, -1,
					20, 20, 21, -1,
					20, 21, 21, -1,
					21, 21, 22, -1,
					21, 22, 22, -1,
					22, 22, 23, -1,
					22, 23, 23, -1,
					23, 23, 24, -1,
					23, 24, 24, -1,
					24, 24, 25, -1,
					24, 26, 25, -1,
					25, 26, 26, -1,
					26, 26, 27, -1,
					27, 26, 28, -1,
					27, 28, 28, -1,
					28, 28, 29, -1,
					28, 29, 29, -1,
					29, 29, 30, -1,
					29, 30, 30, -1,
					30, 30, 31, -1,
					30, 31, 31, -1,
					31, 31, 32, -1,
					31, 32, 32, -1,
					32, 32, 33, -1,
					32, 34, 33, -1,
					33, 34, 34, -1,
					34, 34, 35, -1,
					35, 34, 36, -1,
					35, 36, 36, -1,
					36, 36, 5, -1,
					36, 5, 5, -1,
					5, 5, 4, -1
				]
			}
		}
		Shape
		{
			appearance Appearance
			{
				material Material
				{
					diffuseColor 0.859 0.886 0.914
				}
			}
			geometry IndexedFaceSet
			{
				creaseAngle 0.5
				solid TRUE
				coord Coordinate
				{
					point
					[
						1.100 18.398 0.285,
						1.081 18.597 0.316,
						1.227 18.350 0.587,
						1.229 18.560 0.730,
						1.270 18.298 0.912,
						1.229 18.491 1.166,
						1.227 18.247 1.237,
						1.081 18.398 1.571,
						1.100 18.199 1.539,
						0.898 18.158 1.799,
						0.898 18.439 0.025,
						0.802 18.599 -0.025,
						0.935 18.969 0.375,
						0.694 18.875 0.018,
						0.663 19.264 0.422,
						0.492 19.094 0.053,
						0.301 19.442 0.450,
						0.223 19.226 0.074,
						-0.101 19.479 0.456,
						-0.075 19.253 0.078,
						-0.490 19.370 0.439,
						-0.364 19.172 0.065,
						-0.813 19.129 0.401,
						-0.603 18.994 0.037,
						-1.026 18.790 0.347,
						-0.761 18.742 -0.003,
						-0.898 18.439 0.025,
						-0.635 18.470 -0.174,
						0.635 18.470 -0.174,
						0.427 18.564 -0.254,
						0.369 18.711 -0.231,
						0.262 18.827 -0.212,
						0.119 18.898 -0.201,
						-0.040 18.912 -0.199,
						-0.194 18.869 -0.206,
						-0.321 18.774 -0.221,
						-0.405 18.640 -0.242,
						-0.329 18.490 -0.300,
						0.329 18.490 -0.300,
						0.166 18.495 -0.332,
						0.000 18.497 -0.342,
						-0.166 18.495 -0.332,
						-1.100 18.398 0.285,
						-1.227 18.350 0.587,
						-1.166 18.779 0.765,
						-1.270 18.298 0.912,
						-1.166 18.710 1.201,
						-1.227 18.247 1.237,
						-1.026 18.591 1.601,
						-1.100 18.199 1.539,
						-0.898 18.158 1.799,
						-0.761 18.437 1.919,
						-0.635 18.126 1.998,
						-0.405 18.267 2.115,
						-0.329 18.106 2.124,
						-0.166 18.101 2.156,
						-0.000 18.100 2.166,
						0.166 18.101 2.156,
						0.427 18.190 2.103,
						0.329 18.106 2.124,
						0.635 18.126 1.998,
						0.802 18.294 1.896,
						-0.321 18.401 2.137,
						-0.603 18.689 1.959,
						-0.364 18.868 1.987,
						-0.490 19.171 1.693,
						-0.101 19.281 1.711,
						-0.115 19.494 1.325,
						0.342 19.452 1.318,
						0.342 19.521 0.882,
						0.754 19.319 0.850,
						1.063 18.983 0.797,
						1.063 18.914 1.233,
						0.754 19.250 1.286,
						0.935 18.771 1.630,
						0.663 19.066 1.676,
						0.301 19.244 1.705,
						0.694 18.570 1.940,
						0.492 18.789 1.975,
						0.223 18.922 1.996,
						-0.075 18.949 2.000,
						0.369 18.337 2.127,
						0.262 18.454 2.145,
						0.119 18.524 2.156,
						-0.040 18.539 2.158,
						-0.194 18.496 2.152,
						-0.813 18.931 1.655,
						-0.924 19.096 1.262,
						-0.924 19.165 0.826,
						-0.115 19.563 0.889,
						-0.557 19.370 1.305,
						-0.557 19.439 0.869
					]
				}
				coordIndex
				[
					0, 1, 2, -1,
					2, 1, 3, -1,
					2, 3, 4, -1,
					4, 3, 5, -1,
					4, 5, 6, -1,
					6, 5, 7, -1,
					6, 7, 8, -1,
					8, 7, 9, -1,
					0, 10, 1, -1,
					1, 10, 11, -1,
					1, 11, 12, -1,
					12, 11, 13, -1,
					12, 13, 14, -1,
					14, 13, 15, -1,
					14, 15, 16, -1,
					16, 15, 17, -1,
					16, 17, 18, -1,
					18, 17, 19, -1,
					18, 19, 20, -1,
					20, 19, 21, -1,
					20, 21, 22, -1,
					22, 21, 23, -1,
					22, 23, 24, -1,
					24, 23, 25, -1,
					24, 25, 26, -1,
					26, 25, 27, -1,
					10, 28, 11, -1,
					11, 28, 29, -1,
					11, 29, 13, -1,
					13, 29, 30, -1,
					13, 30, 15, -1,
					15, 30, 31, -1,
					15, 31, 17, -1,
					17, 31, 32, -1,
					17, 32, 19, -1,
					19, 32, 33, -1,
					19, 33, 21, -1,
					21, 33, 34, -1,
					21, 34, 23, -1,
					23, 34, 35, -1,
					23, 35, 25, -1,
					25, 35, 36, -1,
					25, 36, 27, -1,
					27, 36, 37, -1,
					28, 38, 29, -1,
					29, 38, 39, -1,
					29, 39, 40, -1,
					40, 41, 36, -1,
					36, 41, 37, -1,
					26, 42, 24, -1,
					24, 42, 43, -1,
					24, 43, 44, -1,
					44, 43, 45, -1,
					44, 45, 46, -1,
					46, 45, 47, -1,
					46, 47, 48, -1,
					48, 47, 49, -1,
					48, 49, 50, -1,
					48, 50, 51, -1,
					51, 50, 52, -1,
					51, 52, 53, -1,
					53, 52, 54, -1,
					53, 54, 55, -1,
					56, 57, 58, -1,
					58, 57, 59, -1,
					58, 59, 60, -1,
					58, 60, 61, -1,
					61, 60, 9, -1,
					61, 9, 7, -1,
					29, 40, 30, -1,
					30, 40, 31, -1,
					31, 40, 32, -1,
					32, 40, 33, -1,
					33, 40, 34, -1,
					34, 40, 35, -1,
					35, 40, 36, -1,
					55, 56, 53, -1,
					53, 56, 62, -1,
					53, 62, 63, -1,
					63, 62, 64, -1,
					63, 64, 65, -1,
					65, 64, 66, -1,
					65, 66, 67, -1,
					67, 66, 68, -1,
					67, 68, 69, -1,
					69, 68, 70, -1,
					69, 70, 14, -1,
					14, 70, 12, -1,
					3, 1, 71, -1,
					71, 1, 12, -1,
					71, 12, 70, -1,
					5, 3, 72, -1,
					72, 3, 71, -1,
					72, 71, 73, -1,
					73, 71, 70, -1,
					73, 70, 68, -1,
					7, 5, 74, -1,
					74, 5, 72, -1,
					74, 72, 75, -1,
					75, 72, 73, -1,
					75, 73, 76, -1,
					76, 73, 68, -1,
					76, 68, 66, -1,
					61, 7, 77, -1,
					77, 7, 74, -1,
					77, 74, 78, -1,
					78, 74, 75, -1,
					78, 75, 79, -1,
					79, 75, 76, -1,
					79, 76, 80, -1,
					80, 76, 66, -1,
					80, 66, 64, -1,
					58, 61, 81, -1,
					81, 61, 77, -1,
					81, 77, 82, -1,
					82, 77, 78, -1,
					82, 78, 83, -1,
					83, 78, 79, -1,
					83, 79, 84, -1,
					84, 79, 80, -1,
					84, 80, 85, -1,
					85, 80, 64, -1,
					85, 64, 62, -1,
					53, 63, 51, -1,
					51, 63, 86, -1,
					51, 86, 48, -1,
					48, 86, 87, -1,
					48, 87, 46, -1,
					46, 87, 88, -1,
					46, 88, 44, -1,
					44, 88, 22, -1,
					44, 22, 24, -1,
					81, 56, 58, -1,
					82, 56, 81, -1,
					14, 16, 69, -1,
					69, 16, 89, -1,
					69, 89, 67, -1,
					67, 89, 90, -1,
					67, 90, 65, -1,
					65, 90, 86, -1,
					65, 86, 63, -1,
					83, 56, 82, -1,
					16, 18, 89, -1,
					89, 18, 91, -1,
					89, 91, 90, -1,
					90, 91, 87, -1,
					90, 87, 86, -1,
					84, 56, 83, -1,
					18, 20, 91, -1,
					91, 20, 88, -1,
					91, 88, 87, -1,
					85, 56, 84, -1,
					22, 88, 20, -1,
					62, 56, 85, -1
				]
				normal Normal
				{
					vector
					[
						0.866 0.078 -0.494,
						0.851 0.235 -0.469,
						0.966 0.040 -0.256,
						0.968 0.206 -0.143,
						1.000 0.000 -0.000,
						0.968 0.152 0.200,
						0.966 -0.040 0.256,
						0.851 0.079 0.519,
						0.866 -0.078 0.494,
						0.707 -0.111 0.698,
						0.707 0.111 -0.698,
						0.632 0.236 -0.738,
						0.736 0.529 -0.423,
						0.547 0.454 -0.704,
						0.522 0.761 -0.386,
						0.387 0.626 -0.676,
						0.237 0.901 -0.364,
						0.176 0.730 -0.660,
						-0.080 0.930 -0.359,
						-0.059 0.752 -0.656,
						-0.386 0.844 -0.373,
						-0.287 0.688 -0.667,
						-0.640 0.654 -0.403,
						-0.475 0.548 -0.689,
						-0.808 0.387 -0.445,
						-0.599 0.349 -0.720,
						-0.707 0.111 -0.698,
						-0.500 0.135 -0.855,
						0.500 0.135 -0.855,
						0.336 0.209 -0.918,
						0.291 0.325 -0.900,
						0.206 0.417 -0.885,
						0.094 0.472 -0.877,
						-0.032 0.483 -0.875,
						-0.152 0.449 -0.880,
						-0.253 0.375 -0.892,
						-0.319 0.269 -0.909,
						-0.259 0.151 -0.954,
						0.259 0.151 -0.954,
						0.131 0.155 -0.979,
						0.000 0.156 -0.988,
						-0.131 0.155 -0.979,
						-0.866 0.078 -0.494,
						-0.966 0.040 -0.256,
						-0.918 0.379 -0.116,
						-1.000 0.000 -0.000,
						-0.918 0.324 0.227,
						-0.966 -0.040 0.256,
						-0.808 0.231 0.543,
						-0.866 -0.078 0.494,
						-0.707 -0.111 0.698,
						-0.599 0.110 0.793,
						-0.500 -0.135 0.855,
						-0.319 -0.025 0.947,
						-0.259 -0.151 0.954,
						-0.131 -0.155 0.979,
						-0.000 -0.156 0.988,
						0.131 -0.155 0.979,
						0.336 -0.085 0.938,
						0.259 -0.151 0.954,
						0.500 -0.135 0.855,
						0.632 -0.003 0.775,
						-0.253 0.081 0.964,
						-0.475 0.308 0.824,
						-0.287 0.448 0.847,
						-0.386 0.687 0.615,
						-0.080 0.773 0.629,
						-0.091 0.941 0.325,
						0.270 0.908 0.320,
						0.270 0.963 -0.023,
						0.593 0.803 -0.049,
						0.837 0.539 -0.090,
						0.837 0.485 0.253,
						0.593 0.749 0.294,
						0.736 0.372 0.565,
						0.522 0.604 0.602,
						0.237 0.744 0.624,
						0.547 0.214 0.810,
						0.387 0.387 0.837,
						0.176 0.491 0.853,
						-0.059 0.512 0.857,
						0.291 0.031 0.956,
						0.206 0.123 0.971,
						0.094 0.178 0.980,
						-0.032 0.189 0.981,
						-0.152 0.155 0.976,
						-0.640 0.498 0.585,
						-0.728 0.628 0.275,
						-0.728 0.682 -0.068,
						-0.091 0.996 -0.018,
						-0.439 0.844 0.309,
						-0.439 0.898 -0.034
					]
				}
				normalIndex
				[
					0, 1, 2, -1,
					2, 1, 3, -1,
					2, 3, 4, -1,
					4, 3, 5, -1,
					4, 5, 6, -1,
					6, 5, 7, -1,
					6, 7, 8, -1,
					8, 7, 9, -1,
					0, 10, 1, -1,
					1, 10, 11, -1,
					1, 11, 12, -1,
					12, 11, 13, -1,
					12, 13, 14, -1,
					14, 13, 15, -1,
					14, 15, 16, -1,
					16, 15, 17, -1,
					16, 17, 18, -1,
					18, 17, 19, -1,
					18, 19, 20, -1,
					20, 19, 21, -1,
					20, 21, 22, -1,
					22, 21, 23, -1,
					22, 23, 24, -1,
					24, 23, 25, -1,
					24, 25, 26, -1,
					26, 25, 27, -1,
					10, 28, 11, -1,
					11, 28, 29, -1,
					11, 29, 13, -1,
					13, 29, 30, -1,
					13, 30, 15, -1,
					15, 30, 31, -1,
					15, 31, 17, -1,
					17, 31, 32, -1,
					17, 32, 19, -1,
					19, 32, 33, -1,
					19, 33, 21, -1,
					21, 33, 34, -1,
					21, 34, 23, -1,
					23, 34, 35, -1,
					23, 35, 25, -1,
					25, 35, 36, -1,
					25, 36, 27, -1,
					27, 36, 37, -1,
					28, 38, 29, -1,
					29, 38, 39, -1,
					29, 39, 40, -1,
					40, 41, 36, -1,
					36, 41, 37, -1,
					26, 42, 24, -1,
					24, 42, 43, -1,
					24, 43, 44, -1,
					44, 43, 45, -1,
					44, 45, 46, -1,
					46, 45, 47, -1,
					46, 47, 48, -1,
					48, 47, 49, -1,
					48, 49, 50, -1,
					48, 50, 51, -1,
					51, 50, 52, -1,
					51, 52, 53, -1,
					53, 52, 54, -1,
					53, 54, 55, -1,
					56, 57, 58, -1,
					58, 57, 59, -1,
					58, 59, 60, -1,
					58, 60, 61, -1,
					61, 60, 9, -1,
					61, 9, 7, -1,
					29, 40, 30, -1,
					30, 40, 31, -1,
					31, 40, 32, -1,
					32, 40, 33, -1,
					33, 40, 34, -1,
					34, 40, 35, -1,
					35, 40, 36, -1,
					55, 56, 53, -1,
					53, 56, 62, -1,
					53, 62, 63, -1,
					63, 62, 64, -1,
					63, 64, 65, -1,
					65, 64, 66, -1,
					65, 66, 67, -1,
					67, 66, 68, -1,
					67, 68, 69, -1,
					69, 68, 70, -1,
					69, 70, 14, -1,
					14, 70, 12, -1,
					3, 1, 71, -1,
					71, 1, 12, -1,
					71, 12, 70, -1,
					5, 3, 72, -1,
					72, 3, 71, -1,
					72, 71, 73, -1,
					73, 71, 70, -1,
					73, 70, 68, -1,
					7, 5, 74, -1,
					74, 5, 72, -1,
					74, 72, 75, -1,
					75, 72, 73, -1,
					75, 73, 76, -1,
					76, 73, 68, -1,
					76, 68, 66, -1,
					61, 7, 77, -1,
					77, 7, 74, -1,
					77, 74, 78, -1,
					78, 74, 75, -1,
					78, 75, 79, -1,
					79, 75, 76, -1,
					79, 76, 80, -1,
					80, 76, 66, -1,
					80, 66, 64, -1,
					58, 61, 81, -1,
					81, 61, 77, -1,
					81, 77, 82, -1,
					82, 77, 78, -1,
					82, 78, 83, -1,
					83, 78, 79, -1,
					83, 79, 84, -1,
					84, 79, 80, -1,
					84, 80, 85, -1,
					85, 80, 64, -1,
					85, 64, 62, -1,
					53, 63, 51, -1,
					51, 63, 86, -1,
					51, 86, 48, -1,
					48, 86, 87, -1,
					48, 87, 46, -1,
					46, 87, 88, -1,
					46, 88, 44, -1,
					44, 88, 22, -1,
					44, 22, 24, -1,
					81, 56, 58, -1,
					82, 56, 81, -1,
					14, 16, 69, -1,
					69, 16, 89, -1,
					69, 89, 67, -1,
					67, 89, 90, -1,
					67, 90, 65, -1,
					65, 90, 86, -1,
					65, 86, 63, -1,
					83, 56, 82, -1,
					16, 18, 89, -1,
					89, 18, 91, -1,
					89, 91, 90, -1,
					90, 91, 87, -1,
					90, 87, 86, -1,
					84, 56, 83, -1,
					18, 20, 91, -1,
					91, 20, 88, -1,
					91, 88, 87, -1,
					85, 56, 84, -1,
					22, 88, 20, -1,
					62, 56, 85, -1
				]
			}
		}
		Shape
		{
			appearance Appearance
			{
				material Material
				{
					diffuseColor 1.000 0.000 0.000
				}
			}
			geometry IndexedFaceSet
			{
				creaseAngle 0.5
				solid TRUE
				coord Coordinate
				{
					point
					[
						-2.400 8.890 -0.000,
						-2.318 8.890 0.621,
						-2.318 10.052 0.621,
						-2.078 8.890 1.200,
						-2.078 10.052 1.200,
						-1.697 8.890 1.697,
						-1.697 10.052 1.697,
						-1.200 8.890 2.078,
						-1.200 10.052 2.078,
						-0.621 8.890 2.318,
						-0.621 10.052 2.318,
						0.000 8.890 2.400,
						-0.000 10.052 2.400,
						0.621 8.890 2.318,
						0.621 10.052 2.318,
						1.200 8.890 2.078,
						1.200 10.052 2.078,
						1.697 8.890 1.697,
						1.697 10.052 1.697,
						2.078 8.890 1.200,
						2.078 10.052 1.200,
						2.318 8.890 0.621,
						2.318 10.052 0.621,
						2.400 8.890 0.000,
						2.400 10.052 0.000,
						2.318 8.890 -0.621,
						2.318 10.052 -0.621,
						2.078 8.890 -1.200,
						2.078 10.052 -1.200,
						1.697 8.890 -1.697,
						1.697 10.052 -1.697,
						1.200 8.890 -2.078,
						1.200 10.052 -2.078,
						0.621 8.890 -2.318,
						0.621 10.052 -2.318,
						0.000 8.890 -2.400,
						0.000 10.052 -2.400,
						-0.621 8.890 -2.318,
						-0.621 10.052 -2.318,
						-1.200 8.890 -2.078,
						-1.200 10.052 -2.078,
						-1.697 8.890 -1.697,
						-1.697 10.052 -1.697,
						-2.078 8.890 -1.200,
						-2.078 10.052 -1.200,
						-2.318 8.890 -0.621,
						-2.318 10.052 -0.621,
						-2.400 10.052 -0.000
					]
				}
				coordIndex
				[
					0, 1, 2, -1,
					2, 1, 3, -1,
					2, 3, 4, -1,
					4, 3, 5, -1,
					4, 5, 6, -1,
					6, 5, 7, -1,
					6, 7, 8, -1,
					8, 7, 9, -1,
					8, 9, 10, -1,
					10, 9, 11, -1,
					10, 11, 12, -1,
					12, 11, 13, -1,
					12, 13, 14, -1,
					14, 13, 15, -1,
					14, 15, 16, -1,
					16, 15, 17, -1,
					16, 17, 18, -1,
					18, 17, 19, -1,
					18, 19, 20, -1,
					20, 19, 21, -1,
					20, 21, 22, -1,
					22, 21, 23, -1,
					22, 23, 24, -1,
					24, 23, 25, -1,
					24, 25, 26, -1,
					26, 25, 27, -1,
					26, 27, 28, -1,
					28, 27, 29, -1,
					28, 29, 30, -1,
					30, 29, 31, -1,
					30, 31, 32, -1,
					32, 31, 33, -1,
					32, 33, 34, -1,
					34, 33, 35, -1,
					34, 35, 36, -1,
					36, 35, 37, -1,
					36, 37, 38, -1,
					38, 37, 39, -1,
					38, 39, 40, -1,
					40, 39, 41, -1,
					40, 41, 42, -1,
					42, 41, 43, -1,
					42, 43, 44, -1,
					44, 43, 45, -1,
					44, 45, 46, -1,
					46, 45, 47, -1,
					2, 47, 0, -1,
					0, 47, 45, -1
				]
				normal Normal
				{
					vector
					[
						-1.000 -0.000 0.000,
						-0.966 0.000 0.259,
						-0.866 0.000 0.500,
						-0.707 0.000 0.707,
						-0.500 0.000 0.866,
						-0.259 0.000 0.966,
						0.000 0.000 1.000,
						-0.000 0.000 1.000,
						0.259 0.000 0.966,
						0.500 0.000 0.866,
						0.707 0.000 0.707,
						0.866 0.000 0.500,
						0.966 0.000 0.259,
						1.000 0.000 0.000,
						0.966 0.000 -0.259,
						0.866 0.000 -0.500,
						0.707 0.000 -0.707,
						0.500 0.000 -0.866,
						0.259 0.000 -0.966,
						0.000 0.000 -1.000,
						-0.259 0.000 -0.966,
						-0.500 0.000 -0.866,
						-0.707 0.000 -0.707,
						-0.866 0.000 -0.500,
						-0.966 0.000 -0.259
					]
				}
				normalIndex
				[
					0, 1, 1, -1,
					1, 1, 2, -1,
					1, 2, 2, -1,
					2, 2, 3, -1,
					2, 3, 3, -1,
					3, 3, 4, -1,
					3, 4, 4, -1,
					4, 4, 5, -1,
					4, 5, 5, -1,
					5, 5, 6, -1,
					5, 6, 7, -1,
					7, 6, 8, -1,
					7, 8, 8, -1,
					8, 8, 9, -1,
					8, 9, 9, -1,
					9, 9, 10, -1,
					9, 10, 10, -1,
					10, 10, 11, -1,
					10, 11, 11, -1,
					11, 11, 12, -1,
					11, 12, 12, -1,
					12, 12, 13, -1,
					12, 13, 13, -1,
					13, 13, 14, -1,
					13, 14, 14, -1,
					14, 14, 15, -1,
					14, 15, 15, -1,
					15, 15, 16, -1,
					15, 16, 16, -1,
					16, 16, 17, -1,
					16, 17, 17, -1,
					17, 17, 18, -1,
					17, 18, 18, -1,
					18, 18, 19, -1,
					18, 19, 19, -1,
					19, 19, 20, -1,
					19, 20, 20, -1,
					20, 20, 21, -1,
					20, 21, 21, -1,
					21, 21, 22, -1,
					21, 22, 22, -1,
					22, 22, 23, -1,
					22, 23, 23, -1,
					23, 23, 24, -1,
					23, 24, 24, -1,
					24, 24, 0, -1,
					1, 0, 0, -1,
					0, 0, 24, -1
				]
			}
		}
		Shape
		{
			appearance Appearance
			{
				material Material
				{
					diffuseColor 1.000 0.000 0.000
				}
			}
			geometry IndexedFaceSet
			{
				creaseAngle 0.5
				solid TRUE
				coord Coordinate
				{
					point
					[
						1.720 13.540 -0.853,
						1.720 10.052 -0.853,
						1.460 13.540 -1.247,
						1.460 10.052 -1.247,
						1.111 10.052 -1.566,
						1.111 13.540 -1.566,
						0.694 10.052 -1.790,
						0.694 13.540 -1.790,
						0.236 10.052 -1.905,
						0.236 13.540 -1.905,
						-0.236 13.540 -1.905,
						-0.236 10.052 -1.905,
						-0.694 10.052 -1.790,
						-0.694 13.540 -1.790,
						-1.111 10.052 -1.566,
						-1.111 13.540 -1.566,
						-1.460 10.052 -1.247,
						-1.460 13.540 -1.247,
						-1.720 13.540 -0.853,
						-1.720 10.052 -0.853
					]
				}
				coordIndex
				[
					0, 1, 2, -1,
					2, 1, 3, -1,
					2, 3, 4, -1,
					2, 4, 5, -1,
					5, 4, 6, -1,
					5, 6, 7, -1,
					7, 6, 8, -1,
					7, 8, 9, -1,
					9, 8, 10, -1,
					8, 11, 10, -1,
					10, 11, 12, -1,
					10, 12, 13, -1,
					13, 12, 14, -1,
					13, 14, 15, -1,
					15, 14, 16, -1,
					15, 16, 17, -1,
					17, 16, 18, -1,
					16, 19, 18, -1
				]
				normal Normal
				{
					vector
					[
						0.896 0.000 -0.444,
						0.760 0.000 -0.650,
						0.578 0.000 -0.816,
						0.362 0.000 -0.932,
						0.123 0.000 -0.992,
						-0.123 0.000 -0.992,
						-0.362 0.000 -0.932,
						-0.578 0.000 -0.816,
						-0.760 0.000 -0.650,
						-0.896 0.000 -0.444
					]
				}
				normalIndex
				[
					0, 0, 1, -1,
					1, 0, 1, -1,
					1, 1, 2, -1,
					1, 2, 2, -1,
					2, 2, 3, -1,
					2, 3, 3, -1,
					3, 3, 4, -1,
					3, 4, 4, -1,
					4, 4, 5, -1,
					4, 5, 5, -1,
					5, 5, 6, -1,
					5, 6, 6, -1,
					6, 6, 7, -1,
					6, 7, 7, -1,
					7, 7, 8, -1,
					7, 8, 8, -1,
					8, 8, 9, -1,
					8, 9, 9, -1
				]
			}
		}
		Shape
		{
			appearance Appearance
			{
				material Material
				{
					diffuseColor 1.000 0.000 0.000
				}
			}
			geometry IndexedFaceSet
			{
				creaseAngle 0.5
				solid TRUE
				coord Coordinate
				{
					point
					[
						-1.720 13.540 -0.853,
						-1.720 10.052 -0.853,
						-1.720 13.040 -0.000,
						-1.720 10.052 0.853,
						-1.720 13.540 0.853,
						-1.720 13.540 -0.000
					]
				}
				coordIndex
				[
					0, 1, 2, -1,
					2, 1, 3, -1,
					2, 3, 4, -1,
					4, 5, 2, -1,
					2, 5, 0, -1
				]
				normal Normal
				{
					vector
					[
						-1.000 0.000 -0.000
					]
				}
				normalIndex
				[
					0, 0, 0, -1,
					0, 0, 0, -1,
					0, 0, 0, -1,
					0, 0, 0, -1,
					0, 0, 0, -1
				]
			}
		}
		Shape
		{
			appearance Appearance
			{
				material Material
				{
					diffuseColor 1.000 0.000 0.000
				}
			}
			geometry IndexedFaceSet
			{
				creaseAngle 0.5
				solid TRUE
				coord Coordinate
				{
					point
					[
						-1.720 13.540 -0.000,
						-1.661 13.540 -0.445,
						-1.720 13.540 -0.853,
						-1.490 13.540 -0.860,
						-1.460 13.540 -1.247,
						-1.216 13.540 -1.216,
						-1.111 13.540 -1.566,
						-0.860 13.540 -1.490,
						-0.694 13.540 -1.790,
						-0.445 13.540 -1.661,
						-0.236 13.540 -1.905,
						-0.000 13.540 -1.720,
						0.236 13.540 -1.905,
						0.445 13.540 -1.661,
						0.694 13.540 -1.790,
						0.860 13.540 -1.490,
						1.111 13.540 -1.566,
						1.216 13.540 -1.216,
						1.460 13.540 -1.247,
						1.490 13.540 -0.860,
						1.720 13.540 -0.853,
						1.661 13.540 -0.445,
						1.720 13.540 0.000
					]
				}
				coordIndex
				[
					0, 1, 2, -1,
					2, 1, 3, -1,
					2, 3, 4, -1,
					4, 3, 5, -1,
					4, 5, 6, -1,
					6, 5, 7, -1,
					6, 7, 8, -1,
					8, 7, 9, -1,
					8, 9, 10, -1,
					10, 9, 11, -1,
					10, 11, 12, -1,
					12, 11, 13, -1,
					12, 13, 14, -1,
					14, 13, 15, -1,
					14, 15, 16, -1,
					16, 15, 17, -1,
					16, 17, 18, -1,
					18, 17, 19, -1,
					18, 19, 20, -1,
					20, 19, 21, -1,
					20, 21, 22, -1
				]
				normal Normal
				{
					vector
					[
						0.000 1.000 0.000,
						-0.000 1.000 0.000
					]
				}
				normalIndex
				[
					0, 0, 0, -1,
					0, 0, 0, -1,
					0, 0, 0, -1,
					0, 0, 0, -1,
					0, 0, 1, -1,
					1, 0, 0, -1,
					1, 0, 1, -1,
					1, 0, 0, -1,
					1, 0, 1, -1,
					1, 0, 1, -1,
					1, 1, 0, -1,
					0, 1, 0, -1,
					0, 0, 0, -1,
					0, 0, 0, -1,
					0, 0, 0, -1,
					0, 0, 0, -1,
					0, 0, 0, -1,
					0, 0, 0, -1,
					0, 0, 0, -1,
					0, 0, 0, -1,
					0, 0, 0, -1
				]
			}
		}
		Shape
		{
			appearance Appearance
			{
				material Material
				{
					diffuseColor 1.000 0.000 0.000
				}
			}
			geometry IndexedFaceSet
			{
				creaseAngle 0.5
				solid TRUE
				coord Coordinate
				{
					point
					[
						-1.720 13.040 -0.000,
						-1.720 13.540 -0.000,
						-1.661 13.040 0.445,
						-1.661 13.540 0.445,
						-1.490 13.540 0.860,
						-1.490 13.040 0.860,
						-1.216 13.540 1.216,
						-1.216 13.040 1.216,
						-0.860 13.540 1.490,
						-0.860 13.040 1.490,
						-0.445 13.040 1.661,
						-0.445 13.540 1.661,
						0.000 13.540 1.720,
						0.000 13.040 1.720,
						0.445 13.540 1.661,
						0.445 13.040 1.661,
						0.860 13.540 1.490,
						0.860 13.040 1.490,
						1.216 13.540 1.216,
						1.216 13.040 1.216,
						1.490 13.040 0.860,
						1.490 13.540 0.860,
						1.661 13.540 0.445,
						1.661 13.040 0.445,
						1.720 13.540 0.000,
						1.720 13.040 0.000
					]
				}
				coordIndex
				[
					0, 1, 2, -1,
					2, 1, 3, -1,
					2, 3, 4, -1,
					2, 4, 5, -1,
					5, 4, 6, -1,
					5, 6, 7, -1,
					7, 6, 8, -1,
					7, 8, 9, -1,
					9, 8, 10, -1,
					8, 11, 10, -1,
					10, 11, 12, -1,
					10, 12, 13, -1,
					13, 12, 14, -1,
					13, 14, 15, -1,
					15, 14, 16, -1,
					15, 16, 17, -1,
					17, 16, 18, -1,
					17, 18, 19, -1,
					19, 18, 20, -1,
					18, 21, 20, -1,
					20, 21, 22, -1,
					20, 22, 23, -1,
					23, 22, 24, -1,
					23, 24, 25, -1
				]
				normal Normal
				{
					vector
					[
						1.000 -0.000 0.000,
						0.966 -0.000 -0.259,
						0.866 -0.000 -0.500,
						0.707 -0.000 -0.707,
						0.500 -0.000 -0.866,
						0.259 -0.000 -0.966,
						-0.000 -0.000 -1.000,
						-0.259 -0.000 -0.966,
						-0.500 -0.000 -0.866,
						-0.707 -0.000 -0.707,
						-0.866 -0.000 -0.500,
						-0.966 -0.000 -0.259,
						-1.000 -0.000 -0.000
					]
				}
				normalIndex
				[
					0, 0, 1, -1,
					1, 0, 1, -1,
					1, 1, 2, -1,
					1, 2, 2, -1,
					2, 2, 3, -1,
					2, 3, 3, -1,
					3, 3, 4, -1,
					3, 4, 4, -1,
					4, 4, 5, -1,
					4, 5, 5, -1,
					5, 5, 6, -1,
					5, 6, 6, -1,
					6, 6, 7, -1,
					6, 7, 7, -1,
					7, 7, 8, -1,
					7, 8, 8, -1,
					8, 8, 9, -1,
					8, 9, 9, -1,
					9, 9, 10, -1,
					9, 10, 10, -1,
					10, 10, 11, -1,
					10, 11, 11, -1,
					11, 11, 12, -1,
					11, 12, 12, -1
				]
			}
		}
		Shape
		{
			appearance Appearance
			{
				material Material
				{
					diffuseColor 1.000 0.000 0.000
				}
			}
			geometry IndexedFaceSet
			{
				creaseAngle 0.5
				solid TRUE
				coord Coordinate
				{
					point
					[
						1.720 13.540 0.853,
						1.720 10.052 0.853,
						1.720 13.040 0.000,
						1.720 10.052 -0.853,
						1.720 13.540 -0.853,
						1.720 13.540 0.000
					]
				}
				coordIndex
				[
					0, 1, 2, -1,
					2, 1, 3, -1,
					2, 3, 4, -1,
					4, 5, 2, -1,
					2, 5, 0, -1
				]
				normal Normal
				{
					vector
					[
						1.000 0.000 0.000
					]
				}
				normalIndex
				[
					0, 0, 0, -1,
					0, 0, 0, -1,
					0, 0, 0, -1,
					0, 0, 0, -1,
					0, 0, 0, -1
				]
			}
		}
		Shape
		{
			appearance Appearance
			{
				material Material
				{
					diffuseColor 1.000 0.000 0.000
				}
			}
			geometry IndexedFaceSet
			{
				creaseAngle 0.5
				solid TRUE
				coord Coordinate
				{
					point
					[
						-1.720 13.540 0.853,
						-1.720 10.052 0.853,
						-1.460 13.540 1.247,
						-1.460 10.052 1.247,
						-1.111 10.052 1.566,
						-1.111 13.540 1.566,
						-0.694 10.052 1.790,
						-0.694 13.540 1.790,
						-0.236 10.052 1.905,
						-0.236 13.540 1.905,
						0.236 13.540 1.905,
						0.236 10.052 1.905,
						0.694 10.052 1.790,
						0.694 13.540 1.790,
						1.111 10.052 1.566,
						1.111 13.540 1.566,
						1.460 10.052 1.247,
						1.460 13.540 1.247,
						1.720 13.540 0.853,
						1.720 10.052 0.853
					]
				}
				coordIndex
				[
					0, 1, 2, -1,
					2, 1, 3, -1,
					2, 3, 4, -1,
					2, 4, 5, -1,
					5, 4, 6, -1,
					5, 6, 7, -1,
					7, 6, 8, -1,
					7, 8, 9, -1,
					9, 8, 10, -1,
					8, 11, 10, -1,
					10, 11, 12, -1,
					10, 12, 13, -1,
					13, 12, 14, -1,
					13, 14, 15, -1,
					15, 14, 16, -1,
					15, 16, 17, -1,
					17, 16, 18, -1,
					16, 19, 18, -1
				]
				normal Normal
				{
					vector
					[
						-0.896 0.000 0.444,
						-0.760 0.000 0.650,
						-0.578 0.000 0.816,
						-0.362 0.000 0.932,
						-0.123 0.000 0.992,
						0.123 0.000 0.992,
						0.362 0.000 0.932,
						0.578 0.000 0.816,
						0.760 0.000 0.650,
						0.896 0.000 0.444
					]
				}
				normalIndex
				[
					0, 0, 1, -1,
					1, 0, 1, -1,
					1, 1, 2, -1,
					1, 2, 2, -1,
					2, 2, 3, -1,
					2, 3, 3, -1,
					3, 3, 4, -1,
					3, 4, 4, -1,
					4, 4, 5, -1,
					4, 5, 5, -1,
					5, 5, 6, -1,
					5, 6, 6, -1,
					6, 6, 7, -1,
					6, 7, 7, -1,
					7, 7, 8, -1,
					7, 8, 8, -1,
					8, 8, 9, -1,
					8, 9, 9, -1
				]
			}
		}
		Shape
		{
			appearance Appearance
			{
				material Material
				{
					diffuseColor 1.000 0.000 0.000
				}
			}
			geometry IndexedFaceSet
			{
				creaseAngle 0.5
				solid TRUE
				coord Coordinate
				{
					point
					[
						-1.720 13.540 -0.000,
						-1.720 13.040 -0.000,
						-1.661 13.540 -0.445,
						-1.661 13.040 -0.445,
						-1.490 13.040 -0.860,
						-1.490 13.540 -0.860,
						-1.216 13.040 -1.216,
						-1.216 13.540 -1.216,
						-0.860 13.040 -1.490,
						-0.860 13.540 -1.490,
						-0.445 13.540 -1.661,
						-0.445 13.040 -1.661,
						-0.000 13.040 -1.720,
						-0.000 13.540 -1.720,
						0.445 13.040 -1.661,
						0.445 13.540 -1.661,
						0.860 13.040 -1.490,
						0.860 13.540 -1.490,
						1.216 13.040 -1.216,
						1.216 13.540 -1.216,
						1.490 13.540 -0.860,
						1.490 13.040 -0.860,
						1.661 13.040 -0.445,
						1.661 13.540 -0.445,
						1.720 13.040 0.000,
						1.720 13.540 0.000
					]
				}
				coordIndex
				[
					0, 1, 2, -1,
					2, 1, 3, -1,
					2, 3, 4, -1,
					2, 4, 5, -1,
					5, 4, 6, -1,
					5, 6, 7, -1,
					7, 6, 8, -1,
					7, 8, 9, -1,
					9, 8, 10, -1,
					8, 11, 10, -1,
					10, 11, 12, -1,
					10, 12, 13, -1,
					13, 12, 14, -1,
					13, 14, 15, -1,
					15, 14, 16, -1,
					15, 16, 17, -1,
					17, 16, 18, -1,
					17, 18, 19, -1,
					19, 18, 20, -1,
					18, 21, 20, -1,
					20, 21, 22, -1,
					20, 22, 23, -1,
					23, 22, 24, -1,
					23, 24, 25, -1
				]
				normal Normal
				{
					vector
					[
						1.000 -0.000 0.000,
						0.966 -0.000 0.259,
						0.866 -0.000 0.500,
						0.707 -0.000 0.707,
						0.500 -0.000 0.866,
						0.259 -0.000 0.966,
						0.000 -0.000 1.000,
						-0.259 -0.000 0.966,
						-0.500 -0.000 0.866,
						-0.707 -0.000 0.707,
						-0.866 -0.000 0.500,
						-0.966 -0.000 0.259,
						-1.000 -0.000 -0.000
					]
				}
				normalIndex
				[
					0, 0, 1, -1,
					1, 0, 1, -1,
					1, 1, 2, -1,
					1, 2, 2, -1,
					2, 2, 3, -1,
					2, 3, 3, -1,
					3, 3, 4, -1,
					3, 4, 4, -1,
					4, 4, 5, -1,
					4, 5, 5, -1,
					5, 5, 6, -1,
					5, 6, 6, -1,
					6, 6, 7, -1,
					6, 7, 7, -1,
					7, 7, 8, -1,
					7, 8, 8, -1,
					8, 8, 9, -1,
					8, 9, 9, -1,
					9, 9, 10, -1,
					9, 10, 10, -1,
					10, 10, 11, -1,
					10, 11, 11, -1,
					11, 11, 12, -1,
					11, 12, 12, -1
				]
			}
		}
		Shape
		{
			appearance Appearance
			{
				material Material
				{
					diffuseColor 1.000 0.000 0.000
				}
			}
			geometry IndexedFaceSet
			{
				creaseAngle 0.5
				solid TRUE
				coord Coordinate
				{
					point
					[
						0.166 13.040 1.354,
						-0.000 13.040 1.365,
						0.000 13.040 1.720,
						-0.166 13.040 1.354,
						-0.445 13.040 1.661,
						-0.329 13.040 1.321,
						-0.486 13.040 1.267,
						-0.860 13.040 1.490,
						-0.635 13.040 1.193,
						-0.773 13.040 1.099,
						-1.216 13.040 1.216,
						-0.898 13.040 0.988,
						-1.100 13.040 0.722,
						-1.490 13.040 0.860,
						-1.227 13.040 0.412,
						-1.661 13.040 0.445,
						-1.270 13.040 0.079,
						-1.720 13.040 -0.000,
						-1.227 13.040 -0.254,
						-1.661 13.040 -0.445,
						-1.100 13.040 -0.564,
						-1.490 13.040 -0.860,
						-0.898 13.040 -0.830,
						-1.216 13.040 -1.216,
						-0.773 13.040 -0.941,
						-0.860 13.040 -1.490,
						-0.635 13.040 -1.034,
						-0.486 13.040 -1.109,
						-0.445 13.040 -1.661,
						-0.329 13.040 -1.163,
						-0.166 13.040 -1.196,
						-0.000 13.040 -1.720,
						0.000 13.040 -1.207,
						0.166 13.040 -1.196,
						0.445 13.040 -1.661,
						0.329 13.040 -1.163,
						0.486 13.040 -1.109,
						0.860 13.040 -1.490,
						0.635 13.040 -1.034,
						0.773 13.040 -0.941,
						1.216 13.040 -1.216,
						0.898 13.040 -0.830,
						1.490 13.040 -0.860,
						1.100 13.040 -0.564,
						1.661 13.040 -0.445,
						1.227 13.040 -0.254,
						1.720 13.040 0.000,
						1.270 13.040 0.079,
						1.661 13.040 0.445,
						1.227 13.040 0.412,
						1.490 13.040 0.860,
						1.100 13.040 0.722,
						1.216 13.040 1.216,
						0.898 13.040 0.988,
						0.773 13.040 1.099,
						0.860 13.040 1.490,
						0.635 13.040 1.193,
						0.486 13.040 1.267,
						0.445 13.040 1.661,
						0.329 13.040 1.321
					]
				}
				coordIndex
				[
					0, 1, 2, -1,
					2, 1, 3, -1,
					2, 3, 4, -1,
					4, 3, 5, -1,
					4, 5, 6, -1,
					4, 6, 7, -1,
					7, 6, 8, -1,
					7, 8, 9, -1,
					7, 9, 10, -1,
					10, 9, 11, -1,
					10, 11, 12, -1,
					10, 12, 13, -1,
					13, 12, 14, -1,
					13, 14, 15, -1,
					15, 14, 16, -1,
					15, 16, 17, -1,
					17, 16, 18, -1,
					17, 18, 19, -1,
					19, 18, 20, -1,
					19, 20, 21, -1,
					21, 20, 22, -1,
					21, 22, 23, -1,
					23, 22, 24, -1,
					23, 24, 25, -1,
					25, 24, 26, -1,
					25, 26, 27, -1,
					25, 27, 28, -1,
					28, 27, 29, -1,
					28, 29, 30, -1,
					28, 30, 31, -1,
					31, 30, 32, -1,
					31, 32, 33, -1,
					31, 33, 34, -1,
					34, 33, 35, -1,
					34, 35, 36, -1,
					34, 36, 37, -1,
					37, 36, 38, -1,
					37, 38, 39, -1,
					37, 39, 40, -1,
					40, 39, 41, -1,
					40, 41, 42, -1,
					42, 41, 43, -1,
					42, 43, 44, -1,
					44, 43, 45, -1,
					44, 45, 46, -1,
					46, 45, 47, -1,
					46, 47, 48, -1,
					48, 47, 49, -1,
					48, 49, 50, -1,
					50, 49, 51, -1,
					50, 51, 52, -1,
					52, 51, 53, -1,
					52, 53, 54, -1,
					52, 54, 55, -1,
					55, 54, 56, -1,
					55, 56, 57, -1,
					55, 57, 58, -1,
					58, 57, 59, -1,
					58, 59, 0, -1,
					2, 58, 0, -1
				]
				normal Normal
				{
					vector
					[
						-0.000 1.000 -0.000
					]
				}
				normalIndex
				[
					0, 0, 0, -1,
					0, 0, 0, -1,
					0, 0, 0, -1,
					0, 0, 0, -1,
					0, 0, 0, -1,
					0, 0, 0, -1,
					0, 0, 0, -1,
					0, 0, 0, -1,
					0, 0, 0, -1,
					0, 0, 0, -1,
					0, 0, 0, -1,
					0, 0, 0, -1,
					0, 0, 0, -1,
					0, 0, 0, -1,
					0, 0, 0, -1,
					0, 0, 0, -1,
					0, 0, 0, -1,
					0, 0, 0, -1,
					0, 0, 0, -1,
					0, 0, 0, -1,
					0, 0, 0, -1,
					0, 0, 0, -1,
					0, 0, 0, -1,
					0, 0, 0, -1,
					0, 0, 0, -1,
					0, 0, 0, -1,
					0, 0, 0, -1,
					0, 0, 0, -1,
					0, 0, 0, -1,
					0, 0, 0, -1,
					0, 0, 0, -1,
					0, 0, 0, -1,
					0, 0, 0, -1,
					0, 0, 0, -1,
					0, 0, 0, -1,
					0, 0, 0, -1,
					0, 0, 0, -1,
					0, 0, 0, -1,
					0, 0, 0, -1,
					0, 0, 0, -1,
					0, 0, 0, -1,
					0, 0, 0, -1,
					0, 0, 0, -1,
					0, 0, 0, -1,
					0, 0, 0, -1,
					0, 0, 0, -1,
					0, 0, 0, -1,
					0, 0, 0, -1,
					0, 0, 0, -1,
					0, 0, 0, -1,
					0, 0, 0, -1,
					0, 0, 0, -1,
					0, 0, 0, -1,
					0, 0, 0, -1,
					0, 0, 0, -1,
					0, 0, 0, -1,
					0, 0, 0, -1,
					0, 0, 0, -1,
					0, 0, 0, -1,
					0, 0, 0, -1
				]
			}
		}
		Shape
		{
			appearance Appearance
			{
				material Material
				{
					diffuseColor 1.000 0.000 0.000
				}
			}
			geometry IndexedFaceSet
			{
				creaseAngle 0.5
				solid TRUE
				coord Coordinate
				{
					point
					[
						-1.720 13.540 -0.000,
						-1.720 13.540 0.853,
						-1.661 13.540 0.445,
						-1.490 13.540 0.860,
						-1.460 13.540 1.247,
						-1.216 13.540 1.216,
						-1.111 13.540 1.566,
						-0.860 13.540 1.490,
						-0.694 13.540 1.790,
						-0.445 13.540 1.661,
						-0.236 13.540 1.905,
						0.000 13.540 1.720,
						0.236 13.540 1.905,
						0.445 13.540 1.661,
						0.694 13.540 1.790,
						0.860 13.540 1.490,
						1.111 13.540 1.566,
						1.216 13.540 1.216,
						1.460 13.540 1.247,
						1.490 13.540 0.860,
						1.720 13.540 0.853,
						1.661 13.540 0.445,
						1.720 13.540 0.000
					]
				}
				coordIndex
				[
					0, 1, 2, -1,
					2, 1, 3, -1,
					1, 4, 3, -1,
					3, 4, 5, -1,
					4, 6, 5, -1,
					5, 6, 7, -1,
					6, 8, 7, -1,
					7, 8, 9, -1,
					8, 10, 9, -1,
					9, 10, 11, -1,
					10, 12, 11, -1,
					11, 12, 13, -1,
					12, 14, 13, -1,
					13, 14, 15, -1,
					14, 16, 15, -1,
					15, 16, 17, -1,
					16, 18, 17, -1,
					17, 18, 19, -1,
					18, 20, 19, -1,
					19, 20, 21, -1,
					20, 22, 21, -1
				]
				normal Normal
				{
					vector
					[
						0.000 1.000 0.000,
						-0.000 1.000 0.000
					]
				}
				normalIndex
				[
					0, 0, 0, -1,
					0, 0, 0, -1,
					0, 0, 0, -1,
					0, 0, 0, -1,
					0, 0, 0, -1,
					0, 0, 0, -1,
					0, 0, 0, -1,
					0, 0, 0, -1,
					0, 0, 0, -1,
					0, 0, 1, -1,
					0, 1, 1, -1,
					1, 1, 0, -1,
					1, 1, 0, -1,
					0, 1, 0, -1,
					1, 1, 0, -1,
					0, 1, 0, -1,
					1, 0, 0, -1,
					0, 0, 0, -1,
					0, 0, 0, -1,
					0, 0, 0, -1,
					0, 0, 0, -1
				]
			}
		}
		Shape
		{
			appearance Appearance
			{
				material Material
				{
					diffuseColor 1.000 0.000 0.000
				}
			}
			geometry IndexedFaceSet
			{
				creaseAngle 0.5
				solid TRUE
				coord Coordinate
				{
					point
					[
						-2.078 10.052 -1.200,
						-2.318 10.052 -0.621,
						-1.720 10.052 -0.853,
						-2.400 10.052 -0.000,
						-1.720 10.052 0.853,
						-2.318 10.052 0.621,
						-2.078 10.052 1.200,
						-1.460 10.052 -1.247,
						-1.697 10.052 -1.697,
						-1.111 10.052 -1.566,
						-1.200 10.052 -2.078,
						-0.694 10.052 -1.790,
						-0.621 10.052 -2.318,
						-0.236 10.052 -1.905,
						0.000 10.052 -2.400,
						0.236 10.052 -1.905,
						0.621 10.052 -2.318,
						0.694 10.052 -1.790,
						1.200 10.052 -2.078,
						1.111 10.052 -1.566,
						1.697 10.052 -1.697,
						1.460 10.052 -1.247,
						2.078 10.052 -1.200,
						1.720 10.052 -0.853,
						2.318 10.052 -0.621,
						2.400 10.052 0.000,
						1.720 10.052 0.853,
						2.318 10.052 0.621,
						2.078 10.052 1.200,
						1.460 10.052 1.247,
						1.697 10.052 1.697,
						1.111 10.052 1.566,
						1.200 10.052 2.078,
						0.694 10.052 1.790,
						0.621 10.052 2.318,
						0.236 10.052 1.905,
						-0.000 10.052 2.400,
						-0.236 10.052 1.905,
						-0.621 10.052 2.318,
						-0.694 10.052 1.790,
						-1.200 10.052 2.078,
						-1.111 10.052 1.566,
						-1.697 10.052 1.697,
						-1.460 10.052 1.247
					]
				}
				coordIndex
				[
					0, 1, 2, -1,
					2, 1, 3, -1,
					2, 3, 4, -1,
					4, 3, 5, -1,
					4, 5, 6, -1,
					2, 7, 0, -1,
					0, 7, 8, -1,
					7, 9, 8, -1,
					8, 9, 10, -1,
					9, 11, 10, -1,
					10, 11, 12, -1,
					11, 13, 12, -1,
					12, 13, 14, -1,
					13, 15, 14, -1,
					14, 15, 16, -1,
					15, 17, 16, -1,
					16, 17, 18, -1,
					17, 19, 18, -1,
					18, 19, 20, -1,
					19, 21, 20, -1,
					20, 21, 22, -1,
					21, 23, 22, -1,
					22, 23, 24, -1,
					24, 23, 25, -1,
					25, 23, 26, -1,
					25, 26, 27, -1,
					27, 26, 28, -1,
					26, 29, 28, -1,
					28, 29, 30, -1,
					29, 31, 30, -1,
					30, 31, 32, -1,
					31, 33, 32, -1,
					32, 33, 34, -1,
					33, 35, 34, -1,
					34, 35, 36, -1,
					35, 37, 36, -1,
					36, 37, 38, -1,
					37, 39, 38, -1,
					38, 39, 40, -1,
					39, 41, 40, -1,
					40, 41, 42, -1,
					41, 43, 42, -1,
					42, 43, 6, -1,
					43, 4, 6, -1
				]
				normal Normal
				{
					vector
					[
						0.000 1.000 0.000,
						-0.000 1.000 0.000
					]
				}
				normalIndex
				[
					0, 0, 0, -1,
					0, 0, 0, -1,
					0, 0, 0, -1,
					0, 0, 0, -1,
					0, 0, 0, -1,
					0, 0, 0, -1,
					0, 0, 1, -1,
					0, 0, 1, -1,
					1, 0, 1, -1,
					0, 0, 1, -1,
					1, 0, 1, -1,
					0, 0, 1, -1,
					1, 0, 0, -1,
					0, 1, 0, -1,
					0, 1, 0, -1,
					1, 0, 0, -1,
					0, 0, 0, -1,
					0, 0, 0, -1,
					0, 0, 0, -1,
					0, 0, 0, -1,
					0, 0, 0, -1,
					0, 0, 0, -1,
					0, 0, 0, -1,
					0, 0, 0, -1,
					0, 0, 0, -1,
					0, 0, 0, -1,
					0, 0, 0, -1,
					0, 0, 0, -1,
					0, 0, 1, -1,
					0, 0, 1, -1,
					1, 0, 1, -1,
					0, 0, 1, -1,
					1, 0, 1, -1,
					0, 0, 1, -1,
					1, 0, 0, -1,
					0, 1, 0, -1,
					0, 1, 0, -1,
					1, 0, 0, -1,
					0, 0, 0, -1,
					0, 0, 0, -1,
					0, 0, 0, -1,
					0, 0, 0, -1,
					0, 0, 0, -1,
					0, 0, 0, -1
				]
			}
		}
		Shape
		{
			appearance Appearance
			{
				material Material
				{
					diffuseColor 1.000 0.000 0.000
				}
			}
			geometry IndexedFaceSet
			{
				creaseAngle 0.5
				solid TRUE
				coord Coordinate
				{
					point
					[
						-2.540 0.500 3.565,
						-2.040 0.500 3.565,
						-2.540 0.000 3.565,
						-2.040 0.000 3.565
					]
				}
				coordIndex
				[
					0, 1, 2, -1,
					2, 1, 3, -1
				]
				normal Normal
				{
					vector
					[
						-0.000 -0.000 -1.000
					]
				}
				normalIndex
				[
					0, 0, 0, -1,
					0, 0, 0, -1
				]
			}
		}
		Shape
		{
			appearance Appearance
			{
				material Material
				{
					diffuseColor 1.000 0.000 0.000
				}
			}
			geometry IndexedFaceSet
			{
				creaseAngle 0.5
				solid TRUE
				coord Coordinate
				{
					point
					[
						-2.540 0.000 -3.565,
						-2.040 0.000 -3.565,
						-2.540 0.500 -3.565,
						-2.040 0.500 -3.565
					]
				}
				coordIndex
				[
					0, 1, 2, -1,
					2, 1, 3, -1
				]
				normal Normal
				{
					vector
					[
						0.000 0.000 1.000
					]
				}
				normalIndex
				[
					0, 0, 0, -1,
					0, 0, 0, -1
				]
			}
		}
		Shape
		{
			appearance Appearance
			{
				material Material
				{
					diffuseColor 1.000 0.000 0.000
				}
			}
			geometry IndexedFaceSet
			{
				creaseAngle 0.5
				solid TRUE
				coord Coordinate
				{
					point
					[
						2.540 0.500 -3.565,
						2.040 0.500 -3.565,
						2.540 0.000 -3.565,
						2.040 0.000 -3.565
					]
				}
				coordIndex
				[
					0, 1, 2, -1,
					2, 1, 3, -1
				]
				normal Normal
				{
					vector
					[
						0.000 0.000 1.000
					]
				}
				normalIndex
				[
					0, 0, 0, -1,
					0, 0, 0, -1
				]
			}
		}
		Shape
		{
			appearance Appearance
			{
				material Material
				{
					diffuseColor 1.000 0.000 0.000
				}
			}
			geometry IndexedFaceSet
			{
				creaseAngle 0.5
				solid TRUE
				coord Coordinate
				{
					point
					[
						2.540 0.000 3.565,
						2.040 0.000 3.565,
						2.540 0.500 3.565,
						2.040 0.500 3.565
					]
				}
				coordIndex
				[
					0, 1, 2, -1,
					2, 1, 3, -1
				]
				normal Normal
				{
					vector
					[
						-0.000 -0.000 -1.000
					]
				}
				normalIndex
				[
					0, 0, 0, -1,
					0, 0, 0, -1
				]
			}
		}
		Shape
		{
			appearance Appearance
			{
				material Material
				{
					diffuseColor 1.000 0.000 0.000
				}
			}
			geometry IndexedFaceSet
			{
				creaseAngle 0.5
				solid TRUE
				coord Coordinate
				{
					point
					[
						2.540 8.880 4.065,
						2.540 0.500 3.565,
						2.540 8.880 1.500,
						2.540 0.500 -3.565,
						2.540 8.880 -1.500,
						2.540 8.880 -4.065,
						2.540 0.000 4.065,
						2.540 0.000 3.565,
						2.540 0.000 -3.565,
						2.540 0.000 -4.065,
						2.540 8.890 -1.500,
						2.540 8.890 1.500
					]
				}
				coordIndex
				[
					0, 1, 2, -1,
					2, 1, 3, -1,
					2, 3, 4, -1,
					4, 3, 5, -1,
					0, 6, 1, -1,
					1, 6, 7, -1,
					8, 9, 3, -1,
					3, 9, 5, -1,
					10, 11, 4, -1,
					4, 11, 2, -1
				]
				normal Normal
				{
					vector
					[
						1.000 -0.000 -0.000
					]
				}
				normalIndex
				[
					0, 0, 0, -1,
					0, 0, 0, -1,
					0, 0, 0, -1,
					0, 0, 0, -1,
					0, 0, 0, -1,
					0, 0, 0, -1,
					0, 0, 0, -1,
					0, 0, 0, -1,
					0, 0, 0, -1,
					0, 0, 0, -1
				]
			}
		}
		Shape
		{
			appearance Appearance
			{
				material Material
				{
					diffuseColor 1.000 0.000 0.000
				}
			}
			geometry IndexedFaceSet
			{
				creaseAngle 0.5
				solid TRUE
				coord Coordinate
				{
					point
					[
						2.040 0.000 -3.565,
						2.040 0.000 -4.065,
						2.540 0.000 -3.565,
						2.540 0.000 -4.065
					]
				}
				coordIndex
				[
					0, 1, 2, -1,
					2, 1, 3, -1
				]
				normal Normal
				{
					vector
					[
						-0.000 -1.000 -0.000
					]
				}
				normalIndex
				[
					0, 0, 0, -1,
					0, 0, 0, -1
				]
			}
		}
		Shape
		{
			appearance Appearance
			{
				material Material
				{
					diffuseColor 1.000 0.000 0.000
				}
			}
			geometry IndexedFaceSet
			{
				creaseAngle 0.5
				solid TRUE
				coord Coordinate
				{
					point
					[
						2.040 0.500 -3.565,
						2.040 0.500 -4.065,
						2.040 0.000 -3.565,
						2.040 0.000 -4.065
					]
				}
				coordIndex
				[
					0, 1, 2, -1,
					2, 1, 3, -1
				]
				normal Normal
				{
					vector
					[
						-1.000 0.000 0.000
					]
				}
				normalIndex
				[
					0, 0, 0, -1,
					0, 0, 0, -1
				]
			}
		}
		Shape
		{
			appearance Appearance
			{
				material Material
				{
					diffuseColor 1.000 0.000 0.000
				}
			}
			geometry IndexedFaceSet
			{
				creaseAngle 0.5
				solid TRUE
				coord Coordinate
				{
					point
					[
						-2.540 0.000 -3.565,
						-2.540 0.000 -4.065,
						-2.040 0.000 -3.565,
						-2.040 0.000 -4.065
					]
				}
				coordIndex
				[
					0, 1, 2, -1,
					2, 1, 3, -1
				]
				normal Normal
				{
					vector
					[
						-0.000 -1.000 -0.000
					]
				}
				normalIndex
				[
					0, 0, 0, -1,
					0, 0, 0, -1
				]
			}
		}
		Shape
		{
			appearance Appearance
			{
				material Material
				{
					diffuseColor 1.000 0.000 0.000
				}
			}
			geometry IndexedFaceSet
			{
				creaseAngle 0.5
				solid TRUE
				coord Coordinate
				{
					point
					[
						-2.040 0.000 3.565,
						-2.040 0.000 4.065,
						-2.540 0.000 3.565,
						-2.540 0.000 4.065
					]
				}
				coordIndex
				[
					0, 1, 2, -1,
					2, 1, 3, -1
				]
				normal Normal
				{
					vector
					[
						-0.000 -1.000 -0.000
					]
				}
				normalIndex
				[
					0, 0, 0, -1,
					0, 0, 0, -1
				]
			}
		}
		Shape
		{
			appearance Appearance
			{
				material Material
				{
					diffuseColor 1.000 0.000 0.000
				}
			}
			geometry IndexedFaceSet
			{
				creaseAngle 0.5
				solid TRUE
				coord Coordinate
				{
					point
					[
						-2.040 0.000 -3.565,
						-2.040 0.000 -4.065,
						-2.040 0.500 -3.565,
						-2.040 0.500 -4.065
					]
				}
				coordIndex
				[
					0, 1, 2, -1,
					2, 1, 3, -1
				]
				normal Normal
				{
					vector
					[
						1.000 0.000 0.000
					]
				}
				normalIndex
				[
					0, 0, 0, -1,
					0, 0, 0, -1
				]
			}
		}
		Shape
		{
			appearance Appearance
			{
				material Material
				{
					diffuseColor 1.000 0.000 0.000
				}
			}
			geometry IndexedFaceSet
			{
				creaseAngle 0.5
				solid TRUE
				coord Coordinate
				{
					point
					[
						-2.040 0.500 3.565,
						-2.040 0.500 4.065,
						-2.040 0.000 3.565,
						-2.040 0.000 4.065
					]
				}
				coordIndex
				[
					0, 1, 2, -1,
					2, 1, 3, -1
				]
				normal Normal
				{
					vector
					[
						1.000 0.000 0.000
					]
				}
				normalIndex
				[
					0, 0, 0, -1,
					0, 0, 0, -1
				]
			}
		}
		Shape
		{
			appearance Appearance
			{
				material Material
				{
					diffuseColor 1.000 0.000 0.000
				}
			}
			geometry IndexedFaceSet
			{
				creaseAngle 0.5
				solid TRUE
				coord Coordinate
				{
					point
					[
						2.040 0.000 3.565,
						2.040 0.000 4.065,
						2.040 0.500 3.565,
						2.040 0.500 4.065
					]
				}
				coordIndex
				[
					0, 1, 2, -1,
					2, 1, 3, -1
				]
				normal Normal
				{
					vector
					[
						-1.000 0.000 0.000
					]
				}
				normalIndex
				[
					0, 0, 0, -1,
					0, 0, 0, -1
				]
			}
		}
		Shape
		{
			appearance Appearance
			{
				material Material
				{
					diffuseColor 1.000 0.000 0.000
				}
			}
			geometry IndexedFaceSet
			{
				creaseAngle 0.5
				solid TRUE
				coord Coordinate
				{
					point
					[
						0.894 0.500 0.454,
						1.529 0.500 0.255,
						1.529 0.500 2.285,
						2.540 0.500 3.565,
						1.529 0.500 2.795,
						2.040 0.500 3.565,
						1.025 0.500 2.901,
						0.894 0.500 2.994,
						1.139 0.500 2.285,
						1.025 0.500 2.179,
						0.894 0.500 2.086,
						0.617 0.500 0.591,
						0.617 0.500 1.949,
						0.310 0.500 0.676,
						0.310 0.500 1.864,
						-0.000 0.500 0.703,
						0.000 0.500 1.837,
						-0.310 0.500 0.676,
						-0.310 0.500 1.864,
						-0.617 0.500 0.591,
						-0.617 0.500 1.949,
						-0.894 0.500 0.454,
						-0.894 0.500 2.086,
						-1.025 0.500 0.361,
						-1.025 0.500 2.179,
						-1.950 0.500 0.255,
						-1.139 0.500 0.255,
						-1.139 0.500 2.285,
						-1.950 0.500 2.285,
						-2.540 0.500 3.565,
						-1.950 0.500 2.795,
						-2.040 0.500 3.565,
						-1.139 0.500 2.795,
						-1.025 0.500 2.901,
						-0.894 0.500 2.994,
						-2.040 0.500 4.065,
						-0.617 0.500 3.131,
						-0.310 0.500 3.216,
						0.000 0.500 3.243,
						2.040 0.500 4.065,
						0.310 0.500 3.216,
						0.617 0.500 3.131,
						1.139 0.500 2.795,
						1.025 0.500 -2.901,
						2.040 0.500 -3.565,
						1.529 0.500 -2.795,
						2.540 0.500 -3.565,
						1.529 0.500 -2.285,
						1.529 0.500 -0.255,
						0.894 0.500 -2.086,
						0.894 0.500 -0.454,
						0.617 0.500 -1.949,
						0.617 0.500 -0.591,
						0.310 0.500 -1.864,
						0.310 0.500 -0.676,
						0.000 0.500 -1.837,
						0.000 0.500 -0.703,
						-0.310 0.500 -1.864,
						-0.310 0.500 -0.676,
						-0.617 0.500 -1.949,
						-0.617 0.500 -0.591,
						-0.894 0.500 -2.086,
						-0.894 0.500 -0.454,
						-1.025 0.500 -2.179,
						-1.025 0.500 -0.361,
						-1.950 0.500 -2.285,
						-1.950 0.500 -0.255,
						-2.540 0.500 -3.565,
						1.139 0.500 -2.795,
						0.894 0.500 -2.994,
						2.040 0.500 -4.065,
						0.617 0.500 -3.131,
						0.310 0.500 -3.216,
						0.000 0.500 -3.243,
						-2.040 0.500 -4.065,
						-0.310 0.500 -3.216,
						-0.617 0.500 -3.131,
						-0.894 0.500 -2.994,
						-2.040 0.500 -3.565,
						-1.025 0.500 -2.901,
						-1.139 0.500 -2.795,
						-1.950 0.500 -2.795,
						-1.139 0.500 -2.285,
						1.025 0.500 -2.179,
						1.139 0.500 -2.285,
						1.139 0.500 -0.255,
						1.025 0.500 -0.361,
						-1.139 0.500 -0.255,
						1.025 0.500 0.361,
						1.139 0.500 0.255
					]
				}
				coordIndex
				[
					0, 1, 2, -1,
					2, 1, 3, -1,
					2, 3, 4, -1,
					4, 3, 5, -1,
					4, 5, 6, -1,
					6, 5, 7, -1,
					8, 9, 2, -1,
					2, 9, 10, -1,
					2, 10, 0, -1,
					0, 10, 11, -1,
					10, 12, 11, -1,
					11, 12, 13, -1,
					12, 14, 13, -1,
					13, 14, 15, -1,
					14, 16, 15, -1,
					15, 16, 17, -1,
					16, 18, 17, -1,
					17, 18, 19, -1,
					18, 20, 19, -1,
					19, 20, 21, -1,
					20, 22, 21, -1,
					21, 22, 23, -1,
					22, 24, 23, -1,
					23, 24, 25, -1,
					23, 25, 26, -1,
					27, 28, 24, -1,
					24, 28, 25, -1,
					25, 28, 29, -1,
					29, 28, 30, -1,
					29, 30, 31, -1,
					31, 30, 32, -1,
					31, 32, 33, -1,
					33, 34, 31, -1,
					31, 34, 35, -1,
					34, 36, 35, -1,
					35, 36, 37, -1,
					35, 37, 38, -1,
					35, 38, 39, -1,
					39, 38, 40, -1,
					39, 40, 41, -1,
					41, 7, 39, -1,
					39, 7, 5, -1,
					6, 42, 4, -1,
					43, 44, 45, -1,
					45, 44, 46, -1,
					45, 46, 47, -1,
					47, 46, 48, -1,
					47, 48, 49, -1,
					49, 48, 50, -1,
					49, 50, 51, -1,
					51, 50, 52, -1,
					51, 52, 53, -1,
					53, 52, 54, -1,
					53, 54, 55, -1,
					55, 54, 56, -1,
					55, 56, 57, -1,
					57, 56, 58, -1,
					57, 58, 59, -1,
					59, 58, 60, -1,
					59, 60, 61, -1,
					61, 60, 62, -1,
					61, 62, 63, -1,
					63, 62, 64, -1,
					63, 64, 65, -1,
					65, 64, 66, -1,
					65, 66, 67, -1,
					67, 66, 25, -1,
					67, 25, 29, -1,
					45, 68, 43, -1,
					43, 69, 44, -1,
					44, 69, 70, -1,
					69, 71, 70, -1,
					70, 71, 72, -1,
					70, 72, 73, -1,
					70, 73, 74, -1,
					74, 73, 75, -1,
					74, 75, 76, -1,
					76, 77, 74, -1,
					74, 77, 78, -1,
					77, 79, 78, -1,
					78, 79, 80, -1,
					78, 80, 81, -1,
					78, 81, 67, -1,
					67, 81, 65, -1,
					65, 82, 63, -1,
					49, 83, 47, -1,
					47, 83, 84, -1,
					1, 48, 3, -1,
					3, 48, 46, -1,
					85, 86, 48, -1,
					48, 86, 50, -1,
					64, 87, 66, -1,
					0, 88, 1, -1,
					1, 88, 89, -1
				]
				normal Normal
				{
					vector
					[
						0.000 -1.000 0.000
					]
				}
				normalIndex
				[
					0, 0, 0, -1,
					0, 0, 0, -1,
					0, 0, 0, -1,
					0, 0, 0, -1,
					0, 0, 0, -1,
					0, 0, 0, -1,
					0, 0, 0, -1,
					0, 0, 0, -1,
					0, 0, 0, -1,
					0, 0, 0, -1,
					0, 0, 0, -1,
					0, 0, 0, -1,
					0, 0, 0, -1,
					0, 0, 0, -1,
					0, 0, 0, -1,
					0, 0, 0, -1,
					0, 0, 0, -1,
					0, 0, 0, -1,
					0, 0, 0, -1,
					0, 0, 0, -1,
					0, 0, 0, -1,
					0, 0, 0, -1,
					0, 0, 0, -1,
					0, 0, 0, -1,
					0, 0, 0, -1,
					0, 0, 0, -1,
					0, 0, 0, -1,
					0, 0, 0, -1,
					0, 0, 0, -1,
					0, 0, 0, -1,
					0, 0, 0, -1,
					0, 0, 0, -1,
					0, 0, 0, -1,
					0, 0, 0, -1,
					0, 0, 0, -1,
					0, 0, 0, -1,
					0, 0, 0, -1,
					0, 0, 0, -1,
					0, 0, 0, -1,
					0, 0, 0, -1,
					0, 0, 0, -1,
					0, 0, 0, -1,
					0, 0, 0, -1,
					0, 0, 0, -1,
					0, 0, 0, -1,
					0, 0, 0, -1,
					0, 0, 0, -1,
					0, 0, 0, -1,
					0, 0, 0, -1,
					0, 0, 0, -1,
					0, 0, 0, -1,
					0, 0, 0, -1,
					0, 0, 0, -1,
					0, 0, 0, -1,
					0, 0, 0, -1,
					0, 0, 0, -1,
					0, 0, 0, -1,
					0, 0, 0, -1,
					0, 0, 0, -1,
					0, 0, 0, -1,
					0, 0, 0, -1,
					0, 0, 0, -1,
					0, 0, 0, -1,
					0, 0, 0, -1,
					0, 0, 0, -1,
					0, 0, 0, -1,
					0, 0, 0, -1,
					0, 0, 0, -1,
					0, 0, 0, -1,
					0, 0, 0, -1,
					0, 0, 0, -1,
					0, 0, 0, -1,
					0, 0, 0, -1,
					0, 0, 0, -1,
					0, 0, 0, -1,
					0, 0, 0, -1,
					0, 0, 0, -1,
					0, 0, 0, -1,
					0, 0, 0, -1,
					0, 0, 0, -1,
					0, 0, 0, -1,
					0, 0, 0, -1,
					0, 0, 0, -1,
					0, 0, 0, -1,
					0, 0, 0, -1,
					0, 0, 0, -1,
					0, 0, 0, -1,
					0, 0, 0, -1,
					0, 0, 0, -1,
					0, 0, 0, -1,
					0, 0, 0, -1,
					0, 0, 0, -1,
					0, 0, 0, -1,
					0, 0, 0, -1
				]
			}
		}
		Shape
		{
			appearance Appearance
			{
				material Material
				{
					diffuseColor 1.000 0.000 0.000
				}
			}
			geometry IndexedFaceSet
			{
				creaseAngle 0.5
				solid TRUE
				coord Coordinate
				{
					point
					[
						-2.540 0.000 -4.065,
						-2.540 8.880 -4.065,
						-2.040 0.500 -4.065,
						2.540 8.880 -4.065,
						2.040 0.500 -4.065,
						2.540 0.000 -4.065,
						2.040 0.000 -4.065,
						-2.040 0.000 -4.065
					]
				}
				coordIndex
				[
					0, 1, 2, -1,
					2, 1, 3, -1,
					2, 3, 4, -1,
					4, 3, 5, -1,
					4, 5, 6, -1,
					2, 7, 0, -1
				]
				normal Normal
				{
					vector
					[
						-0.000 -0.000 -1.000
					]
				}
				normalIndex
				[
					0, 0, 0, -1,
					0, 0, 0, -1,
					0, 0, 0, -1,
					0, 0, 0, -1,
					0, 0, 0, -1,
					0, 0, 0, -1
				]
			}
		}
		Shape
		{
			appearance Appearance
			{
				material Material
				{
					diffuseColor 1.000 0.000 0.000
				}
			}
			geometry IndexedFaceSet
			{
				creaseAngle 0.5
				solid TRUE
				coord Coordinate
				{
					point
					[
						2.540 0.000 3.565,
						2.540 0.000 4.065,
						2.040 0.000 3.565,
						2.040 0.000 4.065
					]
				}
				coordIndex
				[
					0, 1, 2, -1,
					2, 1, 3, -1
				]
				normal Normal
				{
					vector
					[
						-0.000 -1.000 -0.000
					]
				}
				normalIndex
				[
					0, 0, 0, -1,
					0, 0, 0, -1
				]
			}
		}
		Shape
		{
			appearance Appearance
			{
				material Material
				{
					diffuseColor 1.000 0.000 0.000
				}
			}
			geometry IndexedFaceSet
			{
				creaseAngle 0.5
				solid TRUE
				coord Coordinate
				{
					point
					[
						2.540 0.000 4.065,
						2.540 8.880 4.065,
						2.040 0.500 4.065,
						-2.540 8.880 4.065,
						-2.040 0.500 4.065,
						-2.540 0.000 4.065,
						-2.040 0.000 4.065,
						2.040 0.000 4.065
					]
				}
				coordIndex
				[
					0, 1, 2, -1,
					2, 1, 3, -1,
					2, 3, 4, -1,
					4, 3, 5, -1,
					4, 5, 6, -1,
					2, 7, 0, -1
				]
				normal Normal
				{
					vector
					[
						0.000 0.000 1.000
					]
				}
				normalIndex
				[
					0, 0, 0, -1,
					0, 0, 0, -1,
					0, 0, 0, -1,
					0, 0, 0, -1,
					0, 0, 0, -1,
					0, 0, 0, -1
				]
			}
		}
		Shape
		{
			appearance Appearance
			{
				material Material
				{
					diffuseColor 1.000 0.000 0.000
				}
			}
			geometry IndexedFaceSet
			{
				creaseAngle 0.5
				solid TRUE
				coord Coordinate
				{
					point
					[
						-2.540 8.890 1.500,
						-2.540 8.890 -1.500,
						-2.540 8.880 1.500,
						-2.540 8.880 -1.500,
						-2.540 0.500 3.565,
						-2.540 0.500 -3.565,
						-2.540 8.880 -4.065,
						-2.540 0.000 -4.065,
						-2.540 0.000 -3.565,
						-2.540 0.000 3.565,
						-2.540 0.000 4.065,
						-2.540 8.880 4.065
					]
				}
				coordIndex
				[
					0, 1, 2, -1,
					2, 1, 3, -1,
					2, 3, 4, -1,
					4, 3, 5, -1,
					3, 6, 5, -1,
					5, 6, 7, -1,
					5, 7, 8, -1,
					9, 10, 4, -1,
					4, 10, 11, -1,
					4, 11, 2, -1
				]
				normal Normal
				{
					vector
					[
						-1.000 -0.000 -0.000
					]
				}
				normalIndex
				[
					0, 0, 0, -1,
					0, 0, 0, -1,
					0, 0, 0, -1,
					0, 0, 0, -1,
					0, 0, 0, -1,
					0, 0, 0, -1,
					0, 0, 0, -1,
					0, 0, 0, -1,
					0, 0, 0, -1,
					0, 0, 0, -1
				]
			}
		}
	]
}
NavigationInfo
{
	headlight TRUE
	type "EXAMINE"
}
