ISO-10303-21;
HEADER;
FILE_DESCRIPTION(('STEP AP203'),'1');
FILE_NAME('toggle_switch_2as1t2a1m6qes.stp','2025-06-26T03:33:28',('TraceParts'),('TraceParts S.A.'),'Spatial InterOp 3D',' ',' ');
FILE_SCHEMA(('CONFIG_CONTROL_DESIGN'));
ENDSEC;
DATA;
#1=DESIGN_CONTEXT('',#27,'design');
#2=APPLICATION_PROTOCOL_DEFINITION('INTERNATIONAL STANDARD','config_control_design',1994,#27);
#3=PRODUCT_CATEGORY_RELATIONSHIP('NONE','NONE',#28,#29);
#4=DATE_AND_TIME(#30,#31);
#5=DATE_TIME_ROLE('creation_date');
#6=DATE_TIME_ROLE('classification_date');
#7=PERSON_AND_ORGANIZATION_ROLE('creator');
#8=PERSON_AND_ORGANIZATION_ROLE('design_supplier');
#9=PERSON_AND_ORGANIZATION_ROLE('classification_officer');
#10=PERSON_AND_ORGANIZATION_ROLE('design_owner');
#11=APPROVAL_PERSON_ORGANIZATION(#32,#33,#34);
#12=APPROVAL_DATE_TIME(#4,#33);
#13=CC_DESIGN_APPROVAL(#33,(#35,#36,#37));
#14=CC_DESIGN_DATE_AND_TIME_ASSIGNMENT(#4,#5,(#37));
#15=CC_DESIGN_DATE_AND_TIME_ASSIGNMENT(#4,#6,(#35));
#16=CC_DESIGN_PERSON_AND_ORGANIZATION_ASSIGNMENT(#32,#10,(#38));
#17=CC_DESIGN_PERSON_AND_ORGANIZATION_ASSIGNMENT(#32,#7,(#37));
#18=CC_DESIGN_PERSON_AND_ORGANIZATION_ASSIGNMENT(#32,#7,(#36));
#19=CC_DESIGN_PERSON_AND_ORGANIZATION_ASSIGNMENT(#32,#8,(#36));
#20=CC_DESIGN_SECURITY_CLASSIFICATION(#35,(#36));
#21=CC_DESIGN_PERSON_AND_ORGANIZATION_ASSIGNMENT(#32,#9,(#35));
#22=SHAPE_DEFINITION_REPRESENTATION(#39,#40);
#23= (GEOMETRIC_REPRESENTATION_CONTEXT(3)GLOBAL_UNCERTAINTY_ASSIGNED_CONTEXT((#43))GLOBAL_UNIT_ASSIGNED_CONTEXT((#45,#46,#47))REPRESENTATION_CONTEXT('NONE','WORKSPACE'));
#27=APPLICATION_CONTEXT('CONFIGURATION CONTROLLED 3D DESIGNS OF MECHANICAL PARTS AND ASSEMBLIES');
#28=PRODUCT_CATEGORY('part','NONE');
#29=PRODUCT_RELATED_PRODUCT_CATEGORY('detail',' ',(#38));
#30=CALENDAR_DATE(2025,26,5);
#31=LOCAL_TIME(5,33,28.0,#49);
#32=PERSON_AND_ORGANIZATION(#50,#51);
#33=APPROVAL(#52,'SOLID MODEL');
#34=APPROVAL_ROLE('APPROVED');
#35=SECURITY_CLASSIFICATION('','',#53);
#36=PRODUCT_DEFINITION_FORMATION_WITH_SPECIFIED_SOURCE(' ','NONE',#38,.NOT_KNOWN.);
#37=PRODUCT_DEFINITION('','NONE',#36,#1);
#38=PRODUCT('1','','PART--DESC',(#54));
#39=PRODUCT_DEFINITION_SHAPE('NONE','NONE',#37);
#40=ADVANCED_BREP_SHAPE_REPRESENTATION('1',(#55,#56),#23);
#43=UNCERTAINTY_MEASURE_WITH_UNIT(LENGTH_MEASURE(1.0E-06),#45,'','');
#45= (CONVERSION_BASED_UNIT('MILLIMETRE',#59)LENGTH_UNIT()NAMED_UNIT(#62));
#46= (NAMED_UNIT(#64)PLANE_ANGLE_UNIT()SI_UNIT($,.RADIAN.));
#47= (NAMED_UNIT(#64)SOLID_ANGLE_UNIT()SI_UNIT($,.STERADIAN.));
#49=COORDINATED_UNIVERSAL_TIME_OFFSET(1,0,.AHEAD.);
#50=PERSON('','UNSPECIFIED',$,$,$,$);
#51=ORGANIZATION('UNSPECIFIED','UNSPECIFIED','UNSPECIFIED');
#52=APPROVAL_STATUS('approved');
#53=SECURITY_CLASSIFICATION_LEVEL('unclassified');
#54=MECHANICAL_CONTEXT('',#27,'mechanical');
#55=MANIFOLD_SOLID_BREP('1',#70);
#56=AXIS2_PLACEMENT_3D('',#71,#72,#73);
#59=LENGTH_MEASURE_WITH_UNIT(LENGTH_MEASURE(1.0),#74);
#62=DIMENSIONAL_EXPONENTS(1.0,0.0,0.0,0.0,0.0,0.0,0.0);
#64=DIMENSIONAL_EXPONENTS(0.0,0.0,0.0,0.0,0.0,0.0,0.0);
#70=CLOSED_SHELL('',(#75,#76,#77,#78,#79,#80,#81,#82,#83,#84,#85,#86,#87,#88,#89,#90,#91,#92,#93,#94,#95,#96,#97,#98,#99,#100,#101,#102,#103,#104,#105,#106,#107,#108,#109,#110,#111,#112,#113,#114,#115,#116,#117,#118,#119,#120,#121,#122,#123,#124,#125,#126,#127,#128,#129,#130,#131,#132,#133,#134,#135,#136,#137,#138,#139,#140,#141,#142,#143,#144,#145,#146,#147,#148,#149,#150,#151,#152,#153,#154,#155,#156,#157,#158,#159,#160,#161,#162,#163,#164,#165,#166,#167,#168,#169,#170,#171,#172,#173,#174,#175,#176,#177,#178,#179,#180,#181,#182,#183,#184,#185,#186,#187,#188,#189,#190,#191,#192,#193,#194,#195));
#71=CARTESIAN_POINT('',(0.0,0.0,0.0));
#72=DIRECTION('',(0.0,0.0,1.0));
#73=DIRECTION('',(1.0,0.0,0.0));
#74= (NAMED_UNIT(#62)LENGTH_UNIT()SI_UNIT(.MILLI.,.METRE.));
#75=ADVANCED_FACE('',(#197),#198,.T.);
#76=ADVANCED_FACE('',(#199),#200,.F.);
#77=ADVANCED_FACE('',(#201),#202,.F.);
#78=ADVANCED_FACE('',(#203),#204,.F.);
#79=ADVANCED_FACE('',(#205),#206,.T.);
#80=ADVANCED_FACE('',(#207),#208,.T.);
#81=ADVANCED_FACE('',(#209),#210,.T.);
#82=ADVANCED_FACE('',(#211,#212),#213,.F.);
#83=ADVANCED_FACE('',(#214),#215,.T.);
#84=ADVANCED_FACE('',(#216),#217,.F.);
#85=ADVANCED_FACE('',(#218),#219,.F.);
#86=ADVANCED_FACE('',(#220),#221,.T.);
#87=ADVANCED_FACE('',(#222),#223,.T.);
#88=ADVANCED_FACE('',(#224),#225,.T.);
#89=ADVANCED_FACE('',(#226),#227,.T.);
#90=ADVANCED_FACE('',(#228),#229,.T.);
#91=ADVANCED_FACE('',(#230),#231,.F.);
#92=ADVANCED_FACE('',(#232),#233,.T.);
#93=ADVANCED_FACE('',(#234),#235,.T.);
#94=ADVANCED_FACE('',(#236),#237,.T.);
#95=ADVANCED_FACE('',(#238),#239,.T.);
#96=ADVANCED_FACE('',(#240),#241,.F.);
#97=ADVANCED_FACE('',(#242),#243,.T.);
#98=ADVANCED_FACE('',(#244),#245,.T.);
#99=ADVANCED_FACE('',(#246),#247,.T.);
#100=ADVANCED_FACE('',(#248),#249,.T.);
#101=ADVANCED_FACE('',(#250),#251,.F.);
#102=ADVANCED_FACE('',(#252),#253,.T.);
#103=ADVANCED_FACE('',(#254),#255,.T.);
#104=ADVANCED_FACE('',(#256),#257,.T.);
#105=ADVANCED_FACE('',(#258),#259,.T.);
#106=ADVANCED_FACE('',(#260),#261,.F.);
#107=ADVANCED_FACE('',(#262),#263,.T.);
#108=ADVANCED_FACE('',(#264),#265,.T.);
#109=ADVANCED_FACE('',(#266),#267,.T.);
#110=ADVANCED_FACE('',(#268),#269,.T.);
#111=ADVANCED_FACE('',(#270),#271,.F.);
#112=ADVANCED_FACE('',(#272),#273,.T.);
#113=ADVANCED_FACE('',(#274),#275,.T.);
#114=ADVANCED_FACE('',(#276),#277,.T.);
#115=ADVANCED_FACE('',(#278),#279,.T.);
#116=ADVANCED_FACE('',(#280),#281,.F.);
#117=ADVANCED_FACE('',(#282),#283,.T.);
#118=ADVANCED_FACE('',(#284),#285,.T.);
#119=ADVANCED_FACE('',(#286),#287,.T.);
#120=ADVANCED_FACE('',(#288),#289,.T.);
#121=ADVANCED_FACE('',(#290,#291),#292,.T.);
#122=ADVANCED_FACE('',(#293),#294,.T.);
#123=ADVANCED_FACE('',(#295),#296,.T.);
#124=ADVANCED_FACE('',(#297),#298,.F.);
#125=ADVANCED_FACE('',(#299),#300,.T.);
#126=ADVANCED_FACE('',(#301),#302,.F.);
#127=ADVANCED_FACE('',(#303),#304,.F.);
#128=ADVANCED_FACE('',(#305),#306,.F.);
#129=ADVANCED_FACE('',(#307),#308,.T.);
#130=ADVANCED_FACE('',(#309),#310,.F.);
#131=ADVANCED_FACE('',(#311),#312,.F.);
#132=ADVANCED_FACE('',(#313),#314,.T.);
#133=ADVANCED_FACE('',(#315),#316,.T.);
#134=ADVANCED_FACE('',(#317),#318,.T.);
#135=ADVANCED_FACE('',(#319),#320,.T.);
#136=ADVANCED_FACE('',(#321),#322,.T.);
#137=ADVANCED_FACE('',(#323),#324,.F.);
#138=ADVANCED_FACE('',(#325),#326,.T.);
#139=ADVANCED_FACE('',(#327),#328,.T.);
#140=ADVANCED_FACE('',(#329),#330,.T.);
#141=ADVANCED_FACE('',(#331),#332,.T.);
#142=ADVANCED_FACE('',(#333),#334,.T.);
#143=ADVANCED_FACE('',(#335),#336,.F.);
#144=ADVANCED_FACE('',(#337),#338,.T.);
#145=ADVANCED_FACE('',(#339),#340,.T.);
#146=ADVANCED_FACE('',(#341),#342,.T.);
#147=ADVANCED_FACE('',(#343),#344,.T.);
#148=ADVANCED_FACE('',(#345),#346,.T.);
#149=ADVANCED_FACE('',(#347),#348,.F.);
#150=ADVANCED_FACE('',(#349),#350,.T.);
#151=ADVANCED_FACE('',(#351),#352,.T.);
#152=ADVANCED_FACE('',(#353),#354,.T.);
#153=ADVANCED_FACE('',(#355),#356,.T.);
#154=ADVANCED_FACE('',(#357),#358,.T.);
#155=ADVANCED_FACE('',(#359),#360,.T.);
#156=ADVANCED_FACE('',(#361),#362,.F.);
#157=ADVANCED_FACE('',(#363),#364,.T.);
#158=ADVANCED_FACE('',(#365),#366,.F.);
#159=ADVANCED_FACE('',(#367),#368,.T.);
#160=ADVANCED_FACE('',(#369),#370,.T.);
#161=ADVANCED_FACE('',(#371),#372,.T.);
#162=ADVANCED_FACE('',(#373),#374,.T.);
#163=ADVANCED_FACE('',(#375),#376,.F.);
#164=ADVANCED_FACE('',(#377),#378,.T.);
#165=ADVANCED_FACE('',(#379),#380,.F.);
#166=ADVANCED_FACE('',(#381),#382,.T.);
#167=ADVANCED_FACE('',(#383),#384,.T.);
#168=ADVANCED_FACE('',(#385),#386,.T.);
#169=ADVANCED_FACE('',(#387),#388,.T.);
#170=ADVANCED_FACE('',(#389),#390,.F.);
#171=ADVANCED_FACE('',(#391),#392,.T.);
#172=ADVANCED_FACE('',(#393),#394,.F.);
#173=ADVANCED_FACE('',(#395),#396,.T.);
#174=ADVANCED_FACE('',(#397),#398,.F.);
#175=ADVANCED_FACE('',(#399),#400,.F.);
#176=ADVANCED_FACE('',(#401),#402,.T.);
#177=ADVANCED_FACE('',(#403),#404,.T.);
#178=ADVANCED_FACE('',(#405),#406,.F.);
#179=ADVANCED_FACE('',(#407),#408,.F.);
#180=ADVANCED_FACE('',(#409,#410,#411,#412),#413,.T.);
#181=ADVANCED_FACE('',(#414),#415,.T.);
#182=ADVANCED_FACE('',(#416),#417,.F.);
#183=ADVANCED_FACE('',(#418),#419,.F.);
#184=ADVANCED_FACE('',(#420),#421,.T.);
#185=ADVANCED_FACE('',(#422),#423,.T.);
#186=ADVANCED_FACE('',(#424,#425),#426,.F.);
#187=ADVANCED_FACE('',(#427),#428,.F.);
#188=ADVANCED_FACE('',(#429),#430,.T.);
#189=ADVANCED_FACE('',(#431),#432,.T.);
#190=ADVANCED_FACE('',(#433),#434,.T.);
#191=ADVANCED_FACE('',(#435),#436,.F.);
#192=ADVANCED_FACE('',(#437),#438,.F.);
#193=ADVANCED_FACE('',(#439),#440,.T.);
#194=ADVANCED_FACE('',(#441),#442,.F.);
#195=ADVANCED_FACE('',(#443),#444,.T.);
#197=FACE_OUTER_BOUND('',#445,.T.);
#198=CYLINDRICAL_SURFACE('',#446,2.4);
#199=FACE_OUTER_BOUND('',#447,.T.);
#200=CYLINDRICAL_SURFACE('',#448,0.3);
#201=FACE_OUTER_BOUND('',#449,.T.);
#202=CYLINDRICAL_SURFACE('',#450,0.3);
#203=FACE_OUTER_BOUND('',#451,.T.);
#204=CYLINDRICAL_SURFACE('',#452,0.3);
#205=FACE_OUTER_BOUND('',#453,.T.);
#206=CYLINDRICAL_SURFACE('',#454,1.27);
#207=FACE_OUTER_BOUND('',#455,.T.);
#208=SPHERICAL_SURFACE('',#456,1.27);
#209=FACE_OUTER_BOUND('',#457,.T.);
#210=CYLINDRICAL_SURFACE('',#458,1.27);
#211=FACE_BOUND('',#459,.T.);
#212=FACE_OUTER_BOUND('',#460,.T.);
#213=PLANE('',#461);
#214=FACE_OUTER_BOUND('',#462,.T.);
#215=PLANE('',#463);
#216=FACE_OUTER_BOUND('',#464,.T.);
#217=CYLINDRICAL_SURFACE('',#465,1.72);
#218=FACE_OUTER_BOUND('',#466,.T.);
#219=CYLINDRICAL_SURFACE('',#467,1.72);
#220=FACE_OUTER_BOUND('',#468,.T.);
#221=PLANE('',#469);
#222=FACE_OUTER_BOUND('',#470,.T.);
#223=CYLINDRICAL_SURFACE('',#471,1.92);
#224=FACE_OUTER_BOUND('',#472,.T.);
#225=PLANE('',#473);
#226=FACE_OUTER_BOUND('',#474,.T.);
#227=CYLINDRICAL_SURFACE('',#475,1.92);
#228=FACE_OUTER_BOUND('',#476,.T.);
#229=PLANE('',#477);
#230=FACE_OUTER_BOUND('',#478,.T.);
#231=CYLINDRICAL_SURFACE('',#479,0.3);
#232=FACE_OUTER_BOUND('',#480,.T.);
#233=PLANE('',#481);
#234=FACE_OUTER_BOUND('',#482,.T.);
#235=PLANE('',#483);
#236=FACE_OUTER_BOUND('',#484,.T.);
#237=CYLINDRICAL_SURFACE('',#485,0.38);
#238=FACE_OUTER_BOUND('',#486,.T.);
#239=PLANE('',#487);
#240=FACE_OUTER_BOUND('',#488,.T.);
#241=CYLINDRICAL_SURFACE('',#489,0.1);
#242=FACE_OUTER_BOUND('',#490,.T.);
#243=PLANE('',#491);
#244=FACE_OUTER_BOUND('',#492,.T.);
#245=CYLINDRICAL_SURFACE('',#493,0.2);
#246=FACE_OUTER_BOUND('',#494,.T.);
#247=PLANE('',#495);
#248=FACE_OUTER_BOUND('',#496,.T.);
#249=CYLINDRICAL_SURFACE('',#497,0.2);
#250=FACE_OUTER_BOUND('',#498,.T.);
#251=CYLINDRICAL_SURFACE('',#499,0.3);
#252=FACE_OUTER_BOUND('',#500,.T.);
#253=PLANE('',#501);
#254=FACE_OUTER_BOUND('',#502,.T.);
#255=PLANE('',#503);
#256=FACE_OUTER_BOUND('',#504,.T.);
#257=CYLINDRICAL_SURFACE('',#505,0.38);
#258=FACE_OUTER_BOUND('',#506,.T.);
#259=PLANE('',#507);
#260=FACE_OUTER_BOUND('',#508,.T.);
#261=CYLINDRICAL_SURFACE('',#509,0.1);
#262=FACE_OUTER_BOUND('',#510,.T.);
#263=PLANE('',#511);
#264=FACE_OUTER_BOUND('',#512,.T.);
#265=CYLINDRICAL_SURFACE('',#513,0.2);
#266=FACE_OUTER_BOUND('',#514,.T.);
#267=PLANE('',#515);
#268=FACE_OUTER_BOUND('',#516,.T.);
#269=CYLINDRICAL_SURFACE('',#517,0.2);
#270=FACE_OUTER_BOUND('',#518,.T.);
#271=CYLINDRICAL_SURFACE('',#519,0.3);
#272=FACE_OUTER_BOUND('',#520,.T.);
#273=PLANE('',#521);
#274=FACE_OUTER_BOUND('',#522,.T.);
#275=PLANE('',#523);
#276=FACE_OUTER_BOUND('',#524,.T.);
#277=CYLINDRICAL_SURFACE('',#525,0.38);
#278=FACE_OUTER_BOUND('',#526,.T.);
#279=PLANE('',#527);
#280=FACE_OUTER_BOUND('',#528,.T.);
#281=CYLINDRICAL_SURFACE('',#529,0.1);
#282=FACE_OUTER_BOUND('',#530,.T.);
#283=PLANE('',#531);
#284=FACE_OUTER_BOUND('',#532,.T.);
#285=CYLINDRICAL_SURFACE('',#533,0.2);
#286=FACE_OUTER_BOUND('',#534,.T.);
#287=PLANE('',#535);
#288=FACE_OUTER_BOUND('',#536,.T.);
#289=CYLINDRICAL_SURFACE('',#537,0.2);
#290=FACE_BOUND('',#538,.T.);
#291=FACE_OUTER_BOUND('',#539,.T.);
#292=PLANE('',#540);
#293=FACE_OUTER_BOUND('',#541,.T.);
#294=PLANE('',#542);
#295=FACE_OUTER_BOUND('',#543,.T.);
#296=PLANE('',#544);
#297=FACE_OUTER_BOUND('',#545,.T.);
#298=PLANE('',#546);
#299=FACE_OUTER_BOUND('',#547,.T.);
#300=CYLINDRICAL_SURFACE('',#548,0.38);
#301=FACE_OUTER_BOUND('',#549,.T.);
#302=PLANE('',#550);
#303=FACE_OUTER_BOUND('',#551,.T.);
#304=PLANE('',#552);
#305=FACE_OUTER_BOUND('',#553,.T.);
#306=PLANE('',#554);
#307=FACE_OUTER_BOUND('',#555,.T.);
#308=CYLINDRICAL_SURFACE('',#556,0.38);
#309=FACE_OUTER_BOUND('',#557,.T.);
#310=PLANE('',#558);
#311=FACE_OUTER_BOUND('',#559,.T.);
#312=PLANE('',#560);
#313=FACE_OUTER_BOUND('',#561,.T.);
#314=CYLINDRICAL_SURFACE('',#562,0.25);
#315=FACE_OUTER_BOUND('',#563,.T.);
#316=TOROIDAL_SURFACE('',#564,-1.125,1.875);
#317=FACE_OUTER_BOUND('',#565,.T.);
#318=PLANE('',#566);
#319=FACE_OUTER_BOUND('',#567,.T.);
#320=PLANE('',#568);
#321=FACE_OUTER_BOUND('',#569,.T.);
#322=TOROIDAL_SURFACE('',#570,-1.125,1.875);
#323=FACE_OUTER_BOUND('',#571,.T.);
#324=PLANE('',#572);
#325=FACE_OUTER_BOUND('',#573,.T.);
#326=PLANE('',#574);
#327=FACE_OUTER_BOUND('',#575,.T.);
#328=TOROIDAL_SURFACE('',#576,-1.125,1.875);
#329=FACE_OUTER_BOUND('',#577,.T.);
#330=PLANE('',#578);
#331=FACE_OUTER_BOUND('',#579,.T.);
#332=PLANE('',#580);
#333=FACE_OUTER_BOUND('',#581,.T.);
#334=TOROIDAL_SURFACE('',#582,-1.125,1.875);
#335=FACE_OUTER_BOUND('',#583,.T.);
#336=PLANE('',#584);
#337=FACE_OUTER_BOUND('',#585,.T.);
#338=PLANE('',#586);
#339=FACE_OUTER_BOUND('',#587,.T.);
#340=TOROIDAL_SURFACE('',#588,-1.125,1.875);
#341=FACE_OUTER_BOUND('',#589,.T.);
#342=PLANE('',#590);
#343=FACE_OUTER_BOUND('',#591,.T.);
#344=PLANE('',#592);
#345=FACE_OUTER_BOUND('',#593,.T.);
#346=TOROIDAL_SURFACE('',#594,-1.125,1.875);
#347=FACE_OUTER_BOUND('',#595,.T.);
#348=PLANE('',#596);
#349=FACE_OUTER_BOUND('',#597,.T.);
#350=PLANE('',#598);
#351=FACE_OUTER_BOUND('',#599,.T.);
#352=PLANE('',#600);
#353=FACE_OUTER_BOUND('',#601,.T.);
#354=PLANE('',#602);
#355=FACE_OUTER_BOUND('',#603,.T.);
#356=CYLINDRICAL_SURFACE('',#604,0.25);
#357=FACE_OUTER_BOUND('',#605,.T.);
#358=PLANE('',#606);
#359=FACE_OUTER_BOUND('',#607,.T.);
#360=CYLINDRICAL_SURFACE('',#608,2.4);
#361=FACE_OUTER_BOUND('',#609,.T.);
#362=CYLINDRICAL_SURFACE('',#610,2.45);
#363=FACE_OUTER_BOUND('',#611,.T.);
#364=PLANE('',#612);
#365=FACE_OUTER_BOUND('',#613,.T.);
#366=CYLINDRICAL_SURFACE('',#614,0.125);
#367=FACE_OUTER_BOUND('',#615,.T.);
#368=PLANE('',#616);
#369=FACE_OUTER_BOUND('',#617,.T.);
#370=CYLINDRICAL_SURFACE('',#618,0.25);
#371=FACE_OUTER_BOUND('',#619,.T.);
#372=CYLINDRICAL_SURFACE('',#620,0.25);
#373=FACE_OUTER_BOUND('',#621,.T.);
#374=PLANE('',#622);
#375=FACE_OUTER_BOUND('',#623,.T.);
#376=PLANE('',#624);
#377=FACE_OUTER_BOUND('',#625,.T.);
#378=PLANE('',#626);
#379=FACE_OUTER_BOUND('',#627,.T.);
#380=PLANE('',#628);
#381=FACE_OUTER_BOUND('',#629,.T.);
#382=PLANE('',#630);
#383=FACE_OUTER_BOUND('',#631,.T.);
#384=PLANE('',#632);
#385=FACE_OUTER_BOUND('',#633,.T.);
#386=CYLINDRICAL_SURFACE('',#634,0.25);
#387=FACE_OUTER_BOUND('',#635,.T.);
#388=PLANE('',#636);
#389=FACE_OUTER_BOUND('',#637,.T.);
#390=CYLINDRICAL_SURFACE('',#638,2.45);
#391=FACE_OUTER_BOUND('',#639,.T.);
#392=PLANE('',#640);
#393=FACE_OUTER_BOUND('',#641,.T.);
#394=PLANE('',#642);
#395=FACE_OUTER_BOUND('',#643,.T.);
#396=PLANE('',#644);
#397=FACE_OUTER_BOUND('',#645,.T.);
#398=PLANE('',#646);
#399=FACE_OUTER_BOUND('',#647,.T.);
#400=PLANE('',#648);
#401=FACE_OUTER_BOUND('',#649,.T.);
#402=PLANE('',#650);
#403=FACE_OUTER_BOUND('',#651,.T.);
#404=PLANE('',#652);
#405=FACE_OUTER_BOUND('',#653,.T.);
#406=PLANE('',#654);
#407=FACE_OUTER_BOUND('',#655,.T.);
#408=PLANE('',#656);
#409=FACE_BOUND('',#657,.T.);
#410=FACE_BOUND('',#658,.T.);
#411=FACE_BOUND('',#659,.T.);
#412=FACE_OUTER_BOUND('',#660,.T.);
#413=PLANE('',#661);
#414=FACE_OUTER_BOUND('',#662,.T.);
#415=PLANE('',#663);
#416=FACE_OUTER_BOUND('',#664,.T.);
#417=PLANE('',#665);
#418=FACE_OUTER_BOUND('',#666,.T.);
#419=PLANE('',#667);
#420=FACE_OUTER_BOUND('',#668,.T.);
#421=PLANE('',#669);
#422=FACE_OUTER_BOUND('',#670,.T.);
#423=PLANE('',#671);
#424=FACE_OUTER_BOUND('',#672,.T.);
#425=FACE_BOUND('',#673,.T.);
#426=PLANE('',#674);
#427=FACE_OUTER_BOUND('',#675,.T.);
#428=PLANE('',#676);
#429=FACE_OUTER_BOUND('',#677,.T.);
#430=PLANE('',#678);
#431=FACE_OUTER_BOUND('',#679,.T.);
#432=PLANE('',#680);
#433=FACE_OUTER_BOUND('',#681,.T.);
#434=PLANE('',#682);
#435=FACE_OUTER_BOUND('',#683,.T.);
#436=PLANE('',#684);
#437=FACE_OUTER_BOUND('',#685,.T.);
#438=PLANE('',#686);
#439=FACE_OUTER_BOUND('',#687,.T.);
#440=PLANE('',#688);
#441=FACE_OUTER_BOUND('',#689,.T.);
#442=PLANE('',#690);
#443=FACE_OUTER_BOUND('',#691,.T.);
#444=PLANE('',#692);
#445=EDGE_LOOP('',(#693,#694,#695,#696));
#446=AXIS2_PLACEMENT_3D('',#697,#698,#699);
#447=EDGE_LOOP('',(#700,#701,#702,#703));
#448=AXIS2_PLACEMENT_3D('',#704,#705,#706);
#449=EDGE_LOOP('',(#707,#708,#709,#710));
#450=AXIS2_PLACEMENT_3D('',#711,#712,#713);
#451=EDGE_LOOP('',(#714,#715,#716,#717));
#452=AXIS2_PLACEMENT_3D('',#718,#719,#720);
#453=EDGE_LOOP('',(#721,#722,#723,#724,#725));
#454=AXIS2_PLACEMENT_3D('',#726,#727,#728);
#455=EDGE_LOOP('',(#729,#730,#731,#732));
#456=AXIS2_PLACEMENT_3D('',#733,#734,#735);
#457=EDGE_LOOP('',(#736,#737,#738,#739,#740,#741));
#458=AXIS2_PLACEMENT_3D('',#742,#743,#744);
#459=EDGE_LOOP('',(#745,#746,#747));
#460=EDGE_LOOP('',(#748,#749));
#461=AXIS2_PLACEMENT_3D('',#750,#751,#752);
#462=EDGE_LOOP('',(#753,#754,#755,#756));
#463=AXIS2_PLACEMENT_3D('',#757,#758,#759);
#464=EDGE_LOOP('',(#760,#761,#762,#763));
#465=AXIS2_PLACEMENT_3D('',#764,#765,#766);
#466=EDGE_LOOP('',(#767,#768,#769,#770));
#467=AXIS2_PLACEMENT_3D('',#771,#772,#773);
#468=EDGE_LOOP('',(#774,#775,#776,#777));
#469=AXIS2_PLACEMENT_3D('',#778,#779,#780);
#470=EDGE_LOOP('',(#781,#782,#783,#784));
#471=AXIS2_PLACEMENT_3D('',#785,#786,#787);
#472=EDGE_LOOP('',(#788,#789,#790,#791,#792,#793,#794));
#473=AXIS2_PLACEMENT_3D('',#795,#796,#797);
#474=EDGE_LOOP('',(#798,#799,#800,#801));
#475=AXIS2_PLACEMENT_3D('',#802,#803,#804);
#476=EDGE_LOOP('',(#805,#806,#807,#808,#809,#810,#811));
#477=AXIS2_PLACEMENT_3D('',#812,#813,#814);
#478=EDGE_LOOP('',(#815,#816,#817,#818));
#479=AXIS2_PLACEMENT_3D('',#819,#820,#821);
#480=EDGE_LOOP('',(#822,#823,#824,#825));
#481=AXIS2_PLACEMENT_3D('',#826,#827,#828);
#482=EDGE_LOOP('',(#829,#830,#831,#832));
#483=AXIS2_PLACEMENT_3D('',#833,#834,#835);
#484=EDGE_LOOP('',(#836,#837,#838,#839));
#485=AXIS2_PLACEMENT_3D('',#840,#841,#842);
#486=EDGE_LOOP('',(#843,#844,#845,#846));
#487=AXIS2_PLACEMENT_3D('',#847,#848,#849);
#488=EDGE_LOOP('',(#850,#851,#852,#853));
#489=AXIS2_PLACEMENT_3D('',#854,#855,#856);
#490=EDGE_LOOP('',(#857,#858,#859,#860));
#491=AXIS2_PLACEMENT_3D('',#861,#862,#863);
#492=EDGE_LOOP('',(#864,#865,#866,#867));
#493=AXIS2_PLACEMENT_3D('',#868,#869,#870);
#494=EDGE_LOOP('',(#871,#872,#873,#874));
#495=AXIS2_PLACEMENT_3D('',#875,#876,#877);
#496=EDGE_LOOP('',(#878,#879,#880,#881));
#497=AXIS2_PLACEMENT_3D('',#882,#883,#884);
#498=EDGE_LOOP('',(#885,#886,#887,#888));
#499=AXIS2_PLACEMENT_3D('',#889,#890,#891);
#500=EDGE_LOOP('',(#892,#893,#894,#895));
#501=AXIS2_PLACEMENT_3D('',#896,#897,#898);
#502=EDGE_LOOP('',(#899,#900,#901,#902));
#503=AXIS2_PLACEMENT_3D('',#903,#904,#905);
#504=EDGE_LOOP('',(#906,#907,#908,#909));
#505=AXIS2_PLACEMENT_3D('',#910,#911,#912);
#506=EDGE_LOOP('',(#913,#914,#915,#916));
#507=AXIS2_PLACEMENT_3D('',#917,#918,#919);
#508=EDGE_LOOP('',(#920,#921,#922,#923));
#509=AXIS2_PLACEMENT_3D('',#924,#925,#926);
#510=EDGE_LOOP('',(#927,#928,#929,#930));
#511=AXIS2_PLACEMENT_3D('',#931,#932,#933);
#512=EDGE_LOOP('',(#934,#935,#936,#937));
#513=AXIS2_PLACEMENT_3D('',#938,#939,#940);
#514=EDGE_LOOP('',(#941,#942,#943,#944));
#515=AXIS2_PLACEMENT_3D('',#945,#946,#947);
#516=EDGE_LOOP('',(#948,#949,#950,#951));
#517=AXIS2_PLACEMENT_3D('',#952,#953,#954);
#518=EDGE_LOOP('',(#955,#956,#957,#958));
#519=AXIS2_PLACEMENT_3D('',#959,#960,#961);
#520=EDGE_LOOP('',(#962,#963,#964,#965));
#521=AXIS2_PLACEMENT_3D('',#966,#967,#968);
#522=EDGE_LOOP('',(#969,#970,#971,#972));
#523=AXIS2_PLACEMENT_3D('',#973,#974,#975);
#524=EDGE_LOOP('',(#976,#977,#978,#979));
#525=AXIS2_PLACEMENT_3D('',#980,#981,#982);
#526=EDGE_LOOP('',(#983,#984,#985,#986));
#527=AXIS2_PLACEMENT_3D('',#987,#988,#989);
#528=EDGE_LOOP('',(#990,#991,#992,#993));
#529=AXIS2_PLACEMENT_3D('',#994,#995,#996);
#530=EDGE_LOOP('',(#997,#998,#999,#1000));
#531=AXIS2_PLACEMENT_3D('',#1001,#1002,#1003);
#532=EDGE_LOOP('',(#1004,#1005,#1006,#1007));
#533=AXIS2_PLACEMENT_3D('',#1008,#1009,#1010);
#534=EDGE_LOOP('',(#1011,#1012,#1013,#1014));
#535=AXIS2_PLACEMENT_3D('',#1015,#1016,#1017);
#536=EDGE_LOOP('',(#1018,#1019,#1020,#1021));
#537=AXIS2_PLACEMENT_3D('',#1022,#1023,#1024);
#538=EDGE_LOOP('',(#1025,#1026,#1027,#1028));
#539=EDGE_LOOP('',(#1029,#1030));
#540=AXIS2_PLACEMENT_3D('',#1031,#1032,#1033);
#541=EDGE_LOOP('',(#1034,#1035,#1036,#1037));
#542=AXIS2_PLACEMENT_3D('',#1038,#1039,#1040);
#543=EDGE_LOOP('',(#1041,#1042,#1043,#1044));
#544=AXIS2_PLACEMENT_3D('',#1045,#1046,#1047);
#545=EDGE_LOOP('',(#1048,#1049,#1050,#1051,#1052));
#546=AXIS2_PLACEMENT_3D('',#1053,#1054,#1055);
#547=EDGE_LOOP('',(#1056,#1057,#1058,#1059));
#548=AXIS2_PLACEMENT_3D('',#1060,#1061,#1062);
#549=EDGE_LOOP('',(#1063,#1064,#1065,#1066,#1067));
#550=AXIS2_PLACEMENT_3D('',#1068,#1069,#1070);
#551=EDGE_LOOP('',(#1071,#1072,#1073,#1074));
#552=AXIS2_PLACEMENT_3D('',#1075,#1076,#1077);
#553=EDGE_LOOP('',(#1078,#1079,#1080,#1081,#1082));
#554=AXIS2_PLACEMENT_3D('',#1083,#1084,#1085);
#555=EDGE_LOOP('',(#1086,#1087,#1088,#1089));
#556=AXIS2_PLACEMENT_3D('',#1090,#1091,#1092);
#557=EDGE_LOOP('',(#1093,#1094,#1095,#1096,#1097));
#558=AXIS2_PLACEMENT_3D('',#1098,#1099,#1100);
#559=EDGE_LOOP('',(#1101,#1102,#1103,#1104));
#560=AXIS2_PLACEMENT_3D('',#1105,#1106,#1107);
#561=EDGE_LOOP('',(#1108,#1109,#1110,#1111));
#562=AXIS2_PLACEMENT_3D('',#1112,#1113,#1114);
#563=EDGE_LOOP('',(#1115,#1116));
#564=AXIS2_PLACEMENT_3D('',#1117,#1118,#1119);
#565=EDGE_LOOP('',(#1120,#1121,#1122,#1123,#1124,#1125,#1126,#1127,#1128,#1129,#1130,#1131,#1132,#1133,#1134,#1135));
#566=AXIS2_PLACEMENT_3D('',#1136,#1137,#1138);
#567=EDGE_LOOP('',(#1139,#1140,#1141,#1142));
#568=AXIS2_PLACEMENT_3D('',#1143,#1144,#1145);
#569=EDGE_LOOP('',(#1146,#1147));
#570=AXIS2_PLACEMENT_3D('',#1148,#1149,#1150);
#571=EDGE_LOOP('',(#1151,#1152,#1153,#1154,#1155,#1156,#1157,#1158,#1159,#1160,#1161,#1162,#1163,#1164,#1165,#1166));
#572=AXIS2_PLACEMENT_3D('',#1167,#1168,#1169);
#573=EDGE_LOOP('',(#1170,#1171,#1172,#1173));
#574=AXIS2_PLACEMENT_3D('',#1174,#1175,#1176);
#575=EDGE_LOOP('',(#1177,#1178));
#576=AXIS2_PLACEMENT_3D('',#1179,#1180,#1181);
#577=EDGE_LOOP('',(#1182,#1183,#1184,#1185,#1186,#1187,#1188,#1189,#1190,#1191,#1192,#1193,#1194,#1195,#1196,#1197));
#578=AXIS2_PLACEMENT_3D('',#1198,#1199,#1200);
#579=EDGE_LOOP('',(#1201,#1202,#1203,#1204));
#580=AXIS2_PLACEMENT_3D('',#1205,#1206,#1207);
#581=EDGE_LOOP('',(#1208,#1209));
#582=AXIS2_PLACEMENT_3D('',#1210,#1211,#1212);
#583=EDGE_LOOP('',(#1213,#1214,#1215,#1216,#1217,#1218,#1219,#1220,#1221,#1222,#1223,#1224,#1225,#1226,#1227,#1228));
#584=AXIS2_PLACEMENT_3D('',#1229,#1230,#1231);
#585=EDGE_LOOP('',(#1232,#1233,#1234,#1235));
#586=AXIS2_PLACEMENT_3D('',#1236,#1237,#1238);
#587=EDGE_LOOP('',(#1239,#1240));
#588=AXIS2_PLACEMENT_3D('',#1241,#1242,#1243);
#589=EDGE_LOOP('',(#1244,#1245,#1246,#1247,#1248,#1249,#1250,#1251,#1252,#1253,#1254,#1255,#1256,#1257,#1258,#1259));
#590=AXIS2_PLACEMENT_3D('',#1260,#1261,#1262);
#591=EDGE_LOOP('',(#1263,#1264,#1265,#1266));
#592=AXIS2_PLACEMENT_3D('',#1267,#1268,#1269);
#593=EDGE_LOOP('',(#1270,#1271));
#594=AXIS2_PLACEMENT_3D('',#1272,#1273,#1274);
#595=EDGE_LOOP('',(#1275,#1276,#1277,#1278,#1279,#1280,#1281,#1282,#1283,#1284,#1285,#1286,#1287,#1288,#1289,#1290));
#596=AXIS2_PLACEMENT_3D('',#1291,#1292,#1293);
#597=EDGE_LOOP('',(#1294,#1295,#1296,#1297));
#598=AXIS2_PLACEMENT_3D('',#1298,#1299,#1300);
#599=EDGE_LOOP('',(#1301,#1302,#1303,#1304));
#600=AXIS2_PLACEMENT_3D('',#1305,#1306,#1307);
#601=EDGE_LOOP('',(#1308,#1309,#1310,#1311));
#602=AXIS2_PLACEMENT_3D('',#1312,#1313,#1314);
#603=EDGE_LOOP('',(#1315,#1316,#1317,#1318));
#604=AXIS2_PLACEMENT_3D('',#1319,#1320,#1321);
#605=EDGE_LOOP('',(#1322,#1323,#1324,#1325,#1326,#1327));
#606=AXIS2_PLACEMENT_3D('',#1328,#1329,#1330);
#607=EDGE_LOOP('',(#1331,#1332,#1333,#1334));
#608=AXIS2_PLACEMENT_3D('',#1335,#1336,#1337);
#609=EDGE_LOOP('',(#1338,#1339,#1340,#1341));
#610=AXIS2_PLACEMENT_3D('',#1342,#1343,#1344);
#611=EDGE_LOOP('',(#1345,#1346,#1347,#1348));
#612=AXIS2_PLACEMENT_3D('',#1349,#1350,#1351);
#613=EDGE_LOOP('',(#1352,#1353,#1354,#1355,#1356,#1357,#1358,#1359,#1360,#1361,#1362,#1363));
#614=AXIS2_PLACEMENT_3D('',#1364,#1365,#1366);
#615=EDGE_LOOP('',(#1367,#1368,#1369,#1370,#1371,#1372,#1373,#1374));
#616=AXIS2_PLACEMENT_3D('',#1375,#1376,#1377);
#617=EDGE_LOOP('',(#1378,#1379,#1380,#1381));
#618=AXIS2_PLACEMENT_3D('',#1382,#1383,#1384);
#619=EDGE_LOOP('',(#1385,#1386,#1387,#1388));
#620=AXIS2_PLACEMENT_3D('',#1389,#1390,#1391);
#621=EDGE_LOOP('',(#1392,#1393,#1394,#1395,#1396,#1397,#1398,#1399,#1400,#1401,#1402,#1403));
#622=AXIS2_PLACEMENT_3D('',#1404,#1405,#1406);
#623=EDGE_LOOP('',(#1407,#1408,#1409,#1410));
#624=AXIS2_PLACEMENT_3D('',#1411,#1412,#1413);
#625=EDGE_LOOP('',(#1414,#1415,#1416,#1417));
#626=AXIS2_PLACEMENT_3D('',#1418,#1419,#1420);
#627=EDGE_LOOP('',(#1421,#1422,#1423,#1424,#1425,#1426,#1427,#1428,#1429,#1430,#1431,#1432,#1433));
#628=AXIS2_PLACEMENT_3D('',#1434,#1435,#1436);
#629=EDGE_LOOP('',(#1437,#1438,#1439,#1440));
#630=AXIS2_PLACEMENT_3D('',#1441,#1442,#1443);
#631=EDGE_LOOP('',(#1444,#1445,#1446,#1447,#1448,#1449,#1450,#1451));
#632=AXIS2_PLACEMENT_3D('',#1452,#1453,#1454);
#633=EDGE_LOOP('',(#1455,#1456,#1457,#1458));
#634=AXIS2_PLACEMENT_3D('',#1459,#1460,#1461);
#635=EDGE_LOOP('',(#1462,#1463,#1464,#1465,#1466,#1467));
#636=AXIS2_PLACEMENT_3D('',#1468,#1469,#1470);
#637=EDGE_LOOP('',(#1471,#1472,#1473,#1474));
#638=AXIS2_PLACEMENT_3D('',#1475,#1476,#1477);
#639=EDGE_LOOP('',(#1478,#1479,#1480,#1481,#1482,#1483,#1484,#1485,#1486));
#640=AXIS2_PLACEMENT_3D('',#1487,#1488,#1489);
#641=EDGE_LOOP('',(#1490,#1491,#1492,#1493));
#642=AXIS2_PLACEMENT_3D('',#1494,#1495,#1496);
#643=EDGE_LOOP('',(#1497,#1498,#1499,#1500));
#644=AXIS2_PLACEMENT_3D('',#1501,#1502,#1503);
#645=EDGE_LOOP('',(#1504,#1505,#1506,#1507));
#646=AXIS2_PLACEMENT_3D('',#1508,#1509,#1510);
#647=EDGE_LOOP('',(#1511,#1512,#1513,#1514));
#648=AXIS2_PLACEMENT_3D('',#1515,#1516,#1517);
#649=EDGE_LOOP('',(#1518,#1519,#1520,#1521));
#650=AXIS2_PLACEMENT_3D('',#1522,#1523,#1524);
#651=EDGE_LOOP('',(#1525,#1526,#1527,#1528));
#652=AXIS2_PLACEMENT_3D('',#1529,#1530,#1531);
#653=EDGE_LOOP('',(#1532,#1533,#1534,#1535));
#654=AXIS2_PLACEMENT_3D('',#1536,#1537,#1538);
#655=EDGE_LOOP('',(#1539,#1540,#1541,#1542));
#656=AXIS2_PLACEMENT_3D('',#1543,#1544,#1545);
#657=EDGE_LOOP('',(#1546,#1547,#1548,#1549,#1550,#1551,#1552,#1553));
#658=EDGE_LOOP('',(#1554,#1555,#1556,#1557,#1558,#1559,#1560,#1561));
#659=EDGE_LOOP('',(#1562,#1563,#1564,#1565,#1566,#1567,#1568,#1569));
#660=EDGE_LOOP('',(#1570,#1571,#1572,#1573,#1574,#1575,#1576,#1577,#1578,#1579,#1580,#1581));
#661=AXIS2_PLACEMENT_3D('',#1582,#1583,#1584);
#662=EDGE_LOOP('',(#1585,#1586,#1587,#1588));
#663=AXIS2_PLACEMENT_3D('',#1589,#1590,#1591);
#664=EDGE_LOOP('',(#1592,#1593,#1594,#1595));
#665=AXIS2_PLACEMENT_3D('',#1596,#1597,#1598);
#666=EDGE_LOOP('',(#1599,#1600,#1601,#1602,#1603,#1604,#1605,#1606));
#667=AXIS2_PLACEMENT_3D('',#1607,#1608,#1609);
#668=EDGE_LOOP('',(#1610,#1611,#1612,#1613,#1614,#1615,#1616,#1617));
#669=AXIS2_PLACEMENT_3D('',#1618,#1619,#1620);
#670=EDGE_LOOP('',(#1621,#1622,#1623,#1624,#1625,#1626,#1627,#1628,#1629));
#671=AXIS2_PLACEMENT_3D('',#1630,#1631,#1632);
#672=EDGE_LOOP('',(#1633,#1634,#1635,#1636,#1637,#1638,#1639,#1640));
#673=EDGE_LOOP('',(#1641,#1642));
#674=AXIS2_PLACEMENT_3D('',#1643,#1644,#1645);
#675=EDGE_LOOP('',(#1646,#1647,#1648,#1649,#1650,#1651,#1652,#1653,#1654));
#676=AXIS2_PLACEMENT_3D('',#1655,#1656,#1657);
#677=EDGE_LOOP('',(#1658,#1659,#1660,#1661,#1662,#1663,#1664,#1665));
#678=AXIS2_PLACEMENT_3D('',#1666,#1667,#1668);
#679=EDGE_LOOP('',(#1669,#1670,#1671,#1672,#1673,#1674,#1675,#1676,#1677,#1678,#1679,#1680,#1681));
#680=AXIS2_PLACEMENT_3D('',#1682,#1683,#1684);
#681=EDGE_LOOP('',(#1685,#1686,#1687,#1688,#1689,#1690,#1691,#1692));
#682=AXIS2_PLACEMENT_3D('',#1693,#1694,#1695);
#683=EDGE_LOOP('',(#1696,#1697,#1698,#1699,#1700,#1701,#1702,#1703,#1704));
#684=AXIS2_PLACEMENT_3D('',#1705,#1706,#1707);
#685=EDGE_LOOP('',(#1708,#1709,#1710,#1711,#1712,#1713,#1714,#1715,#1716,#1717,#1718,#1719));
#686=AXIS2_PLACEMENT_3D('',#1720,#1721,#1722);
#687=EDGE_LOOP('',(#1723,#1724,#1725,#1726,#1727,#1728,#1729,#1730));
#688=AXIS2_PLACEMENT_3D('',#1731,#1732,#1733);
#689=EDGE_LOOP('',(#1734,#1735,#1736,#1737,#1738,#1739,#1740,#1741,#1742,#1743,#1744,#1745));
#690=AXIS2_PLACEMENT_3D('',#1746,#1747,#1748);
#691=EDGE_LOOP('',(#1749,#1750,#1751,#1752,#1753,#1754,#1755,#1756));
#692=AXIS2_PLACEMENT_3D('',#1757,#1758,#1759);
#693=ORIENTED_EDGE('',*,*,#1760,.F.);
#694=ORIENTED_EDGE('',*,*,#1761,.F.);
#695=ORIENTED_EDGE('',*,*,#1762,.F.);
#696=ORIENTED_EDGE('',*,*,#1763,.F.);
#697=CARTESIAN_POINT('',(0.0,8.97125,0.0));
#698=DIRECTION('',(-0.0,1.0,0.0));
#699=DIRECTION('',(1.0,0.0,0.0));
#700=ORIENTED_EDGE('',*,*,#1764,.F.);
#701=ORIENTED_EDGE('',*,*,#1765,.F.);
#702=ORIENTED_EDGE('',*,*,#1766,.T.);
#703=ORIENTED_EDGE('',*,*,#1767,.T.);
#704=CARTESIAN_POINT('',(-2.25,0.36,2.285));
#705=DIRECTION('',(0.0,0.0,1.0));
#706=DIRECTION('',(6.12323399573676E-17,-1.0,0.0));
#707=ORIENTED_EDGE('',*,*,#1768,.F.);
#708=ORIENTED_EDGE('',*,*,#1769,.F.);
#709=ORIENTED_EDGE('',*,*,#1770,.T.);
#710=ORIENTED_EDGE('',*,*,#1771,.T.);
#711=CARTESIAN_POINT('',(-2.25,0.36,-2.795));
#712=DIRECTION('',(0.0,0.0,1.0));
#713=DIRECTION('',(6.12323399573676E-17,-1.0,0.0));
#714=ORIENTED_EDGE('',*,*,#1772,.F.);
#715=ORIENTED_EDGE('',*,*,#1773,.F.);
#716=ORIENTED_EDGE('',*,*,#1774,.T.);
#717=ORIENTED_EDGE('',*,*,#1775,.T.);
#718=CARTESIAN_POINT('',(-2.25,0.36,-0.255));
#719=DIRECTION('',(0.0,0.0,1.0));
#720=DIRECTION('',(6.12323399573676E-17,-1.0,0.0));
#721=ORIENTED_EDGE('',*,*,#1776,.F.);
#722=ORIENTED_EDGE('',*,*,#1777,.F.);
#723=ORIENTED_EDGE('',*,*,#1778,.F.);
#724=ORIENTED_EDGE('',*,*,#1779,.F.);
#725=ORIENTED_EDGE('',*,*,#1780,.F.);
#726=CARTESIAN_POINT('',(0.0,15.4191115128348,0.456006465592273));
#727=DIRECTION('',(-0.0,0.987688340595138,0.156434465040231));
#728=DIRECTION('',(1.0,0.0,0.0));
#729=ORIENTED_EDGE('',*,*,#1780,.T.);
#730=ORIENTED_EDGE('',*,*,#1779,.T.);
#731=ORIENTED_EDGE('',*,*,#1781,.T.);
#732=ORIENTED_EDGE('',*,*,#1782,.T.);
#733=CARTESIAN_POINT('',(0.0,18.2982230256697,0.912012931184546));
#734=DIRECTION('',(0.0,-0.156434465040231,0.987688340595138));
#735=DIRECTION('',(1.0,0.0,0.0));
#736=ORIENTED_EDGE('',*,*,#1776,.T.);
#737=ORIENTED_EDGE('',*,*,#1782,.F.);
#738=ORIENTED_EDGE('',*,*,#1781,.F.);
#739=ORIENTED_EDGE('',*,*,#1778,.T.);
#740=ORIENTED_EDGE('',*,*,#1783,.F.);
#741=ORIENTED_EDGE('',*,*,#1784,.F.);
#742=CARTESIAN_POINT('',(0.0,15.4191115128348,0.456006465592273));
#743=DIRECTION('',(-0.0,0.987688340595138,0.156434465040231));
#744=DIRECTION('',(1.0,0.0,0.0));
#745=ORIENTED_EDGE('',*,*,#1783,.T.);
#746=ORIENTED_EDGE('',*,*,#1777,.T.);
#747=ORIENTED_EDGE('',*,*,#1784,.T.);
#748=ORIENTED_EDGE('',*,*,#1785,.F.);
#749=ORIENTED_EDGE('',*,*,#1786,.F.);
#750=CARTESIAN_POINT('',(0.0,13.04,0.0));
#751=DIRECTION('',(0.0,-1.0,0.0));
#752=DIRECTION('',(-1.0,0.0,0.0));
#753=ORIENTED_EDGE('',*,*,#1787,.T.);
#754=ORIENTED_EDGE('',*,*,#1788,.T.);
#755=ORIENTED_EDGE('',*,*,#1789,.T.);
#756=ORIENTED_EDGE('',*,*,#1790,.T.);
#757=CARTESIAN_POINT('',(0.0,13.54,0.0));
#758=DIRECTION('',(-0.0,1.0,0.0));
#759=DIRECTION('',(1.0,0.0,0.0));
#760=ORIENTED_EDGE('',*,*,#1791,.T.);
#761=ORIENTED_EDGE('',*,*,#1786,.T.);
#762=ORIENTED_EDGE('',*,*,#1792,.F.);
#763=ORIENTED_EDGE('',*,*,#1788,.F.);
#764=CARTESIAN_POINT('',(0.0,13.79,0.0));
#765=DIRECTION('',(-0.0,1.0,0.0));
#766=DIRECTION('',(1.0,0.0,0.0));
#767=ORIENTED_EDGE('',*,*,#1793,.F.);
#768=ORIENTED_EDGE('',*,*,#1794,.F.);
#769=ORIENTED_EDGE('',*,*,#1795,.T.);
#770=ORIENTED_EDGE('',*,*,#1785,.T.);
#771=CARTESIAN_POINT('',(0.0,13.79,0.0));
#772=DIRECTION('',(-0.0,1.0,0.0));
#773=DIRECTION('',(1.0,0.0,0.0));
#774=ORIENTED_EDGE('',*,*,#1796,.T.);
#775=ORIENTED_EDGE('',*,*,#1797,.T.);
#776=ORIENTED_EDGE('',*,*,#1798,.T.);
#777=ORIENTED_EDGE('',*,*,#1794,.T.);
#778=CARTESIAN_POINT('',(0.0,13.54,0.0));
#779=DIRECTION('',(-0.0,1.0,0.0));
#780=DIRECTION('',(1.0,0.0,0.0));
#781=ORIENTED_EDGE('',*,*,#1799,.F.);
#782=ORIENTED_EDGE('',*,*,#1800,.T.);
#783=ORIENTED_EDGE('',*,*,#1797,.F.);
#784=ORIENTED_EDGE('',*,*,#1801,.T.);
#785=CARTESIAN_POINT('',(0.0,11.265,0.0));
#786=DIRECTION('',(-0.0,1.0,0.0));
#787=DIRECTION('',(1.0,0.0,0.0));
#788=ORIENTED_EDGE('',*,*,#1802,.F.);
#789=ORIENTED_EDGE('',*,*,#1803,.F.);
#790=ORIENTED_EDGE('',*,*,#1789,.F.);
#791=ORIENTED_EDGE('',*,*,#1792,.T.);
#792=ORIENTED_EDGE('',*,*,#1795,.F.);
#793=ORIENTED_EDGE('',*,*,#1798,.F.);
#794=ORIENTED_EDGE('',*,*,#1800,.F.);
#795=CARTESIAN_POINT('',(1.72,13.89,0.0));
#796=DIRECTION('',(1.0,0.0,0.0));
#797=DIRECTION('',(0.0,0.0,-1.0));
#798=ORIENTED_EDGE('',*,*,#1804,.F.);
#799=ORIENTED_EDGE('',*,*,#1805,.T.);
#800=ORIENTED_EDGE('',*,*,#1790,.F.);
#801=ORIENTED_EDGE('',*,*,#1803,.T.);
#802=CARTESIAN_POINT('',(0.0,11.265,0.0));
#803=DIRECTION('',(-0.0,1.0,0.0));
#804=DIRECTION('',(1.0,0.0,0.0));
#805=ORIENTED_EDGE('',*,*,#1806,.F.);
#806=ORIENTED_EDGE('',*,*,#1801,.F.);
#807=ORIENTED_EDGE('',*,*,#1796,.F.);
#808=ORIENTED_EDGE('',*,*,#1793,.T.);
#809=ORIENTED_EDGE('',*,*,#1791,.F.);
#810=ORIENTED_EDGE('',*,*,#1787,.F.);
#811=ORIENTED_EDGE('',*,*,#1805,.F.);
#812=CARTESIAN_POINT('',(-1.72,13.89,-2.10639249453345E-16));
#813=DIRECTION('',(-1.0,0.0,-1.22464679914735E-16));
#814=DIRECTION('',(-1.22464679914735E-16,0.0,1.0));
#815=ORIENTED_EDGE('',*,*,#1772,.T.);
#816=ORIENTED_EDGE('',*,*,#1807,.T.);
#817=ORIENTED_EDGE('',*,*,#1808,.F.);
#818=ORIENTED_EDGE('',*,*,#1809,.F.);
#819=CARTESIAN_POINT('',(-2.25,0.36,-0.255));
#820=DIRECTION('',(0.0,0.0,1.0));
#821=DIRECTION('',(6.12323399573676E-17,-1.0,0.0));
#822=ORIENTED_EDGE('',*,*,#1810,.T.);
#823=ORIENTED_EDGE('',*,*,#1774,.F.);
#824=ORIENTED_EDGE('',*,*,#1811,.T.);
#825=ORIENTED_EDGE('',*,*,#1812,.T.);
#826=CARTESIAN_POINT('',(-2.55,0.455,-0.255));
#827=DIRECTION('',(1.0,6.12323399573676E-17,0.0));
#828=DIRECTION('',(-6.12323399573676E-17,1.0,0.0));
#829=ORIENTED_EDGE('',*,*,#1813,.T.);
#830=ORIENTED_EDGE('',*,*,#1812,.F.);
#831=ORIENTED_EDGE('',*,*,#1814,.T.);
#832=ORIENTED_EDGE('',*,*,#1815,.T.);
#833=CARTESIAN_POINT('',(-4.26,0.55,-0.255));
#834=DIRECTION('',(-6.12323399573676E-17,1.0,0.0));
#835=DIRECTION('',(-1.0,-6.12323399573676E-17,0.0));
#836=ORIENTED_EDGE('',*,*,#1816,.T.);
#837=ORIENTED_EDGE('',*,*,#1815,.F.);
#838=ORIENTED_EDGE('',*,*,#1817,.T.);
#839=ORIENTED_EDGE('',*,*,#1818,.T.);
#840=CARTESIAN_POINT('',(-5.97,0.17,-0.255));
#841=DIRECTION('',(0.0,0.0,1.0));
#842=DIRECTION('',(6.12323399573676E-17,-1.0,0.0));
#843=ORIENTED_EDGE('',*,*,#1819,.T.);
#844=ORIENTED_EDGE('',*,*,#1818,.F.);
#845=ORIENTED_EDGE('',*,*,#1820,.T.);
#846=ORIENTED_EDGE('',*,*,#1821,.T.);
#847=CARTESIAN_POINT('',(-4.56,-0.21,-0.255));
#848=DIRECTION('',(6.12323399573676E-17,-1.0,0.0));
#849=DIRECTION('',(1.0,6.12323399573676E-17,0.0));
#850=ORIENTED_EDGE('',*,*,#1822,.T.);
#851=ORIENTED_EDGE('',*,*,#1821,.F.);
#852=ORIENTED_EDGE('',*,*,#1823,.F.);
#853=ORIENTED_EDGE('',*,*,#1824,.T.);
#854=CARTESIAN_POINT('',(-3.15,-0.31,-0.255));
#855=DIRECTION('',(0.0,0.0,1.0));
#856=DIRECTION('',(6.12323399573676E-17,-1.0,0.0));
#857=ORIENTED_EDGE('',*,*,#1825,.T.);
#858=ORIENTED_EDGE('',*,*,#1824,.F.);
#859=ORIENTED_EDGE('',*,*,#1826,.T.);
#860=ORIENTED_EDGE('',*,*,#1827,.T.);
#861=CARTESIAN_POINT('',(-3.05,-0.354026619258086,-0.255));
#862=DIRECTION('',(-1.0,-6.12323399573676E-17,0.0));
#863=DIRECTION('',(6.12323399573676E-17,-1.0,0.0));
#864=ORIENTED_EDGE('',*,*,#1828,.T.);
#865=ORIENTED_EDGE('',*,*,#1827,.F.);
#866=ORIENTED_EDGE('',*,*,#1829,.T.);
#867=ORIENTED_EDGE('',*,*,#1830,.T.);
#868=CARTESIAN_POINT('',(-2.85,-0.398053238516173,-0.255));
#869=DIRECTION('',(0.0,0.0,1.0));
#870=DIRECTION('',(6.12323399573676E-17,-1.0,0.0));
#871=ORIENTED_EDGE('',*,*,#1831,.T.);
#872=ORIENTED_EDGE('',*,*,#1830,.F.);
#873=ORIENTED_EDGE('',*,*,#1832,.T.);
#874=ORIENTED_EDGE('',*,*,#1833,.T.);
#875=CARTESIAN_POINT('',(-0.760385342218421,-0.598053238516172,-0.255));
#876=DIRECTION('',(6.12323399573676E-17,-1.0,0.0));
#877=DIRECTION('',(1.0,6.12323399573676E-17,0.0));
#878=ORIENTED_EDGE('',*,*,#1834,.T.);
#879=ORIENTED_EDGE('',*,*,#1833,.F.);
#880=ORIENTED_EDGE('',*,*,#1835,.T.);
#881=ORIENTED_EDGE('',*,*,#1836,.T.);
#882=CARTESIAN_POINT('',(1.32922931556316,-0.398053238516172,-0.255));
#883=DIRECTION('',(0.0,0.0,1.0));
#884=DIRECTION('',(6.12323399573676E-17,-1.0,0.0));
#885=ORIENTED_EDGE('',*,*,#1768,.T.);
#886=ORIENTED_EDGE('',*,*,#1837,.T.);
#887=ORIENTED_EDGE('',*,*,#1838,.F.);
#888=ORIENTED_EDGE('',*,*,#1839,.F.);
#889=CARTESIAN_POINT('',(-2.25,0.36,-2.795));
#890=DIRECTION('',(0.0,0.0,1.0));
#891=DIRECTION('',(6.12323399573676E-17,-1.0,0.0));
#892=ORIENTED_EDGE('',*,*,#1840,.T.);
#893=ORIENTED_EDGE('',*,*,#1770,.F.);
#894=ORIENTED_EDGE('',*,*,#1841,.T.);
#895=ORIENTED_EDGE('',*,*,#1842,.T.);
#896=CARTESIAN_POINT('',(-2.55,0.455,-2.795));
#897=DIRECTION('',(1.0,6.12323399573676E-17,0.0));
#898=DIRECTION('',(-6.12323399573676E-17,1.0,0.0));
#899=ORIENTED_EDGE('',*,*,#1843,.T.);
#900=ORIENTED_EDGE('',*,*,#1842,.F.);
#901=ORIENTED_EDGE('',*,*,#1844,.T.);
#902=ORIENTED_EDGE('',*,*,#1845,.T.);
#903=CARTESIAN_POINT('',(-4.26,0.55,-2.795));
#904=DIRECTION('',(-6.12323399573676E-17,1.0,0.0));
#905=DIRECTION('',(-1.0,-6.12323399573676E-17,0.0));
#906=ORIENTED_EDGE('',*,*,#1846,.T.);
#907=ORIENTED_EDGE('',*,*,#1845,.F.);
#908=ORIENTED_EDGE('',*,*,#1847,.T.);
#909=ORIENTED_EDGE('',*,*,#1848,.T.);
#910=CARTESIAN_POINT('',(-5.97,0.17,-2.795));
#911=DIRECTION('',(0.0,0.0,1.0));
#912=DIRECTION('',(6.12323399573676E-17,-1.0,0.0));
#913=ORIENTED_EDGE('',*,*,#1849,.T.);
#914=ORIENTED_EDGE('',*,*,#1848,.F.);
#915=ORIENTED_EDGE('',*,*,#1850,.T.);
#916=ORIENTED_EDGE('',*,*,#1851,.T.);
#917=CARTESIAN_POINT('',(-4.56,-0.21,-2.795));
#918=DIRECTION('',(6.12323399573676E-17,-1.0,0.0));
#919=DIRECTION('',(1.0,6.12323399573676E-17,0.0));
#920=ORIENTED_EDGE('',*,*,#1852,.T.);
#921=ORIENTED_EDGE('',*,*,#1851,.F.);
#922=ORIENTED_EDGE('',*,*,#1853,.F.);
#923=ORIENTED_EDGE('',*,*,#1854,.T.);
#924=CARTESIAN_POINT('',(-3.15,-0.31,-2.795));
#925=DIRECTION('',(0.0,0.0,1.0));
#926=DIRECTION('',(6.12323399573676E-17,-1.0,0.0));
#927=ORIENTED_EDGE('',*,*,#1855,.T.);
#928=ORIENTED_EDGE('',*,*,#1854,.F.);
#929=ORIENTED_EDGE('',*,*,#1856,.T.);
#930=ORIENTED_EDGE('',*,*,#1857,.T.);
#931=CARTESIAN_POINT('',(-3.05,-0.354026619258086,-2.795));
#932=DIRECTION('',(-1.0,-6.12323399573676E-17,0.0));
#933=DIRECTION('',(6.12323399573676E-17,-1.0,0.0));
#934=ORIENTED_EDGE('',*,*,#1858,.T.);
#935=ORIENTED_EDGE('',*,*,#1857,.F.);
#936=ORIENTED_EDGE('',*,*,#1859,.T.);
#937=ORIENTED_EDGE('',*,*,#1860,.T.);
#938=CARTESIAN_POINT('',(-2.85,-0.398053238516173,-2.795));
#939=DIRECTION('',(0.0,0.0,1.0));
#940=DIRECTION('',(6.12323399573676E-17,-1.0,0.0));
#941=ORIENTED_EDGE('',*,*,#1861,.T.);
#942=ORIENTED_EDGE('',*,*,#1860,.F.);
#943=ORIENTED_EDGE('',*,*,#1862,.T.);
#944=ORIENTED_EDGE('',*,*,#1863,.T.);
#945=CARTESIAN_POINT('',(-0.760385342218421,-0.598053238516172,-2.795));
#946=DIRECTION('',(6.12323399573676E-17,-1.0,0.0));
#947=DIRECTION('',(1.0,6.12323399573676E-17,0.0));
#948=ORIENTED_EDGE('',*,*,#1864,.T.);
#949=ORIENTED_EDGE('',*,*,#1863,.F.);
#950=ORIENTED_EDGE('',*,*,#1865,.T.);
#951=ORIENTED_EDGE('',*,*,#1866,.T.);
#952=CARTESIAN_POINT('',(1.32922931556316,-0.398053238516172,-2.795));
#953=DIRECTION('',(0.0,0.0,1.0));
#954=DIRECTION('',(6.12323399573676E-17,-1.0,0.0));
#955=ORIENTED_EDGE('',*,*,#1764,.T.);
#956=ORIENTED_EDGE('',*,*,#1867,.T.);
#957=ORIENTED_EDGE('',*,*,#1868,.F.);
#958=ORIENTED_EDGE('',*,*,#1869,.F.);
#959=CARTESIAN_POINT('',(-2.25,0.36,2.285));
#960=DIRECTION('',(0.0,0.0,1.0));
#961=DIRECTION('',(6.12323399573676E-17,-1.0,0.0));
#962=ORIENTED_EDGE('',*,*,#1870,.T.);
#963=ORIENTED_EDGE('',*,*,#1766,.F.);
#964=ORIENTED_EDGE('',*,*,#1871,.T.);
#965=ORIENTED_EDGE('',*,*,#1872,.T.);
#966=CARTESIAN_POINT('',(-2.55,0.455,2.285));
#967=DIRECTION('',(1.0,6.12323399573676E-17,0.0));
#968=DIRECTION('',(-6.12323399573676E-17,1.0,0.0));
#969=ORIENTED_EDGE('',*,*,#1873,.T.);
#970=ORIENTED_EDGE('',*,*,#1872,.F.);
#971=ORIENTED_EDGE('',*,*,#1874,.T.);
#972=ORIENTED_EDGE('',*,*,#1875,.T.);
#973=CARTESIAN_POINT('',(-4.26,0.55,2.285));
#974=DIRECTION('',(-6.12323399573676E-17,1.0,0.0));
#975=DIRECTION('',(-1.0,-6.12323399573676E-17,0.0));
#976=ORIENTED_EDGE('',*,*,#1876,.T.);
#977=ORIENTED_EDGE('',*,*,#1875,.F.);
#978=ORIENTED_EDGE('',*,*,#1877,.T.);
#979=ORIENTED_EDGE('',*,*,#1878,.T.);
#980=CARTESIAN_POINT('',(-5.97,0.17,2.285));
#981=DIRECTION('',(0.0,0.0,1.0));
#982=DIRECTION('',(6.12323399573676E-17,-1.0,0.0));
#983=ORIENTED_EDGE('',*,*,#1879,.T.);
#984=ORIENTED_EDGE('',*,*,#1878,.F.);
#985=ORIENTED_EDGE('',*,*,#1880,.T.);
#986=ORIENTED_EDGE('',*,*,#1881,.T.);
#987=CARTESIAN_POINT('',(-4.56,-0.21,2.285));
#988=DIRECTION('',(6.12323399573676E-17,-1.0,0.0));
#989=DIRECTION('',(1.0,6.12323399573676E-17,0.0));
#990=ORIENTED_EDGE('',*,*,#1882,.T.);
#991=ORIENTED_EDGE('',*,*,#1881,.F.);
#992=ORIENTED_EDGE('',*,*,#1883,.F.);
#993=ORIENTED_EDGE('',*,*,#1884,.T.);
#994=CARTESIAN_POINT('',(-3.15,-0.31,2.285));
#995=DIRECTION('',(0.0,0.0,1.0));
#996=DIRECTION('',(6.12323399573676E-17,-1.0,0.0));
#997=ORIENTED_EDGE('',*,*,#1885,.T.);
#998=ORIENTED_EDGE('',*,*,#1884,.F.);
#999=ORIENTED_EDGE('',*,*,#1886,.T.);
#1000=ORIENTED_EDGE('',*,*,#1887,.T.);
#1001=CARTESIAN_POINT('',(-3.05,-0.354026619258086,2.285));
#1002=DIRECTION('',(-1.0,-6.12323399573676E-17,0.0));
#1003=DIRECTION('',(6.12323399573676E-17,-1.0,0.0));
#1004=ORIENTED_EDGE('',*,*,#1888,.T.);
#1005=ORIENTED_EDGE('',*,*,#1887,.F.);
#1006=ORIENTED_EDGE('',*,*,#1889,.T.);
#1007=ORIENTED_EDGE('',*,*,#1890,.T.);
#1008=CARTESIAN_POINT('',(-2.85,-0.398053238516173,2.285));
#1009=DIRECTION('',(0.0,0.0,1.0));
#1010=DIRECTION('',(6.12323399573676E-17,-1.0,0.0));
#1011=ORIENTED_EDGE('',*,*,#1891,.T.);
#1012=ORIENTED_EDGE('',*,*,#1890,.F.);
#1013=ORIENTED_EDGE('',*,*,#1892,.T.);
#1014=ORIENTED_EDGE('',*,*,#1893,.T.);
#1015=CARTESIAN_POINT('',(-0.760385342218421,-0.598053238516172,2.285));
#1016=DIRECTION('',(6.12323399573676E-17,-1.0,0.0));
#1017=DIRECTION('',(1.0,6.12323399573676E-17,0.0));
#1018=ORIENTED_EDGE('',*,*,#1894,.T.);
#1019=ORIENTED_EDGE('',*,*,#1893,.F.);
#1020=ORIENTED_EDGE('',*,*,#1895,.T.);
#1021=ORIENTED_EDGE('',*,*,#1896,.T.);
#1022=CARTESIAN_POINT('',(1.32922931556316,-0.398053238516172,2.285));
#1023=DIRECTION('',(0.0,0.0,1.0));
#1024=DIRECTION('',(6.12323399573676E-17,-1.0,0.0));
#1025=ORIENTED_EDGE('',*,*,#1806,.T.);
#1026=ORIENTED_EDGE('',*,*,#1804,.T.);
#1027=ORIENTED_EDGE('',*,*,#1802,.T.);
#1028=ORIENTED_EDGE('',*,*,#1799,.T.);
#1029=ORIENTED_EDGE('',*,*,#1763,.T.);
#1030=ORIENTED_EDGE('',*,*,#1897,.T.);
#1031=CARTESIAN_POINT('',(0.0,10.0525,0.0));
#1032=DIRECTION('',(-0.0,1.0,0.0));
#1033=DIRECTION('',(1.0,0.0,0.0));
#1034=ORIENTED_EDGE('',*,*,#1898,.T.);
#1035=ORIENTED_EDGE('',*,*,#1899,.T.);
#1036=ORIENTED_EDGE('',*,*,#1900,.T.);
#1037=ORIENTED_EDGE('',*,*,#1901,.F.);
#1038=CARTESIAN_POINT('',(-4.7675,5.44999999999998,-4.075));
#1039=DIRECTION('',(-3.40095266079856E-16,1.0,0.0));
#1040=DIRECTION('',(-1.0,-3.40095266079856E-16,0.0));
#1041=ORIENTED_EDGE('',*,*,#1902,.T.);
#1042=ORIENTED_EDGE('',*,*,#1903,.T.);
#1043=ORIENTED_EDGE('',*,*,#1904,.T.);
#1044=ORIENTED_EDGE('',*,*,#1905,.F.);
#1045=CARTESIAN_POINT('',(-4.7675,5.44999999999998,-4.075));
#1046=DIRECTION('',(-3.40095266079856E-16,1.0,0.0));
#1047=DIRECTION('',(-1.0,-3.40095266079856E-16,0.0));
#1048=ORIENTED_EDGE('',*,*,#1906,.F.);
#1049=ORIENTED_EDGE('',*,*,#1907,.T.);
#1050=ORIENTED_EDGE('',*,*,#1908,.F.);
#1051=ORIENTED_EDGE('',*,*,#1909,.F.);
#1052=ORIENTED_EDGE('',*,*,#1902,.F.);
#1053=CARTESIAN_POINT('',(-4.525,8.89,-2.92));
#1054=DIRECTION('',(1.52607975893492E-16,6.12323399573677E-17,1.0));
#1055=DIRECTION('',(-1.0,-6.12323399573676E-17,1.52607975893492E-16));
#1056=ORIENTED_EDGE('',*,*,#1903,.F.);
#1057=ORIENTED_EDGE('',*,*,#1909,.T.);
#1058=ORIENTED_EDGE('',*,*,#1910,.F.);
#1059=ORIENTED_EDGE('',*,*,#1911,.F.);
#1060=CARTESIAN_POINT('',(-5.98,8.89,-2.54));
#1061=DIRECTION('',(6.12323399573677E-17,-1.0,6.12323399573677E-17));
#1062=DIRECTION('',(3.74939945665464E-33,-6.12323399573676E-17,-1.0));
#1063=ORIENTED_EDGE('',*,*,#1904,.F.);
#1064=ORIENTED_EDGE('',*,*,#1911,.T.);
#1065=ORIENTED_EDGE('',*,*,#1912,.F.);
#1066=ORIENTED_EDGE('',*,*,#1913,.F.);
#1067=ORIENTED_EDGE('',*,*,#1914,.F.);
#1068=CARTESIAN_POINT('',(-4.525,8.89,-2.16));
#1069=DIRECTION('',(3.74939945665464E-33,-6.12323399573676E-17,-1.0));
#1070=DIRECTION('',(1.0,6.12323399573676E-17,0.0));
#1071=ORIENTED_EDGE('',*,*,#1915,.F.);
#1072=ORIENTED_EDGE('',*,*,#1913,.T.);
#1073=ORIENTED_EDGE('',*,*,#1916,.F.);
#1074=ORIENTED_EDGE('',*,*,#1917,.F.);
#1075=CARTESIAN_POINT('',(-3.07,8.89,-4.44089209850063E-16));
#1076=DIRECTION('',(1.0,6.12323399573676E-17,0.0));
#1077=DIRECTION('',(-3.74939945665464E-33,6.12323399573676E-17,1.0));
#1078=ORIENTED_EDGE('',*,*,#1918,.F.);
#1079=ORIENTED_EDGE('',*,*,#1917,.T.);
#1080=ORIENTED_EDGE('',*,*,#1919,.F.);
#1081=ORIENTED_EDGE('',*,*,#1920,.F.);
#1082=ORIENTED_EDGE('',*,*,#1898,.F.);
#1083=CARTESIAN_POINT('',(-4.525,8.89,2.16));
#1084=DIRECTION('',(-3.74939945665464E-33,6.12323399573676E-17,1.0));
#1085=DIRECTION('',(-1.0,-6.12323399573676E-17,0.0));
#1086=ORIENTED_EDGE('',*,*,#1921,.F.);
#1087=ORIENTED_EDGE('',*,*,#1922,.F.);
#1088=ORIENTED_EDGE('',*,*,#1899,.F.);
#1089=ORIENTED_EDGE('',*,*,#1920,.T.);
#1090=CARTESIAN_POINT('',(-5.98,8.89,2.54));
#1091=DIRECTION('',(6.12323399573677E-17,-1.0,6.12323399573677E-17));
#1092=DIRECTION('',(3.74939945665464E-33,-6.12323399573676E-17,-1.0));
#1093=ORIENTED_EDGE('',*,*,#1923,.F.);
#1094=ORIENTED_EDGE('',*,*,#1924,.F.);
#1095=ORIENTED_EDGE('',*,*,#1925,.F.);
#1096=ORIENTED_EDGE('',*,*,#1900,.F.);
#1097=ORIENTED_EDGE('',*,*,#1922,.T.);
#1098=CARTESIAN_POINT('',(-4.525,8.89,2.92));
#1099=DIRECTION('',(1.52607975893492E-16,-6.12323399573676E-17,-1.0));
#1100=DIRECTION('',(1.0,6.12323399573677E-17,1.52607975893492E-16));
#1101=ORIENTED_EDGE('',*,*,#1926,.F.);
#1102=ORIENTED_EDGE('',*,*,#1927,.F.);
#1103=ORIENTED_EDGE('',*,*,#1928,.F.);
#1104=ORIENTED_EDGE('',*,*,#1907,.F.);
#1105=CARTESIAN_POINT('',(-3.07,8.89,-4.42));
#1106=DIRECTION('',(1.0,6.12323399573677E-17,2.96059473233375E-16));
#1107=DIRECTION('',(-2.96059473233375E-16,6.12323399573676E-17,1.0));
#1108=ORIENTED_EDGE('',*,*,#1929,.T.);
#1109=ORIENTED_EDGE('',*,*,#1930,.F.);
#1110=ORIENTED_EDGE('',*,*,#1931,.T.);
#1111=ORIENTED_EDGE('',*,*,#1932,.T.);
#1112=CARTESIAN_POINT('',(3.02,9.18,-4.075));
#1113=DIRECTION('',(0.0,0.0,1.0));
#1114=DIRECTION('',(6.12323399573676E-17,-1.0,0.0));
#1115=ORIENTED_EDGE('',*,*,#1933,.F.);
#1116=ORIENTED_EDGE('',*,*,#1934,.F.);
#1117=CARTESIAN_POINT('',(1.11022302462516E-16,0.76,0.0));
#1118=DIRECTION('',(1.0,0.0,0.0));
#1119=DIRECTION('',(0.0,0.0,-1.0));
#1120=ORIENTED_EDGE('',*,*,#1935,.F.);
#1121=ORIENTED_EDGE('',*,*,#1936,.F.);
#1122=ORIENTED_EDGE('',*,*,#1807,.F.);
#1123=ORIENTED_EDGE('',*,*,#1775,.F.);
#1124=ORIENTED_EDGE('',*,*,#1810,.F.);
#1125=ORIENTED_EDGE('',*,*,#1813,.F.);
#1126=ORIENTED_EDGE('',*,*,#1816,.F.);
#1127=ORIENTED_EDGE('',*,*,#1819,.F.);
#1128=ORIENTED_EDGE('',*,*,#1822,.F.);
#1129=ORIENTED_EDGE('',*,*,#1825,.F.);
#1130=ORIENTED_EDGE('',*,*,#1828,.F.);
#1131=ORIENTED_EDGE('',*,*,#1831,.F.);
#1132=ORIENTED_EDGE('',*,*,#1834,.F.);
#1133=ORIENTED_EDGE('',*,*,#1937,.F.);
#1134=ORIENTED_EDGE('',*,*,#1938,.F.);
#1135=ORIENTED_EDGE('',*,*,#1934,.T.);
#1136=CARTESIAN_POINT('',(-1.90339095437375,0.633552750399219,0.255));
#1137=DIRECTION('',(0.0,0.0,1.0));
#1138=DIRECTION('',(6.12323399573676E-17,-1.0,0.0));
#1139=ORIENTED_EDGE('',*,*,#1939,.F.);
#1140=ORIENTED_EDGE('',*,*,#1940,.F.);
#1141=ORIENTED_EDGE('',*,*,#1808,.T.);
#1142=ORIENTED_EDGE('',*,*,#1936,.T.);
#1143=CARTESIAN_POINT('',(-1.95,1.455,-0.255));
#1144=DIRECTION('',(-1.0,-1.62622570516743E-16,0.0));
#1145=DIRECTION('',(1.62622570516743E-16,-1.0,0.0));
#1146=ORIENTED_EDGE('',*,*,#1941,.F.);
#1147=ORIENTED_EDGE('',*,*,#1942,.F.);
#1148=CARTESIAN_POINT('',(1.11022302462516E-16,0.76,0.0));
#1149=DIRECTION('',(1.0,0.0,0.0));
#1150=DIRECTION('',(0.0,0.0,-1.0));
#1151=ORIENTED_EDGE('',*,*,#1943,.F.);
#1152=ORIENTED_EDGE('',*,*,#1942,.T.);
#1153=ORIENTED_EDGE('',*,*,#1944,.F.);
#1154=ORIENTED_EDGE('',*,*,#1945,.T.);
#1155=ORIENTED_EDGE('',*,*,#1835,.F.);
#1156=ORIENTED_EDGE('',*,*,#1832,.F.);
#1157=ORIENTED_EDGE('',*,*,#1829,.F.);
#1158=ORIENTED_EDGE('',*,*,#1826,.F.);
#1159=ORIENTED_EDGE('',*,*,#1823,.T.);
#1160=ORIENTED_EDGE('',*,*,#1820,.F.);
#1161=ORIENTED_EDGE('',*,*,#1817,.F.);
#1162=ORIENTED_EDGE('',*,*,#1814,.F.);
#1163=ORIENTED_EDGE('',*,*,#1811,.F.);
#1164=ORIENTED_EDGE('',*,*,#1773,.T.);
#1165=ORIENTED_EDGE('',*,*,#1809,.T.);
#1166=ORIENTED_EDGE('',*,*,#1940,.T.);
#1167=CARTESIAN_POINT('',(-1.90339095437375,0.633552750399219,-0.255));
#1168=DIRECTION('',(0.0,0.0,1.0));
#1169=DIRECTION('',(6.12323399573676E-17,-1.0,0.0));
#1170=ORIENTED_EDGE('',*,*,#1946,.F.);
#1171=ORIENTED_EDGE('',*,*,#1937,.T.);
#1172=ORIENTED_EDGE('',*,*,#1836,.F.);
#1173=ORIENTED_EDGE('',*,*,#1945,.F.);
#1174=CARTESIAN_POINT('',(1.52922931556316,1.07597338074191,-0.255));
#1175=DIRECTION('',(1.0,6.12323399573676E-17,0.0));
#1176=DIRECTION('',(-6.12323399573676E-17,1.0,0.0));
#1177=ORIENTED_EDGE('',*,*,#1947,.F.);
#1178=ORIENTED_EDGE('',*,*,#1948,.F.);
#1179=CARTESIAN_POINT('',(1.11022302462516E-16,0.76,-2.54));
#1180=DIRECTION('',(1.0,0.0,0.0));
#1181=DIRECTION('',(0.0,0.0,-1.0));
#1182=ORIENTED_EDGE('',*,*,#1949,.F.);
#1183=ORIENTED_EDGE('',*,*,#1950,.F.);
#1184=ORIENTED_EDGE('',*,*,#1837,.F.);
#1185=ORIENTED_EDGE('',*,*,#1771,.F.);
#1186=ORIENTED_EDGE('',*,*,#1840,.F.);
#1187=ORIENTED_EDGE('',*,*,#1843,.F.);
#1188=ORIENTED_EDGE('',*,*,#1846,.F.);
#1189=ORIENTED_EDGE('',*,*,#1849,.F.);
#1190=ORIENTED_EDGE('',*,*,#1852,.F.);
#1191=ORIENTED_EDGE('',*,*,#1855,.F.);
#1192=ORIENTED_EDGE('',*,*,#1858,.F.);
#1193=ORIENTED_EDGE('',*,*,#1861,.F.);
#1194=ORIENTED_EDGE('',*,*,#1864,.F.);
#1195=ORIENTED_EDGE('',*,*,#1951,.F.);
#1196=ORIENTED_EDGE('',*,*,#1952,.F.);
#1197=ORIENTED_EDGE('',*,*,#1948,.T.);
#1198=CARTESIAN_POINT('',(-1.90339095437375,0.633552750399219,-2.285));
#1199=DIRECTION('',(0.0,0.0,1.0));
#1200=DIRECTION('',(6.12323399573676E-17,-1.0,0.0));
#1201=ORIENTED_EDGE('',*,*,#1953,.F.);
#1202=ORIENTED_EDGE('',*,*,#1954,.F.);
#1203=ORIENTED_EDGE('',*,*,#1838,.T.);
#1204=ORIENTED_EDGE('',*,*,#1950,.T.);
#1205=CARTESIAN_POINT('',(-1.95,1.455,-2.795));
#1206=DIRECTION('',(-1.0,-1.62622570516743E-16,0.0));
#1207=DIRECTION('',(1.62622570516743E-16,-1.0,0.0));
#1208=ORIENTED_EDGE('',*,*,#1955,.F.);
#1209=ORIENTED_EDGE('',*,*,#1956,.F.);
#1210=CARTESIAN_POINT('',(1.11022302462516E-16,0.76,-2.54));
#1211=DIRECTION('',(1.0,0.0,0.0));
#1212=DIRECTION('',(0.0,0.0,-1.0));
#1213=ORIENTED_EDGE('',*,*,#1957,.F.);
#1214=ORIENTED_EDGE('',*,*,#1956,.T.);
#1215=ORIENTED_EDGE('',*,*,#1958,.F.);
#1216=ORIENTED_EDGE('',*,*,#1959,.T.);
#1217=ORIENTED_EDGE('',*,*,#1865,.F.);
#1218=ORIENTED_EDGE('',*,*,#1862,.F.);
#1219=ORIENTED_EDGE('',*,*,#1859,.F.);
#1220=ORIENTED_EDGE('',*,*,#1856,.F.);
#1221=ORIENTED_EDGE('',*,*,#1853,.T.);
#1222=ORIENTED_EDGE('',*,*,#1850,.F.);
#1223=ORIENTED_EDGE('',*,*,#1847,.F.);
#1224=ORIENTED_EDGE('',*,*,#1844,.F.);
#1225=ORIENTED_EDGE('',*,*,#1841,.F.);
#1226=ORIENTED_EDGE('',*,*,#1769,.T.);
#1227=ORIENTED_EDGE('',*,*,#1839,.T.);
#1228=ORIENTED_EDGE('',*,*,#1954,.T.);
#1229=CARTESIAN_POINT('',(-1.90339095437375,0.633552750399219,-2.795));
#1230=DIRECTION('',(0.0,0.0,1.0));
#1231=DIRECTION('',(6.12323399573676E-17,-1.0,0.0));
#1232=ORIENTED_EDGE('',*,*,#1960,.F.);
#1233=ORIENTED_EDGE('',*,*,#1951,.T.);
#1234=ORIENTED_EDGE('',*,*,#1866,.F.);
#1235=ORIENTED_EDGE('',*,*,#1959,.F.);
#1236=CARTESIAN_POINT('',(1.52922931556316,1.07597338074191,-2.795));
#1237=DIRECTION('',(1.0,6.12323399573676E-17,0.0));
#1238=DIRECTION('',(-6.12323399573676E-17,1.0,0.0));
#1239=ORIENTED_EDGE('',*,*,#1961,.F.);
#1240=ORIENTED_EDGE('',*,*,#1962,.F.);
#1241=CARTESIAN_POINT('',(1.11022302462516E-16,0.76,2.54));
#1242=DIRECTION('',(1.0,0.0,0.0));
#1243=DIRECTION('',(0.0,0.0,-1.0));
#1244=ORIENTED_EDGE('',*,*,#1963,.F.);
#1245=ORIENTED_EDGE('',*,*,#1964,.F.);
#1246=ORIENTED_EDGE('',*,*,#1867,.F.);
#1247=ORIENTED_EDGE('',*,*,#1767,.F.);
#1248=ORIENTED_EDGE('',*,*,#1870,.F.);
#1249=ORIENTED_EDGE('',*,*,#1873,.F.);
#1250=ORIENTED_EDGE('',*,*,#1876,.F.);
#1251=ORIENTED_EDGE('',*,*,#1879,.F.);
#1252=ORIENTED_EDGE('',*,*,#1882,.F.);
#1253=ORIENTED_EDGE('',*,*,#1885,.F.);
#1254=ORIENTED_EDGE('',*,*,#1888,.F.);
#1255=ORIENTED_EDGE('',*,*,#1891,.F.);
#1256=ORIENTED_EDGE('',*,*,#1894,.F.);
#1257=ORIENTED_EDGE('',*,*,#1965,.F.);
#1258=ORIENTED_EDGE('',*,*,#1966,.F.);
#1259=ORIENTED_EDGE('',*,*,#1962,.T.);
#1260=CARTESIAN_POINT('',(-1.90339095437375,0.633552750399219,2.795));
#1261=DIRECTION('',(0.0,0.0,1.0));
#1262=DIRECTION('',(6.12323399573676E-17,-1.0,0.0));
#1263=ORIENTED_EDGE('',*,*,#1967,.F.);
#1264=ORIENTED_EDGE('',*,*,#1968,.F.);
#1265=ORIENTED_EDGE('',*,*,#1868,.T.);
#1266=ORIENTED_EDGE('',*,*,#1964,.T.);
#1267=CARTESIAN_POINT('',(-1.95,1.455,2.285));
#1268=DIRECTION('',(-1.0,-1.62622570516743E-16,0.0));
#1269=DIRECTION('',(1.62622570516743E-16,-1.0,0.0));
#1270=ORIENTED_EDGE('',*,*,#1969,.F.);
#1271=ORIENTED_EDGE('',*,*,#1970,.F.);
#1272=CARTESIAN_POINT('',(1.11022302462516E-16,0.76,2.54));
#1273=DIRECTION('',(1.0,0.0,0.0));
#1274=DIRECTION('',(0.0,0.0,-1.0));
#1275=ORIENTED_EDGE('',*,*,#1971,.F.);
#1276=ORIENTED_EDGE('',*,*,#1970,.T.);
#1277=ORIENTED_EDGE('',*,*,#1972,.F.);
#1278=ORIENTED_EDGE('',*,*,#1973,.T.);
#1279=ORIENTED_EDGE('',*,*,#1895,.F.);
#1280=ORIENTED_EDGE('',*,*,#1892,.F.);
#1281=ORIENTED_EDGE('',*,*,#1889,.F.);
#1282=ORIENTED_EDGE('',*,*,#1886,.F.);
#1283=ORIENTED_EDGE('',*,*,#1883,.T.);
#1284=ORIENTED_EDGE('',*,*,#1880,.F.);
#1285=ORIENTED_EDGE('',*,*,#1877,.F.);
#1286=ORIENTED_EDGE('',*,*,#1874,.F.);
#1287=ORIENTED_EDGE('',*,*,#1871,.F.);
#1288=ORIENTED_EDGE('',*,*,#1765,.T.);
#1289=ORIENTED_EDGE('',*,*,#1869,.T.);
#1290=ORIENTED_EDGE('',*,*,#1968,.T.);
#1291=CARTESIAN_POINT('',(-1.90339095437375,0.633552750399219,2.285));
#1292=DIRECTION('',(0.0,0.0,1.0));
#1293=DIRECTION('',(6.12323399573676E-17,-1.0,0.0));
#1294=ORIENTED_EDGE('',*,*,#1974,.F.);
#1295=ORIENTED_EDGE('',*,*,#1965,.T.);
#1296=ORIENTED_EDGE('',*,*,#1896,.F.);
#1297=ORIENTED_EDGE('',*,*,#1973,.F.);
#1298=CARTESIAN_POINT('',(1.52922931556316,1.07597338074191,2.285));
#1299=DIRECTION('',(1.0,6.12323399573676E-17,0.0));
#1300=DIRECTION('',(-6.12323399573676E-17,1.0,0.0));
#1301=ORIENTED_EDGE('',*,*,#1975,.T.);
#1302=ORIENTED_EDGE('',*,*,#1976,.F.);
#1303=ORIENTED_EDGE('',*,*,#1977,.F.);
#1304=ORIENTED_EDGE('',*,*,#1978,.F.);
#1305=CARTESIAN_POINT('',(-2.04,-0.25,0.0));
#1306=DIRECTION('',(1.0,0.0,0.0));
#1307=DIRECTION('',(0.0,0.0,-1.0));
#1308=ORIENTED_EDGE('',*,*,#1979,.T.);
#1309=ORIENTED_EDGE('',*,*,#1980,.T.);
#1310=ORIENTED_EDGE('',*,*,#1981,.F.);
#1311=ORIENTED_EDGE('',*,*,#1982,.F.);
#1312=CARTESIAN_POINT('',(2.04,-0.25,0.0));
#1313=DIRECTION('',(-1.0,0.0,0.0));
#1314=DIRECTION('',(0.0,0.0,1.0));
#1315=ORIENTED_EDGE('',*,*,#1983,.T.);
#1316=ORIENTED_EDGE('',*,*,#1984,.F.);
#1317=ORIENTED_EDGE('',*,*,#1985,.T.);
#1318=ORIENTED_EDGE('',*,*,#1986,.T.);
#1319=CARTESIAN_POINT('',(-2.8,9.18,-4.075));
#1320=DIRECTION('',(0.0,0.0,1.0));
#1321=DIRECTION('',(6.12323399573676E-17,-1.0,0.0));
#1322=ORIENTED_EDGE('',*,*,#1987,.T.);
#1323=ORIENTED_EDGE('',*,*,#1988,.T.);
#1324=ORIENTED_EDGE('',*,*,#1932,.F.);
#1325=ORIENTED_EDGE('',*,*,#1989,.T.);
#1326=ORIENTED_EDGE('',*,*,#1984,.T.);
#1327=ORIENTED_EDGE('',*,*,#1990,.T.);
#1328=CARTESIAN_POINT('',(0.11,9.43,-4.075));
#1329=DIRECTION('',(-6.12323399573676E-17,1.0,0.0));
#1330=DIRECTION('',(-1.0,-6.12323399573676E-17,0.0));
#1331=ORIENTED_EDGE('',*,*,#1760,.T.);
#1332=ORIENTED_EDGE('',*,*,#1897,.F.);
#1333=ORIENTED_EDGE('',*,*,#1762,.T.);
#1334=ORIENTED_EDGE('',*,*,#1991,.F.);
#1335=CARTESIAN_POINT('',(0.0,8.97125,0.0));
#1336=DIRECTION('',(-0.0,1.0,0.0));
#1337=DIRECTION('',(1.0,0.0,0.0));
#1338=ORIENTED_EDGE('',*,*,#1992,.F.);
#1339=ORIENTED_EDGE('',*,*,#1993,.F.);
#1340=ORIENTED_EDGE('',*,*,#1987,.F.);
#1341=ORIENTED_EDGE('',*,*,#1994,.F.);
#1342=CARTESIAN_POINT('',(0.0,9.445,0.0));
#1343=DIRECTION('',(-0.0,1.0,0.0));
#1344=DIRECTION('',(1.0,0.0,0.0));
#1345=ORIENTED_EDGE('',*,*,#1995,.F.);
#1346=ORIENTED_EDGE('',*,*,#1996,.T.);
#1347=ORIENTED_EDGE('',*,*,#1997,.F.);
#1348=ORIENTED_EDGE('',*,*,#1998,.T.);
#1349=CARTESIAN_POINT('',(0.0,8.79,0.0));
#1350=DIRECTION('',(0.0,1.0,0.0));
#1351=DIRECTION('',(0.0,0.0,1.0));
#1352=ORIENTED_EDGE('',*,*,#1926,.T.);
#1353=ORIENTED_EDGE('',*,*,#1906,.T.);
#1354=ORIENTED_EDGE('',*,*,#1905,.T.);
#1355=ORIENTED_EDGE('',*,*,#1914,.T.);
#1356=ORIENTED_EDGE('',*,*,#1915,.T.);
#1357=ORIENTED_EDGE('',*,*,#1918,.T.);
#1358=ORIENTED_EDGE('',*,*,#1901,.T.);
#1359=ORIENTED_EDGE('',*,*,#1925,.T.);
#1360=ORIENTED_EDGE('',*,*,#1999,.T.);
#1361=ORIENTED_EDGE('',*,*,#2000,.T.);
#1362=ORIENTED_EDGE('',*,*,#2001,.F.);
#1363=ORIENTED_EDGE('',*,*,#2002,.F.);
#1364=CARTESIAN_POINT('',(-3.175,5.57499999999998,-4.075));
#1365=DIRECTION('',(0.0,0.0,1.0));
#1366=DIRECTION('',(6.12323399573676E-17,-1.0,0.0));
#1367=ORIENTED_EDGE('',*,*,#2003,.T.);
#1368=ORIENTED_EDGE('',*,*,#1995,.T.);
#1369=ORIENTED_EDGE('',*,*,#2004,.T.);
#1370=ORIENTED_EDGE('',*,*,#1986,.F.);
#1371=ORIENTED_EDGE('',*,*,#2005,.T.);
#1372=ORIENTED_EDGE('',*,*,#2001,.T.);
#1373=ORIENTED_EDGE('',*,*,#2006,.T.);
#1374=ORIENTED_EDGE('',*,*,#2007,.F.);
#1375=CARTESIAN_POINT('',(-3.05,7.37749999999999,-4.075));
#1376=DIRECTION('',(-1.0,1.85141701568324E-16,0.0));
#1377=DIRECTION('',(-1.85141701568324E-16,-1.0,0.0));
#1378=ORIENTED_EDGE('',*,*,#2008,.T.);
#1379=ORIENTED_EDGE('',*,*,#2007,.T.);
#1380=ORIENTED_EDGE('',*,*,#2009,.T.);
#1381=ORIENTED_EDGE('',*,*,#2010,.F.);
#1382=CARTESIAN_POINT('',(-2.8,9.18,-4.075));
#1383=DIRECTION('',(0.0,0.0,1.0));
#1384=DIRECTION('',(6.12323399573676E-17,-1.0,0.0));
#1385=ORIENTED_EDGE('',*,*,#2011,.T.);
#1386=ORIENTED_EDGE('',*,*,#2012,.F.);
#1387=ORIENTED_EDGE('',*,*,#2013,.T.);
#1388=ORIENTED_EDGE('',*,*,#2014,.T.);
#1389=CARTESIAN_POINT('',(-2.9,5.29999999999998,-4.075));
#1390=DIRECTION('',(0.0,0.0,1.0));
#1391=DIRECTION('',(6.12323399573676E-17,-1.0,0.0));
#1392=ORIENTED_EDGE('',*,*,#1928,.T.);
#1393=ORIENTED_EDGE('',*,*,#2015,.F.);
#1394=ORIENTED_EDGE('',*,*,#2012,.T.);
#1395=ORIENTED_EDGE('',*,*,#2016,.T.);
#1396=ORIENTED_EDGE('',*,*,#2017,.T.);
#1397=ORIENTED_EDGE('',*,*,#1923,.T.);
#1398=ORIENTED_EDGE('',*,*,#1921,.T.);
#1399=ORIENTED_EDGE('',*,*,#1919,.T.);
#1400=ORIENTED_EDGE('',*,*,#1916,.T.);
#1401=ORIENTED_EDGE('',*,*,#1912,.T.);
#1402=ORIENTED_EDGE('',*,*,#1910,.T.);
#1403=ORIENTED_EDGE('',*,*,#1908,.T.);
#1404=CARTESIAN_POINT('',(-4.63,5.05,-4.075));
#1405=DIRECTION('',(-1.20036190259114E-14,-1.0,0.0));
#1406=DIRECTION('',(1.0,-1.20036190259114E-14,0.0));
#1407=ORIENTED_EDGE('',*,*,#2017,.F.);
#1408=ORIENTED_EDGE('',*,*,#2018,.F.);
#1409=ORIENTED_EDGE('',*,*,#1999,.F.);
#1410=ORIENTED_EDGE('',*,*,#1924,.T.);
#1411=CARTESIAN_POINT('',(-3.07,8.89,4.42));
#1412=DIRECTION('',(1.0,6.12323399573676E-17,0.0));
#1413=DIRECTION('',(-3.74939945665464E-33,6.12323399573676E-17,1.0));
#1414=ORIENTED_EDGE('',*,*,#2019,.T.);
#1415=ORIENTED_EDGE('',*,*,#2020,.F.);
#1416=ORIENTED_EDGE('',*,*,#2021,.T.);
#1417=ORIENTED_EDGE('',*,*,#2022,.T.);
#1418=CARTESIAN_POINT('',(2.96,8.38,-4.075));
#1419=DIRECTION('',(6.12323399573676E-17,-1.0,0.0));
#1420=DIRECTION('',(1.0,6.12323399573676E-17,0.0));
#1421=ORIENTED_EDGE('',*,*,#1927,.T.);
#1422=ORIENTED_EDGE('',*,*,#2002,.T.);
#1423=ORIENTED_EDGE('',*,*,#2005,.F.);
#1424=ORIENTED_EDGE('',*,*,#1985,.F.);
#1425=ORIENTED_EDGE('',*,*,#1989,.F.);
#1426=ORIENTED_EDGE('',*,*,#1931,.F.);
#1427=ORIENTED_EDGE('',*,*,#2023,.F.);
#1428=ORIENTED_EDGE('',*,*,#2021,.F.);
#1429=ORIENTED_EDGE('',*,*,#2024,.F.);
#1430=ORIENTED_EDGE('',*,*,#2025,.F.);
#1431=ORIENTED_EDGE('',*,*,#2026,.T.);
#1432=ORIENTED_EDGE('',*,*,#2013,.F.);
#1433=ORIENTED_EDGE('',*,*,#2015,.T.);
#1434=CARTESIAN_POINT('',(-1.72506477279514,7.60434722086543,-4.075));
#1435=DIRECTION('',(0.0,0.0,1.0));
#1436=DIRECTION('',(6.12323399573676E-17,-1.0,0.0));
#1437=ORIENTED_EDGE('',*,*,#2027,.F.);
#1438=ORIENTED_EDGE('',*,*,#2028,.T.);
#1439=ORIENTED_EDGE('',*,*,#2029,.F.);
#1440=ORIENTED_EDGE('',*,*,#2030,.T.);
#1441=CARTESIAN_POINT('',(0.0,8.79,0.0));
#1442=DIRECTION('',(0.0,1.0,0.0));
#1443=DIRECTION('',(0.0,0.0,1.0));
#1444=ORIENTED_EDGE('',*,*,#2031,.T.);
#1445=ORIENTED_EDGE('',*,*,#2032,.T.);
#1446=ORIENTED_EDGE('',*,*,#2033,.T.);
#1447=ORIENTED_EDGE('',*,*,#2022,.F.);
#1448=ORIENTED_EDGE('',*,*,#2023,.T.);
#1449=ORIENTED_EDGE('',*,*,#1930,.T.);
#1450=ORIENTED_EDGE('',*,*,#2034,.T.);
#1451=ORIENTED_EDGE('',*,*,#2027,.T.);
#1452=CARTESIAN_POINT('',(3.27,8.78,-4.075));
#1453=DIRECTION('',(1.0,6.12323399573676E-17,0.0));
#1454=DIRECTION('',(-6.12323399573676E-17,1.0,0.0));
#1455=ORIENTED_EDGE('',*,*,#2035,.T.);
#1456=ORIENTED_EDGE('',*,*,#2036,.T.);
#1457=ORIENTED_EDGE('',*,*,#2037,.T.);
#1458=ORIENTED_EDGE('',*,*,#2032,.F.);
#1459=CARTESIAN_POINT('',(3.02,9.18,-4.075));
#1460=DIRECTION('',(0.0,0.0,1.0));
#1461=DIRECTION('',(6.12323399573676E-17,-1.0,0.0));
#1462=ORIENTED_EDGE('',*,*,#2038,.T.);
#1463=ORIENTED_EDGE('',*,*,#2039,.T.);
#1464=ORIENTED_EDGE('',*,*,#2010,.T.);
#1465=ORIENTED_EDGE('',*,*,#2040,.T.);
#1466=ORIENTED_EDGE('',*,*,#2036,.F.);
#1467=ORIENTED_EDGE('',*,*,#2041,.T.);
#1468=CARTESIAN_POINT('',(0.11,9.43,-4.075));
#1469=DIRECTION('',(-6.12323399573676E-17,1.0,0.0));
#1470=DIRECTION('',(-1.0,-6.12323399573676E-17,0.0));
#1471=ORIENTED_EDGE('',*,*,#2042,.F.);
#1472=ORIENTED_EDGE('',*,*,#2043,.F.);
#1473=ORIENTED_EDGE('',*,*,#2038,.F.);
#1474=ORIENTED_EDGE('',*,*,#2044,.F.);
#1475=CARTESIAN_POINT('',(0.0,9.445,0.0));
#1476=DIRECTION('',(-0.0,1.0,0.0));
#1477=DIRECTION('',(1.0,0.0,0.0));
#1478=ORIENTED_EDGE('',*,*,#2045,.F.);
#1479=ORIENTED_EDGE('',*,*,#2046,.F.);
#1480=ORIENTED_EDGE('',*,*,#2047,.F.);
#1481=ORIENTED_EDGE('',*,*,#2028,.F.);
#1482=ORIENTED_EDGE('',*,*,#2034,.F.);
#1483=ORIENTED_EDGE('',*,*,#1929,.F.);
#1484=ORIENTED_EDGE('',*,*,#1988,.F.);
#1485=ORIENTED_EDGE('',*,*,#1993,.T.);
#1486=ORIENTED_EDGE('',*,*,#2048,.F.);
#1487=CARTESIAN_POINT('',(0.0,11.29,-1.5));
#1488=DIRECTION('',(0.0,0.0,1.0));
#1489=DIRECTION('',(1.0,0.0,0.0));
#1490=ORIENTED_EDGE('',*,*,#2049,.T.);
#1491=ORIENTED_EDGE('',*,*,#1982,.T.);
#1492=ORIENTED_EDGE('',*,*,#2050,.F.);
#1493=ORIENTED_EDGE('',*,*,#2051,.F.);
#1494=CARTESIAN_POINT('',(0.0,0.0,0.0));
#1495=DIRECTION('',(0.0,1.0,0.0));
#1496=DIRECTION('',(0.0,0.0,1.0));
#1497=ORIENTED_EDGE('',*,*,#2052,.F.);
#1498=ORIENTED_EDGE('',*,*,#2053,.F.);
#1499=ORIENTED_EDGE('',*,*,#1979,.F.);
#1500=ORIENTED_EDGE('',*,*,#2049,.F.);
#1501=CARTESIAN_POINT('',(0.0,-0.25,-3.565));
#1502=DIRECTION('',(0.0,0.0,1.0));
#1503=DIRECTION('',(1.0,0.0,0.0));
#1504=ORIENTED_EDGE('',*,*,#2054,.F.);
#1505=ORIENTED_EDGE('',*,*,#2055,.F.);
#1506=ORIENTED_EDGE('',*,*,#2056,.F.);
#1507=ORIENTED_EDGE('',*,*,#2057,.F.);
#1508=CARTESIAN_POINT('',(0.0,-0.25,3.565));
#1509=DIRECTION('',(0.0,0.0,1.0));
#1510=DIRECTION('',(1.0,0.0,0.0));
#1511=ORIENTED_EDGE('',*,*,#2055,.T.);
#1512=ORIENTED_EDGE('',*,*,#2058,.F.);
#1513=ORIENTED_EDGE('',*,*,#2059,.F.);
#1514=ORIENTED_EDGE('',*,*,#2060,.T.);
#1515=CARTESIAN_POINT('',(0.0,0.0,0.0));
#1516=DIRECTION('',(0.0,1.0,0.0));
#1517=DIRECTION('',(0.0,0.0,1.0));
#1518=ORIENTED_EDGE('',*,*,#2056,.T.);
#1519=ORIENTED_EDGE('',*,*,#2060,.F.);
#1520=ORIENTED_EDGE('',*,*,#2061,.F.);
#1521=ORIENTED_EDGE('',*,*,#2062,.T.);
#1522=CARTESIAN_POINT('',(2.04,-0.25,0.0));
#1523=DIRECTION('',(-1.0,0.0,0.0));
#1524=DIRECTION('',(0.0,0.0,1.0));
#1525=ORIENTED_EDGE('',*,*,#2063,.T.);
#1526=ORIENTED_EDGE('',*,*,#2064,.F.);
#1527=ORIENTED_EDGE('',*,*,#2065,.F.);
#1528=ORIENTED_EDGE('',*,*,#2066,.F.);
#1529=CARTESIAN_POINT('',(-2.04,-0.25,0.0));
#1530=DIRECTION('',(1.0,0.0,0.0));
#1531=DIRECTION('',(0.0,0.0,-1.0));
#1532=ORIENTED_EDGE('',*,*,#2067,.T.);
#1533=ORIENTED_EDGE('',*,*,#2066,.T.);
#1534=ORIENTED_EDGE('',*,*,#2068,.F.);
#1535=ORIENTED_EDGE('',*,*,#2069,.T.);
#1536=CARTESIAN_POINT('',(0.0,0.0,0.0));
#1537=DIRECTION('',(0.0,1.0,0.0));
#1538=DIRECTION('',(0.0,0.0,1.0));
#1539=ORIENTED_EDGE('',*,*,#2070,.F.);
#1540=ORIENTED_EDGE('',*,*,#2071,.F.);
#1541=ORIENTED_EDGE('',*,*,#2063,.F.);
#1542=ORIENTED_EDGE('',*,*,#2067,.F.);
#1543=CARTESIAN_POINT('',(0.0,-0.25,3.565));
#1544=DIRECTION('',(0.0,0.0,1.0));
#1545=DIRECTION('',(1.0,0.0,0.0));
#1546=ORIENTED_EDGE('',*,*,#1974,.T.);
#1547=ORIENTED_EDGE('',*,*,#1972,.T.);
#1548=ORIENTED_EDGE('',*,*,#1969,.T.);
#1549=ORIENTED_EDGE('',*,*,#1971,.T.);
#1550=ORIENTED_EDGE('',*,*,#1967,.T.);
#1551=ORIENTED_EDGE('',*,*,#1963,.T.);
#1552=ORIENTED_EDGE('',*,*,#1961,.T.);
#1553=ORIENTED_EDGE('',*,*,#1966,.T.);
#1554=ORIENTED_EDGE('',*,*,#1960,.T.);
#1555=ORIENTED_EDGE('',*,*,#1958,.T.);
#1556=ORIENTED_EDGE('',*,*,#1955,.T.);
#1557=ORIENTED_EDGE('',*,*,#1957,.T.);
#1558=ORIENTED_EDGE('',*,*,#1953,.T.);
#1559=ORIENTED_EDGE('',*,*,#1949,.T.);
#1560=ORIENTED_EDGE('',*,*,#1947,.T.);
#1561=ORIENTED_EDGE('',*,*,#1952,.T.);
#1562=ORIENTED_EDGE('',*,*,#1946,.T.);
#1563=ORIENTED_EDGE('',*,*,#1944,.T.);
#1564=ORIENTED_EDGE('',*,*,#1941,.T.);
#1565=ORIENTED_EDGE('',*,*,#1943,.T.);
#1566=ORIENTED_EDGE('',*,*,#1939,.T.);
#1567=ORIENTED_EDGE('',*,*,#1935,.T.);
#1568=ORIENTED_EDGE('',*,*,#1933,.T.);
#1569=ORIENTED_EDGE('',*,*,#1938,.T.);
#1570=ORIENTED_EDGE('',*,*,#2064,.T.);
#1571=ORIENTED_EDGE('',*,*,#2071,.T.);
#1572=ORIENTED_EDGE('',*,*,#2072,.F.);
#1573=ORIENTED_EDGE('',*,*,#2073,.T.);
#1574=ORIENTED_EDGE('',*,*,#1978,.T.);
#1575=ORIENTED_EDGE('',*,*,#2074,.F.);
#1576=ORIENTED_EDGE('',*,*,#1980,.F.);
#1577=ORIENTED_EDGE('',*,*,#2053,.T.);
#1578=ORIENTED_EDGE('',*,*,#2075,.F.);
#1579=ORIENTED_EDGE('',*,*,#2057,.T.);
#1580=ORIENTED_EDGE('',*,*,#2062,.F.);
#1581=ORIENTED_EDGE('',*,*,#2076,.F.);
#1582=CARTESIAN_POINT('',(0.0,0.5,0.0));
#1583=DIRECTION('',(0.0,-1.0,0.0));
#1584=DIRECTION('',(0.0,0.0,-1.0));
#1585=ORIENTED_EDGE('',*,*,#2077,.F.);
#1586=ORIENTED_EDGE('',*,*,#2078,.F.);
#1587=ORIENTED_EDGE('',*,*,#1975,.F.);
#1588=ORIENTED_EDGE('',*,*,#2073,.F.);
#1589=CARTESIAN_POINT('',(0.0,-0.25,-3.565));
#1590=DIRECTION('',(0.0,0.0,1.0));
#1591=DIRECTION('',(1.0,0.0,0.0));
#1592=ORIENTED_EDGE('',*,*,#2078,.T.);
#1593=ORIENTED_EDGE('',*,*,#2079,.T.);
#1594=ORIENTED_EDGE('',*,*,#2080,.F.);
#1595=ORIENTED_EDGE('',*,*,#1976,.T.);
#1596=CARTESIAN_POINT('',(0.0,0.0,0.0));
#1597=DIRECTION('',(0.0,1.0,0.0));
#1598=DIRECTION('',(0.0,0.0,1.0));
#1599=ORIENTED_EDGE('',*,*,#2081,.T.);
#1600=ORIENTED_EDGE('',*,*,#2082,.T.);
#1601=ORIENTED_EDGE('',*,*,#2050,.T.);
#1602=ORIENTED_EDGE('',*,*,#1981,.T.);
#1603=ORIENTED_EDGE('',*,*,#2074,.T.);
#1604=ORIENTED_EDGE('',*,*,#1977,.T.);
#1605=ORIENTED_EDGE('',*,*,#2080,.T.);
#1606=ORIENTED_EDGE('',*,*,#2083,.T.);
#1607=CARTESIAN_POINT('',(0.0,4.445,-4.065));
#1608=DIRECTION('',(0.0,0.0,1.0));
#1609=DIRECTION('',(1.0,0.0,0.0));
#1610=ORIENTED_EDGE('',*,*,#2084,.F.);
#1611=ORIENTED_EDGE('',*,*,#2081,.F.);
#1612=ORIENTED_EDGE('',*,*,#2085,.F.);
#1613=ORIENTED_EDGE('',*,*,#2086,.T.);
#1614=ORIENTED_EDGE('',*,*,#2087,.F.);
#1615=ORIENTED_EDGE('',*,*,#2025,.T.);
#1616=ORIENTED_EDGE('',*,*,#2088,.T.);
#1617=ORIENTED_EDGE('',*,*,#2046,.T.);
#1618=CARTESIAN_POINT('',(-4.44089209850063E-16,8.88,-4.075));
#1619=DIRECTION('',(6.08657621505976E-17,-1.0,0.0));
#1620=DIRECTION('',(1.0,6.08657621505976E-17,0.0));
#1621=ORIENTED_EDGE('',*,*,#2089,.F.);
#1622=ORIENTED_EDGE('',*,*,#1994,.T.);
#1623=ORIENTED_EDGE('',*,*,#1990,.F.);
#1624=ORIENTED_EDGE('',*,*,#1983,.F.);
#1625=ORIENTED_EDGE('',*,*,#2004,.F.);
#1626=ORIENTED_EDGE('',*,*,#1998,.F.);
#1627=ORIENTED_EDGE('',*,*,#2090,.F.);
#1628=ORIENTED_EDGE('',*,*,#2086,.F.);
#1629=ORIENTED_EDGE('',*,*,#2091,.F.);
#1630=CARTESIAN_POINT('',(0.0,11.29,-1.5));
#1631=DIRECTION('',(0.0,0.0,1.0));
#1632=DIRECTION('',(1.0,0.0,0.0));
#1633=ORIENTED_EDGE('',*,*,#2092,.T.);
#1634=ORIENTED_EDGE('',*,*,#2042,.T.);
#1635=ORIENTED_EDGE('',*,*,#2093,.T.);
#1636=ORIENTED_EDGE('',*,*,#2094,.T.);
#1637=ORIENTED_EDGE('',*,*,#2048,.T.);
#1638=ORIENTED_EDGE('',*,*,#1992,.T.);
#1639=ORIENTED_EDGE('',*,*,#2089,.T.);
#1640=ORIENTED_EDGE('',*,*,#2095,.F.);
#1641=ORIENTED_EDGE('',*,*,#1761,.T.);
#1642=ORIENTED_EDGE('',*,*,#1991,.T.);
#1643=CARTESIAN_POINT('',(0.0,8.89,0.0));
#1644=DIRECTION('',(0.0,-1.0,0.0));
#1645=DIRECTION('',(0.0,0.0,-1.0));
#1646=ORIENTED_EDGE('',*,*,#2096,.F.);
#1647=ORIENTED_EDGE('',*,*,#2097,.F.);
#1648=ORIENTED_EDGE('',*,*,#2098,.F.);
#1649=ORIENTED_EDGE('',*,*,#1996,.F.);
#1650=ORIENTED_EDGE('',*,*,#2003,.F.);
#1651=ORIENTED_EDGE('',*,*,#2008,.F.);
#1652=ORIENTED_EDGE('',*,*,#2039,.F.);
#1653=ORIENTED_EDGE('',*,*,#2043,.T.);
#1654=ORIENTED_EDGE('',*,*,#2092,.F.);
#1655=CARTESIAN_POINT('',(0.0,11.29,1.5));
#1656=DIRECTION('',(0.0,0.0,1.0));
#1657=DIRECTION('',(1.0,0.0,0.0));
#1658=ORIENTED_EDGE('',*,*,#2098,.T.);
#1659=ORIENTED_EDGE('',*,*,#2099,.T.);
#1660=ORIENTED_EDGE('',*,*,#2100,.T.);
#1661=ORIENTED_EDGE('',*,*,#2014,.F.);
#1662=ORIENTED_EDGE('',*,*,#2026,.F.);
#1663=ORIENTED_EDGE('',*,*,#2087,.T.);
#1664=ORIENTED_EDGE('',*,*,#2090,.T.);
#1665=ORIENTED_EDGE('',*,*,#1997,.T.);
#1666=CARTESIAN_POINT('',(-2.65,7.08999999999999,-4.075));
#1667=DIRECTION('',(1.0,1.85279605278614E-16,0.0));
#1668=DIRECTION('',(-1.85279605278614E-16,1.0,0.0));
#1669=ORIENTED_EDGE('',*,*,#2018,.T.);
#1670=ORIENTED_EDGE('',*,*,#2016,.F.);
#1671=ORIENTED_EDGE('',*,*,#2011,.F.);
#1672=ORIENTED_EDGE('',*,*,#2100,.F.);
#1673=ORIENTED_EDGE('',*,*,#2101,.F.);
#1674=ORIENTED_EDGE('',*,*,#2102,.F.);
#1675=ORIENTED_EDGE('',*,*,#2019,.F.);
#1676=ORIENTED_EDGE('',*,*,#2033,.F.);
#1677=ORIENTED_EDGE('',*,*,#2037,.F.);
#1678=ORIENTED_EDGE('',*,*,#2040,.F.);
#1679=ORIENTED_EDGE('',*,*,#2009,.F.);
#1680=ORIENTED_EDGE('',*,*,#2006,.F.);
#1681=ORIENTED_EDGE('',*,*,#2000,.F.);
#1682=CARTESIAN_POINT('',(-1.72506477279514,7.60434722086543,4.075));
#1683=DIRECTION('',(0.0,0.0,1.0));
#1684=DIRECTION('',(6.12323399573676E-17,-1.0,0.0));
#1685=ORIENTED_EDGE('',*,*,#2103,.T.);
#1686=ORIENTED_EDGE('',*,*,#2029,.T.);
#1687=ORIENTED_EDGE('',*,*,#2047,.T.);
#1688=ORIENTED_EDGE('',*,*,#2088,.F.);
#1689=ORIENTED_EDGE('',*,*,#2024,.T.);
#1690=ORIENTED_EDGE('',*,*,#2020,.T.);
#1691=ORIENTED_EDGE('',*,*,#2102,.T.);
#1692=ORIENTED_EDGE('',*,*,#2104,.F.);
#1693=CARTESIAN_POINT('',(2.65,8.63,-4.075));
#1694=DIRECTION('',(-1.0,-6.12323399573676E-17,0.0));
#1695=DIRECTION('',(6.12323399573676E-17,-1.0,0.0));
#1696=ORIENTED_EDGE('',*,*,#2093,.F.);
#1697=ORIENTED_EDGE('',*,*,#2044,.T.);
#1698=ORIENTED_EDGE('',*,*,#2041,.F.);
#1699=ORIENTED_EDGE('',*,*,#2035,.F.);
#1700=ORIENTED_EDGE('',*,*,#2031,.F.);
#1701=ORIENTED_EDGE('',*,*,#2030,.F.);
#1702=ORIENTED_EDGE('',*,*,#2103,.F.);
#1703=ORIENTED_EDGE('',*,*,#2105,.F.);
#1704=ORIENTED_EDGE('',*,*,#2106,.F.);
#1705=CARTESIAN_POINT('',(0.0,11.29,1.5));
#1706=DIRECTION('',(0.0,0.0,1.0));
#1707=DIRECTION('',(1.0,0.0,0.0));
#1708=ORIENTED_EDGE('',*,*,#2107,.T.);
#1709=ORIENTED_EDGE('',*,*,#2108,.F.);
#1710=ORIENTED_EDGE('',*,*,#2058,.T.);
#1711=ORIENTED_EDGE('',*,*,#2054,.T.);
#1712=ORIENTED_EDGE('',*,*,#2075,.T.);
#1713=ORIENTED_EDGE('',*,*,#2052,.T.);
#1714=ORIENTED_EDGE('',*,*,#2051,.T.);
#1715=ORIENTED_EDGE('',*,*,#2082,.F.);
#1716=ORIENTED_EDGE('',*,*,#2084,.T.);
#1717=ORIENTED_EDGE('',*,*,#2045,.T.);
#1718=ORIENTED_EDGE('',*,*,#2094,.F.);
#1719=ORIENTED_EDGE('',*,*,#2106,.T.);
#1720=CARTESIAN_POINT('',(2.54,4.445,0.0));
#1721=DIRECTION('',(-1.0,0.0,0.0));
#1722=DIRECTION('',(0.0,0.0,1.0));
#1723=ORIENTED_EDGE('',*,*,#2109,.T.);
#1724=ORIENTED_EDGE('',*,*,#2110,.T.);
#1725=ORIENTED_EDGE('',*,*,#2068,.T.);
#1726=ORIENTED_EDGE('',*,*,#2065,.T.);
#1727=ORIENTED_EDGE('',*,*,#2076,.T.);
#1728=ORIENTED_EDGE('',*,*,#2061,.T.);
#1729=ORIENTED_EDGE('',*,*,#2059,.T.);
#1730=ORIENTED_EDGE('',*,*,#2108,.T.);
#1731=CARTESIAN_POINT('',(0.0,4.445,4.065));
#1732=DIRECTION('',(0.0,0.0,1.0));
#1733=DIRECTION('',(1.0,0.0,0.0));
#1734=ORIENTED_EDGE('',*,*,#2096,.T.);
#1735=ORIENTED_EDGE('',*,*,#2095,.T.);
#1736=ORIENTED_EDGE('',*,*,#2091,.T.);
#1737=ORIENTED_EDGE('',*,*,#2085,.T.);
#1738=ORIENTED_EDGE('',*,*,#2083,.F.);
#1739=ORIENTED_EDGE('',*,*,#2079,.F.);
#1740=ORIENTED_EDGE('',*,*,#2077,.T.);
#1741=ORIENTED_EDGE('',*,*,#2072,.T.);
#1742=ORIENTED_EDGE('',*,*,#2070,.T.);
#1743=ORIENTED_EDGE('',*,*,#2069,.F.);
#1744=ORIENTED_EDGE('',*,*,#2110,.F.);
#1745=ORIENTED_EDGE('',*,*,#2111,.T.);
#1746=CARTESIAN_POINT('',(-2.54,4.445,0.0));
#1747=DIRECTION('',(1.0,0.0,0.0));
#1748=DIRECTION('',(0.0,0.0,-1.0));
#1749=ORIENTED_EDGE('',*,*,#2111,.F.);
#1750=ORIENTED_EDGE('',*,*,#2109,.F.);
#1751=ORIENTED_EDGE('',*,*,#2107,.F.);
#1752=ORIENTED_EDGE('',*,*,#2105,.T.);
#1753=ORIENTED_EDGE('',*,*,#2104,.T.);
#1754=ORIENTED_EDGE('',*,*,#2101,.T.);
#1755=ORIENTED_EDGE('',*,*,#2099,.F.);
#1756=ORIENTED_EDGE('',*,*,#2097,.T.);
#1757=CARTESIAN_POINT('',(-4.44089209850063E-16,8.88,-4.075));
#1758=DIRECTION('',(6.08657621505976E-17,-1.0,0.0));
#1759=DIRECTION('',(1.0,6.08657621505976E-17,0.0));
#1760=EDGE_CURVE('',#2112,#2113,#2114,.T.);
#1761=EDGE_CURVE('',#2115,#2112,#2116,.T.);
#1762=EDGE_CURVE('',#2117,#2115,#2118,.T.);
#1763=EDGE_CURVE('',#2113,#2117,#2119,.T.);
#1764=EDGE_CURVE('',#2120,#2121,#2122,.T.);
#1765=EDGE_CURVE('',#2123,#2120,#2124,.T.);
#1766=EDGE_CURVE('',#2123,#2125,#2126,.T.);
#1767=EDGE_CURVE('',#2125,#2121,#2127,.T.);
#1768=EDGE_CURVE('',#2128,#2129,#2130,.T.);
#1769=EDGE_CURVE('',#2131,#2128,#2132,.T.);
#1770=EDGE_CURVE('',#2131,#2133,#2134,.T.);
#1771=EDGE_CURVE('',#2133,#2129,#2135,.T.);
#1772=EDGE_CURVE('',#2136,#2137,#2138,.T.);
#1773=EDGE_CURVE('',#2139,#2136,#2140,.T.);
#1774=EDGE_CURVE('',#2139,#2141,#2142,.T.);
#1775=EDGE_CURVE('',#2141,#2137,#2143,.T.);
#1776=EDGE_CURVE('',#2144,#2145,#2146,.T.);
#1777=EDGE_CURVE('',#2147,#2144,#2148,.T.);
#1778=EDGE_CURVE('',#2149,#2147,#2150,.T.);
#1779=EDGE_CURVE('',#2151,#2149,#2152,.T.);
#1780=EDGE_CURVE('',#2145,#2151,#2153,.T.);
#1781=EDGE_CURVE('',#2149,#2154,#2155,.T.);
#1782=EDGE_CURVE('',#2154,#2145,#2156,.T.);
#1783=EDGE_CURVE('',#2157,#2147,#2158,.T.);
#1784=EDGE_CURVE('',#2144,#2157,#2159,.T.);
#1785=EDGE_CURVE('',#2160,#2161,#2162,.T.);
#1786=EDGE_CURVE('',#2161,#2160,#2163,.T.);
#1787=EDGE_CURVE('',#2164,#2165,#2166,.T.);
#1788=EDGE_CURVE('',#2165,#2167,#2168,.T.);
#1789=EDGE_CURVE('',#2167,#2169,#2170,.T.);
#1790=EDGE_CURVE('',#2169,#2164,#2171,.T.);
#1791=EDGE_CURVE('',#2165,#2161,#2172,.T.);
#1792=EDGE_CURVE('',#2167,#2160,#2173,.T.);
#1793=EDGE_CURVE('',#2174,#2161,#2175,.T.);
#1794=EDGE_CURVE('',#2176,#2174,#2177,.T.);
#1795=EDGE_CURVE('',#2176,#2160,#2178,.T.);
#1796=EDGE_CURVE('',#2174,#2179,#2180,.T.);
#1797=EDGE_CURVE('',#2179,#2181,#2182,.T.);
#1798=EDGE_CURVE('',#2181,#2176,#2183,.T.);
#1799=EDGE_CURVE('',#2184,#2185,#2186,.T.);
#1800=EDGE_CURVE('',#2184,#2181,#2187,.T.);
#1801=EDGE_CURVE('',#2179,#2185,#2188,.T.);
#1802=EDGE_CURVE('',#2189,#2184,#2190,.T.);
#1803=EDGE_CURVE('',#2169,#2189,#2191,.T.);
#1804=EDGE_CURVE('',#2192,#2189,#2193,.T.);
#1805=EDGE_CURVE('',#2192,#2164,#2194,.T.);
#1806=EDGE_CURVE('',#2185,#2192,#2195,.T.);
#1807=EDGE_CURVE('',#2137,#2196,#2197,.T.);
#1808=EDGE_CURVE('',#2198,#2196,#2199,.T.);
#1809=EDGE_CURVE('',#2136,#2198,#2200,.T.);
#1810=EDGE_CURVE('',#2201,#2141,#2202,.T.);
#1811=EDGE_CURVE('',#2139,#2203,#2204,.T.);
#1812=EDGE_CURVE('',#2203,#2201,#2205,.T.);
#1813=EDGE_CURVE('',#2206,#2201,#2207,.T.);
#1814=EDGE_CURVE('',#2203,#2208,#2209,.T.);
#1815=EDGE_CURVE('',#2208,#2206,#2210,.T.);
#1816=EDGE_CURVE('',#2211,#2206,#2212,.T.);
#1817=EDGE_CURVE('',#2208,#2213,#2214,.T.);
#1818=EDGE_CURVE('',#2213,#2211,#2215,.T.);
#1819=EDGE_CURVE('',#2216,#2211,#2217,.T.);
#1820=EDGE_CURVE('',#2213,#2218,#2219,.T.);
#1821=EDGE_CURVE('',#2218,#2216,#2220,.T.);
#1822=EDGE_CURVE('',#2221,#2216,#2222,.T.);
#1823=EDGE_CURVE('',#2223,#2218,#2224,.T.);
#1824=EDGE_CURVE('',#2223,#2221,#2225,.T.);
#1825=EDGE_CURVE('',#2226,#2221,#2227,.T.);
#1826=EDGE_CURVE('',#2223,#2228,#2229,.T.);
#1827=EDGE_CURVE('',#2228,#2226,#2230,.T.);
#1828=EDGE_CURVE('',#2231,#2226,#2232,.T.);
#1829=EDGE_CURVE('',#2228,#2233,#2234,.T.);
#1830=EDGE_CURVE('',#2233,#2231,#2235,.T.);
#1831=EDGE_CURVE('',#2236,#2231,#2237,.T.);
#1832=EDGE_CURVE('',#2233,#2238,#2239,.T.);
#1833=EDGE_CURVE('',#2238,#2236,#2240,.T.);
#1834=EDGE_CURVE('',#2241,#2236,#2242,.T.);
#1835=EDGE_CURVE('',#2238,#2243,#2244,.T.);
#1836=EDGE_CURVE('',#2243,#2241,#2245,.T.);
#1837=EDGE_CURVE('',#2129,#2246,#2247,.T.);
#1838=EDGE_CURVE('',#2248,#2246,#2249,.T.);
#1839=EDGE_CURVE('',#2128,#2248,#2250,.T.);
#1840=EDGE_CURVE('',#2251,#2133,#2252,.T.);
#1841=EDGE_CURVE('',#2131,#2253,#2254,.T.);
#1842=EDGE_CURVE('',#2253,#2251,#2255,.T.);
#1843=EDGE_CURVE('',#2256,#2251,#2257,.T.);
#1844=EDGE_CURVE('',#2253,#2258,#2259,.T.);
#1845=EDGE_CURVE('',#2258,#2256,#2260,.T.);
#1846=EDGE_CURVE('',#2261,#2256,#2262,.T.);
#1847=EDGE_CURVE('',#2258,#2263,#2264,.T.);
#1848=EDGE_CURVE('',#2263,#2261,#2265,.T.);
#1849=EDGE_CURVE('',#2266,#2261,#2267,.T.);
#1850=EDGE_CURVE('',#2263,#2268,#2269,.T.);
#1851=EDGE_CURVE('',#2268,#2266,#2270,.T.);
#1852=EDGE_CURVE('',#2271,#2266,#2272,.T.);
#1853=EDGE_CURVE('',#2273,#2268,#2274,.T.);
#1854=EDGE_CURVE('',#2273,#2271,#2275,.T.);
#1855=EDGE_CURVE('',#2276,#2271,#2277,.T.);
#1856=EDGE_CURVE('',#2273,#2278,#2279,.T.);
#1857=EDGE_CURVE('',#2278,#2276,#2280,.T.);
#1858=EDGE_CURVE('',#2281,#2276,#2282,.T.);
#1859=EDGE_CURVE('',#2278,#2283,#2284,.T.);
#1860=EDGE_CURVE('',#2283,#2281,#2285,.T.);
#1861=EDGE_CURVE('',#2286,#2281,#2287,.T.);
#1862=EDGE_CURVE('',#2283,#2288,#2289,.T.);
#1863=EDGE_CURVE('',#2288,#2286,#2290,.T.);
#1864=EDGE_CURVE('',#2291,#2286,#2292,.T.);
#1865=EDGE_CURVE('',#2288,#2293,#2294,.T.);
#1866=EDGE_CURVE('',#2293,#2291,#2295,.T.);
#1867=EDGE_CURVE('',#2121,#2296,#2297,.T.);
#1868=EDGE_CURVE('',#2298,#2296,#2299,.T.);
#1869=EDGE_CURVE('',#2120,#2298,#2300,.T.);
#1870=EDGE_CURVE('',#2301,#2125,#2302,.T.);
#1871=EDGE_CURVE('',#2123,#2303,#2304,.T.);
#1872=EDGE_CURVE('',#2303,#2301,#2305,.T.);
#1873=EDGE_CURVE('',#2306,#2301,#2307,.T.);
#1874=EDGE_CURVE('',#2303,#2308,#2309,.T.);
#1875=EDGE_CURVE('',#2308,#2306,#2310,.T.);
#1876=EDGE_CURVE('',#2311,#2306,#2312,.T.);
#1877=EDGE_CURVE('',#2308,#2313,#2314,.T.);
#1878=EDGE_CURVE('',#2313,#2311,#2315,.T.);
#1879=EDGE_CURVE('',#2316,#2311,#2317,.T.);
#1880=EDGE_CURVE('',#2313,#2318,#2319,.T.);
#1881=EDGE_CURVE('',#2318,#2316,#2320,.T.);
#1882=EDGE_CURVE('',#2321,#2316,#2322,.T.);
#1883=EDGE_CURVE('',#2323,#2318,#2324,.T.);
#1884=EDGE_CURVE('',#2323,#2321,#2325,.T.);
#1885=EDGE_CURVE('',#2326,#2321,#2327,.T.);
#1886=EDGE_CURVE('',#2323,#2328,#2329,.T.);
#1887=EDGE_CURVE('',#2328,#2326,#2330,.T.);
#1888=EDGE_CURVE('',#2331,#2326,#2332,.T.);
#1889=EDGE_CURVE('',#2328,#2333,#2334,.T.);
#1890=EDGE_CURVE('',#2333,#2331,#2335,.T.);
#1891=EDGE_CURVE('',#2336,#2331,#2337,.T.);
#1892=EDGE_CURVE('',#2333,#2338,#2339,.T.);
#1893=EDGE_CURVE('',#2338,#2336,#2340,.T.);
#1894=EDGE_CURVE('',#2341,#2336,#2342,.T.);
#1895=EDGE_CURVE('',#2338,#2343,#2344,.T.);
#1896=EDGE_CURVE('',#2343,#2341,#2345,.T.);
#1897=EDGE_CURVE('',#2117,#2113,#2346,.T.);
#1898=EDGE_CURVE('',#2347,#2348,#2349,.T.);
#1899=EDGE_CURVE('',#2348,#2350,#2351,.T.);
#1900=EDGE_CURVE('',#2350,#2352,#2353,.T.);
#1901=EDGE_CURVE('',#2347,#2352,#2354,.T.);
#1902=EDGE_CURVE('',#2355,#2356,#2357,.T.);
#1903=EDGE_CURVE('',#2356,#2358,#2359,.T.);
#1904=EDGE_CURVE('',#2358,#2360,#2361,.T.);
#1905=EDGE_CURVE('',#2355,#2360,#2362,.T.);
#1906=EDGE_CURVE('',#2363,#2355,#2364,.T.);
#1907=EDGE_CURVE('',#2363,#2365,#2366,.T.);
#1908=EDGE_CURVE('',#2367,#2365,#2368,.T.);
#1909=EDGE_CURVE('',#2356,#2367,#2369,.T.);
#1910=EDGE_CURVE('',#2370,#2367,#2371,.T.);
#1911=EDGE_CURVE('',#2358,#2370,#2372,.T.);
#1912=EDGE_CURVE('',#2373,#2370,#2374,.T.);
#1913=EDGE_CURVE('',#2375,#2373,#2376,.T.);
#1914=EDGE_CURVE('',#2360,#2375,#2377,.T.);
#1915=EDGE_CURVE('',#2375,#2378,#2379,.T.);
#1916=EDGE_CURVE('',#2380,#2373,#2381,.T.);
#1917=EDGE_CURVE('',#2378,#2380,#2382,.T.);
#1918=EDGE_CURVE('',#2378,#2347,#2383,.T.);
#1919=EDGE_CURVE('',#2384,#2380,#2385,.T.);
#1920=EDGE_CURVE('',#2348,#2384,#2386,.T.);
#1921=EDGE_CURVE('',#2387,#2384,#2388,.T.);
#1922=EDGE_CURVE('',#2350,#2387,#2389,.T.);
#1923=EDGE_CURVE('',#2390,#2387,#2391,.T.);
#1924=EDGE_CURVE('',#2392,#2390,#2393,.T.);
#1925=EDGE_CURVE('',#2352,#2392,#2394,.T.);
#1926=EDGE_CURVE('',#2395,#2363,#2396,.T.);
#1927=EDGE_CURVE('',#2397,#2395,#2398,.T.);
#1928=EDGE_CURVE('',#2365,#2397,#2399,.T.);
#1929=EDGE_CURVE('',#2400,#2401,#2402,.T.);
#1930=EDGE_CURVE('',#2403,#2401,#2404,.T.);
#1931=EDGE_CURVE('',#2403,#2405,#2406,.T.);
#1932=EDGE_CURVE('',#2405,#2400,#2407,.T.);
#1933=EDGE_CURVE('',#2408,#2409,#2410,.T.);
#1934=EDGE_CURVE('',#2409,#2408,#2411,.T.);
#1935=EDGE_CURVE('',#2412,#2408,#2413,.T.);
#1936=EDGE_CURVE('',#2196,#2412,#2414,.T.);
#1937=EDGE_CURVE('',#2415,#2241,#2416,.T.);
#1938=EDGE_CURVE('',#2409,#2415,#2417,.T.);
#1939=EDGE_CURVE('',#2418,#2412,#2419,.T.);
#1940=EDGE_CURVE('',#2198,#2418,#2420,.T.);
#1941=EDGE_CURVE('',#2421,#2422,#2423,.T.);
#1942=EDGE_CURVE('',#2422,#2421,#2424,.T.);
#1943=EDGE_CURVE('',#2422,#2418,#2425,.T.);
#1944=EDGE_CURVE('',#2426,#2421,#2427,.T.);
#1945=EDGE_CURVE('',#2426,#2243,#2428,.T.);
#1946=EDGE_CURVE('',#2415,#2426,#2429,.T.);
#1947=EDGE_CURVE('',#2430,#2431,#2432,.T.);
#1948=EDGE_CURVE('',#2431,#2430,#2433,.T.);
#1949=EDGE_CURVE('',#2434,#2430,#2435,.T.);
#1950=EDGE_CURVE('',#2246,#2434,#2436,.T.);
#1951=EDGE_CURVE('',#2437,#2291,#2438,.T.);
#1952=EDGE_CURVE('',#2431,#2437,#2439,.T.);
#1953=EDGE_CURVE('',#2440,#2434,#2441,.T.);
#1954=EDGE_CURVE('',#2248,#2440,#2442,.T.);
#1955=EDGE_CURVE('',#2443,#2444,#2445,.T.);
#1956=EDGE_CURVE('',#2444,#2443,#2446,.T.);
#1957=EDGE_CURVE('',#2444,#2440,#2447,.T.);
#1958=EDGE_CURVE('',#2448,#2443,#2449,.T.);
#1959=EDGE_CURVE('',#2448,#2293,#2450,.T.);
#1960=EDGE_CURVE('',#2437,#2448,#2451,.T.);
#1961=EDGE_CURVE('',#2452,#2453,#2454,.T.);
#1962=EDGE_CURVE('',#2453,#2452,#2455,.T.);
#1963=EDGE_CURVE('',#2456,#2452,#2457,.T.);
#1964=EDGE_CURVE('',#2296,#2456,#2458,.T.);
#1965=EDGE_CURVE('',#2459,#2341,#2460,.T.);
#1966=EDGE_CURVE('',#2453,#2459,#2461,.T.);
#1967=EDGE_CURVE('',#2462,#2456,#2463,.T.);
#1968=EDGE_CURVE('',#2298,#2462,#2464,.T.);
#1969=EDGE_CURVE('',#2465,#2466,#2467,.T.);
#1970=EDGE_CURVE('',#2466,#2465,#2468,.T.);
#1971=EDGE_CURVE('',#2466,#2462,#2469,.T.);
#1972=EDGE_CURVE('',#2470,#2465,#2471,.T.);
#1973=EDGE_CURVE('',#2470,#2343,#2472,.T.);
#1974=EDGE_CURVE('',#2459,#2470,#2473,.T.);
#1975=EDGE_CURVE('',#2474,#2475,#2476,.T.);
#1976=EDGE_CURVE('',#2477,#2475,#2478,.T.);
#1977=EDGE_CURVE('',#2479,#2477,#2480,.T.);
#1978=EDGE_CURVE('',#2474,#2479,#2481,.T.);
#1979=EDGE_CURVE('',#2482,#2483,#2484,.T.);
#1980=EDGE_CURVE('',#2483,#2485,#2486,.T.);
#1981=EDGE_CURVE('',#2487,#2485,#2488,.T.);
#1982=EDGE_CURVE('',#2482,#2487,#2489,.T.);
#1983=EDGE_CURVE('',#2490,#2491,#2492,.T.);
#1984=EDGE_CURVE('',#2493,#2491,#2494,.T.);
#1985=EDGE_CURVE('',#2493,#2495,#2496,.T.);
#1986=EDGE_CURVE('',#2495,#2490,#2497,.T.);
#1987=EDGE_CURVE('',#2498,#2499,#2500,.T.);
#1988=EDGE_CURVE('',#2499,#2400,#2501,.T.);
#1989=EDGE_CURVE('',#2405,#2493,#2502,.T.);
#1990=EDGE_CURVE('',#2491,#2498,#2503,.T.);
#1991=EDGE_CURVE('',#2112,#2115,#2504,.T.);
#1992=EDGE_CURVE('',#2505,#2506,#2507,.T.);
#1993=EDGE_CURVE('',#2499,#2505,#2508,.T.);
#1994=EDGE_CURVE('',#2506,#2498,#2509,.T.);
#1995=EDGE_CURVE('',#2510,#2511,#2512,.T.);
#1996=EDGE_CURVE('',#2510,#2513,#2514,.T.);
#1997=EDGE_CURVE('',#2515,#2513,#2516,.T.);
#1998=EDGE_CURVE('',#2515,#2511,#2517,.T.);
#1999=EDGE_CURVE('',#2392,#2518,#2519,.T.);
#2000=EDGE_CURVE('',#2518,#2520,#2521,.T.);
#2001=EDGE_CURVE('',#2522,#2520,#2523,.T.);
#2002=EDGE_CURVE('',#2395,#2522,#2524,.T.);
#2003=EDGE_CURVE('',#2525,#2510,#2526,.T.);
#2004=EDGE_CURVE('',#2511,#2490,#2527,.T.);
#2005=EDGE_CURVE('',#2495,#2522,#2528,.T.);
#2006=EDGE_CURVE('',#2520,#2529,#2530,.T.);
#2007=EDGE_CURVE('',#2525,#2529,#2531,.T.);
#2008=EDGE_CURVE('',#2532,#2525,#2533,.T.);
#2009=EDGE_CURVE('',#2529,#2534,#2535,.T.);
#2010=EDGE_CURVE('',#2532,#2534,#2536,.T.);
#2011=EDGE_CURVE('',#2537,#2538,#2539,.T.);
#2012=EDGE_CURVE('',#2540,#2538,#2541,.T.);
#2013=EDGE_CURVE('',#2540,#2542,#2543,.T.);
#2014=EDGE_CURVE('',#2542,#2537,#2544,.T.);
#2015=EDGE_CURVE('',#2540,#2397,#2545,.T.);
#2016=EDGE_CURVE('',#2538,#2546,#2547,.T.);
#2017=EDGE_CURVE('',#2546,#2390,#2548,.T.);
#2018=EDGE_CURVE('',#2518,#2546,#2549,.T.);
#2019=EDGE_CURVE('',#2550,#2551,#2552,.T.);
#2020=EDGE_CURVE('',#2553,#2551,#2554,.T.);
#2021=EDGE_CURVE('',#2553,#2555,#2556,.T.);
#2022=EDGE_CURVE('',#2555,#2550,#2557,.T.);
#2023=EDGE_CURVE('',#2555,#2403,#2558,.T.);
#2024=EDGE_CURVE('',#2559,#2553,#2560,.T.);
#2025=EDGE_CURVE('',#2561,#2559,#2562,.T.);
#2026=EDGE_CURVE('',#2561,#2542,#2563,.T.);
#2027=EDGE_CURVE('',#2564,#2565,#2566,.T.);
#2028=EDGE_CURVE('',#2564,#2567,#2568,.T.);
#2029=EDGE_CURVE('',#2569,#2567,#2570,.T.);
#2030=EDGE_CURVE('',#2569,#2565,#2571,.T.);
#2031=EDGE_CURVE('',#2565,#2572,#2573,.T.);
#2032=EDGE_CURVE('',#2572,#2574,#2575,.T.);
#2033=EDGE_CURVE('',#2574,#2550,#2576,.T.);
#2034=EDGE_CURVE('',#2401,#2564,#2577,.T.);
#2035=EDGE_CURVE('',#2572,#2578,#2579,.T.);
#2036=EDGE_CURVE('',#2578,#2580,#2581,.T.);
#2037=EDGE_CURVE('',#2580,#2574,#2582,.T.);
#2038=EDGE_CURVE('',#2583,#2584,#2585,.T.);
#2039=EDGE_CURVE('',#2584,#2532,#2586,.T.);
#2040=EDGE_CURVE('',#2534,#2580,#2587,.T.);
#2041=EDGE_CURVE('',#2578,#2583,#2588,.T.);
#2042=EDGE_CURVE('',#2589,#2590,#2591,.T.);
#2043=EDGE_CURVE('',#2584,#2589,#2592,.T.);
#2044=EDGE_CURVE('',#2590,#2583,#2593,.T.);
#2045=EDGE_CURVE('',#2594,#2595,#2596,.T.);
#2046=EDGE_CURVE('',#2597,#2594,#2598,.T.);
#2047=EDGE_CURVE('',#2567,#2597,#2599,.T.);
#2048=EDGE_CURVE('',#2595,#2505,#2600,.T.);
#2049=EDGE_CURVE('',#2601,#2482,#2602,.T.);
#2050=EDGE_CURVE('',#2603,#2487,#2604,.T.);
#2051=EDGE_CURVE('',#2601,#2603,#2605,.T.);
#2052=EDGE_CURVE('',#2606,#2601,#2607,.T.);
#2053=EDGE_CURVE('',#2483,#2606,#2608,.T.);
#2054=EDGE_CURVE('',#2609,#2610,#2611,.T.);
#2055=EDGE_CURVE('',#2612,#2609,#2613,.T.);
#2056=EDGE_CURVE('',#2614,#2612,#2615,.T.);
#2057=EDGE_CURVE('',#2610,#2614,#2616,.T.);
#2058=EDGE_CURVE('',#2617,#2609,#2618,.T.);
#2059=EDGE_CURVE('',#2619,#2617,#2620,.T.);
#2060=EDGE_CURVE('',#2619,#2612,#2621,.T.);
#2061=EDGE_CURVE('',#2622,#2619,#2623,.T.);
#2062=EDGE_CURVE('',#2622,#2614,#2624,.T.);
#2063=EDGE_CURVE('',#2625,#2626,#2627,.T.);
#2064=EDGE_CURVE('',#2628,#2626,#2629,.T.);
#2065=EDGE_CURVE('',#2630,#2628,#2631,.T.);
#2066=EDGE_CURVE('',#2625,#2630,#2632,.T.);
#2067=EDGE_CURVE('',#2633,#2625,#2634,.T.);
#2068=EDGE_CURVE('',#2635,#2630,#2636,.T.);
#2069=EDGE_CURVE('',#2635,#2633,#2637,.T.);
#2070=EDGE_CURVE('',#2638,#2633,#2639,.T.);
#2071=EDGE_CURVE('',#2626,#2638,#2640,.T.);
#2072=EDGE_CURVE('',#2641,#2638,#2642,.T.);
#2073=EDGE_CURVE('',#2641,#2474,#2643,.T.);
#2074=EDGE_CURVE('',#2485,#2479,#2644,.T.);
#2075=EDGE_CURVE('',#2610,#2606,#2645,.T.);
#2076=EDGE_CURVE('',#2628,#2622,#2646,.T.);
#2077=EDGE_CURVE('',#2647,#2641,#2648,.T.);
#2078=EDGE_CURVE('',#2475,#2647,#2649,.T.);
#2079=EDGE_CURVE('',#2647,#2650,#2651,.T.);
#2080=EDGE_CURVE('',#2477,#2650,#2652,.T.);
#2081=EDGE_CURVE('',#2653,#2654,#2655,.T.);
#2082=EDGE_CURVE('',#2654,#2603,#2656,.T.);
#2083=EDGE_CURVE('',#2650,#2653,#2657,.T.);
#2084=EDGE_CURVE('',#2654,#2594,#2658,.T.);
#2085=EDGE_CURVE('',#2659,#2653,#2660,.T.);
#2086=EDGE_CURVE('',#2659,#2661,#2662,.T.);
#2087=EDGE_CURVE('',#2561,#2661,#2663,.T.);
#2088=EDGE_CURVE('',#2559,#2597,#2664,.T.);
#2089=EDGE_CURVE('',#2506,#2665,#2666,.T.);
#2090=EDGE_CURVE('',#2661,#2515,#2667,.T.);
#2091=EDGE_CURVE('',#2665,#2659,#2668,.T.);
#2092=EDGE_CURVE('',#2669,#2589,#2670,.T.);
#2093=EDGE_CURVE('',#2590,#2671,#2672,.T.);
#2094=EDGE_CURVE('',#2671,#2595,#2673,.T.);
#2095=EDGE_CURVE('',#2669,#2665,#2674,.T.);
#2096=EDGE_CURVE('',#2675,#2669,#2676,.T.);
#2097=EDGE_CURVE('',#2677,#2675,#2678,.T.);
#2098=EDGE_CURVE('',#2513,#2677,#2679,.T.);
#2099=EDGE_CURVE('',#2677,#2680,#2681,.T.);
#2100=EDGE_CURVE('',#2680,#2537,#2682,.T.);
#2101=EDGE_CURVE('',#2683,#2680,#2684,.T.);
#2102=EDGE_CURVE('',#2551,#2683,#2685,.T.);
#2103=EDGE_CURVE('',#2686,#2569,#2687,.T.);
#2104=EDGE_CURVE('',#2686,#2683,#2688,.T.);
#2105=EDGE_CURVE('',#2689,#2686,#2690,.T.);
#2106=EDGE_CURVE('',#2671,#2689,#2691,.T.);
#2107=EDGE_CURVE('',#2689,#2692,#2693,.T.);
#2108=EDGE_CURVE('',#2617,#2692,#2694,.T.);
#2109=EDGE_CURVE('',#2692,#2695,#2696,.T.);
#2110=EDGE_CURVE('',#2695,#2635,#2697,.T.);
#2111=EDGE_CURVE('',#2695,#2675,#2698,.T.);
#2112=VERTEX_POINT('',#2699);
#2113=VERTEX_POINT('',#2700);
#2114=LINE('',#2701,#2702);
#2115=VERTEX_POINT('',#2703);
#2116=CIRCLE('',#2704,2.4);
#2117=VERTEX_POINT('',#2705);
#2118=LINE('',#2706,#2707);
#2119=CIRCLE('',#2708,2.4);
#2120=VERTEX_POINT('',#2709);
#2121=VERTEX_POINT('',#2710);
#2122=LINE('',#2711,#2712);
#2123=VERTEX_POINT('',#2713);
#2124=CIRCLE('',#2714,0.3);
#2125=VERTEX_POINT('',#2715);
#2126=LINE('',#2716,#2717);
#2127=CIRCLE('',#2718,0.3);
#2128=VERTEX_POINT('',#2719);
#2129=VERTEX_POINT('',#2720);
#2130=LINE('',#2721,#2722);
#2131=VERTEX_POINT('',#2723);
#2132=CIRCLE('',#2724,0.3);
#2133=VERTEX_POINT('',#2725);
#2134=LINE('',#2726,#2727);
#2135=CIRCLE('',#2728,0.3);
#2136=VERTEX_POINT('',#2729);
#2137=VERTEX_POINT('',#2730);
#2138=LINE('',#2731,#2732);
#2139=VERTEX_POINT('',#2733);
#2140=CIRCLE('',#2734,0.3);
#2141=VERTEX_POINT('',#2735);
#2142=LINE('',#2736,#2737);
#2143=CIRCLE('',#2738,0.3);
#2144=VERTEX_POINT('',#2739);
#2145=VERTEX_POINT('',#2740);
#2146=LINE('',#2741,#2742);
#2147=VERTEX_POINT('',#2743);
#2148=ELLIPSE('',#2744,1.28583070975076,1.27);
#2149=VERTEX_POINT('',#2745);
#2150=LINE('',#2746,#2747);
#2151=VERTEX_POINT('',#2748);
#2152=CIRCLE('',#2749,1.27);
#2153=CIRCLE('',#2750,1.27);
#2154=VERTEX_POINT('',#2751);
#2155=CIRCLE('',#2752,1.27);
#2156=CIRCLE('',#2753,1.27);
#2157=VERTEX_POINT('',#2754);
#2158=ELLIPSE('',#2755,1.28583070975076,1.27);
#2159=ELLIPSE('',#2756,1.28583070975076,1.27);
#2160=VERTEX_POINT('',#2757);
#2161=VERTEX_POINT('',#2758);
#2162=CIRCLE('',#2759,1.72);
#2163=CIRCLE('',#2760,1.72);
#2164=VERTEX_POINT('',#2761);
#2165=VERTEX_POINT('',#2762);
#2166=LINE('',#2763,#2764);
#2167=VERTEX_POINT('',#2765);
#2168=CIRCLE('',#2766,1.72);
#2169=VERTEX_POINT('',#2767);
#2170=LINE('',#2768,#2769);
#2171=CIRCLE('',#2770,1.92);
#2172=LINE('',#2771,#2772);
#2173=LINE('',#2773,#2774);
#2174=VERTEX_POINT('',#2775);
#2175=LINE('',#2776,#2777);
#2176=VERTEX_POINT('',#2778);
#2177=CIRCLE('',#2779,1.72);
#2178=LINE('',#2780,#2781);
#2179=VERTEX_POINT('',#2782);
#2180=LINE('',#2783,#2784);
#2181=VERTEX_POINT('',#2785);
#2182=CIRCLE('',#2786,1.92);
#2183=LINE('',#2787,#2788);
#2184=VERTEX_POINT('',#2789);
#2185=VERTEX_POINT('',#2790);
#2186=CIRCLE('',#2791,1.92);
#2187=LINE('',#2792,#2793);
#2188=LINE('',#2794,#2795);
#2189=VERTEX_POINT('',#2796);
#2190=LINE('',#2797,#2798);
#2191=LINE('',#2799,#2800);
#2192=VERTEX_POINT('',#2801);
#2193=CIRCLE('',#2802,1.92);
#2194=LINE('',#2803,#2804);
#2195=LINE('',#2805,#2806);
#2196=VERTEX_POINT('',#2807);
#2197=CIRCLE('',#2808,0.3);
#2198=VERTEX_POINT('',#2809);
#2199=LINE('',#2810,#2811);
#2200=CIRCLE('',#2812,0.3);
#2201=VERTEX_POINT('',#2813);
#2202=LINE('',#2814,#2815);
#2203=VERTEX_POINT('',#2816);
#2204=LINE('',#2817,#2818);
#2205=LINE('',#2819,#2820);
#2206=VERTEX_POINT('',#2821);
#2207=LINE('',#2822,#2823);
#2208=VERTEX_POINT('',#2824);
#2209=LINE('',#2825,#2826);
#2210=LINE('',#2827,#2828);
#2211=VERTEX_POINT('',#2829);
#2212=CIRCLE('',#2830,0.38);
#2213=VERTEX_POINT('',#2831);
#2214=CIRCLE('',#2832,0.38);
#2215=LINE('',#2833,#2834);
#2216=VERTEX_POINT('',#2835);
#2217=LINE('',#2836,#2837);
#2218=VERTEX_POINT('',#2838);
#2219=LINE('',#2839,#2840);
#2220=LINE('',#2841,#2842);
#2221=VERTEX_POINT('',#2843);
#2222=CIRCLE('',#2844,0.1);
#2223=VERTEX_POINT('',#2845);
#2224=CIRCLE('',#2846,0.1);
#2225=LINE('',#2847,#2848);
#2226=VERTEX_POINT('',#2849);
#2227=LINE('',#2850,#2851);
#2228=VERTEX_POINT('',#2852);
#2229=LINE('',#2853,#2854);
#2230=LINE('',#2855,#2856);
#2231=VERTEX_POINT('',#2857);
#2232=CIRCLE('',#2858,0.2);
#2233=VERTEX_POINT('',#2859);
#2234=CIRCLE('',#2860,0.2);
#2235=LINE('',#2861,#2862);
#2236=VERTEX_POINT('',#2863);
#2237=LINE('',#2864,#2865);
#2238=VERTEX_POINT('',#2866);
#2239=LINE('',#2867,#2868);
#2240=LINE('',#2869,#2870);
#2241=VERTEX_POINT('',#2871);
#2242=CIRCLE('',#2872,0.2);
#2243=VERTEX_POINT('',#2873);
#2244=CIRCLE('',#2874,0.2);
#2245=LINE('',#2875,#2876);
#2246=VERTEX_POINT('',#2877);
#2247=CIRCLE('',#2878,0.3);
#2248=VERTEX_POINT('',#2879);
#2249=LINE('',#2880,#2881);
#2250=CIRCLE('',#2882,0.3);
#2251=VERTEX_POINT('',#2883);
#2252=LINE('',#2884,#2885);
#2253=VERTEX_POINT('',#2886);
#2254=LINE('',#2887,#2888);
#2255=LINE('',#2889,#2890);
#2256=VERTEX_POINT('',#2891);
#2257=LINE('',#2892,#2893);
#2258=VERTEX_POINT('',#2894);
#2259=LINE('',#2895,#2896);
#2260=LINE('',#2897,#2898);
#2261=VERTEX_POINT('',#2899);
#2262=CIRCLE('',#2900,0.38);
#2263=VERTEX_POINT('',#2901);
#2264=CIRCLE('',#2902,0.38);
#2265=LINE('',#2903,#2904);
#2266=VERTEX_POINT('',#2905);
#2267=LINE('',#2906,#2907);
#2268=VERTEX_POINT('',#2908);
#2269=LINE('',#2909,#2910);
#2270=LINE('',#2911,#2912);
#2271=VERTEX_POINT('',#2913);
#2272=CIRCLE('',#2914,0.1);
#2273=VERTEX_POINT('',#2915);
#2274=CIRCLE('',#2916,0.1);
#2275=LINE('',#2917,#2918);
#2276=VERTEX_POINT('',#2919);
#2277=LINE('',#2920,#2921);
#2278=VERTEX_POINT('',#2922);
#2279=LINE('',#2923,#2924);
#2280=LINE('',#2925,#2926);
#2281=VERTEX_POINT('',#2927);
#2282=CIRCLE('',#2928,0.2);
#2283=VERTEX_POINT('',#2929);
#2284=CIRCLE('',#2930,0.2);
#2285=LINE('',#2931,#2932);
#2286=VERTEX_POINT('',#2933);
#2287=LINE('',#2934,#2935);
#2288=VERTEX_POINT('',#2936);
#2289=LINE('',#2937,#2938);
#2290=LINE('',#2939,#2940);
#2291=VERTEX_POINT('',#2941);
#2292=CIRCLE('',#2942,0.2);
#2293=VERTEX_POINT('',#2943);
#2294=CIRCLE('',#2944,0.2);
#2295=LINE('',#2945,#2946);
#2296=VERTEX_POINT('',#2947);
#2297=CIRCLE('',#2948,0.3);
#2298=VERTEX_POINT('',#2949);
#2299=LINE('',#2950,#2951);
#2300=CIRCLE('',#2952,0.3);
#2301=VERTEX_POINT('',#2953);
#2302=LINE('',#2954,#2955);
#2303=VERTEX_POINT('',#2956);
#2304=LINE('',#2957,#2958);
#2305=LINE('',#2959,#2960);
#2306=VERTEX_POINT('',#2961);
#2307=LINE('',#2962,#2963);
#2308=VERTEX_POINT('',#2964);
#2309=LINE('',#2965,#2966);
#2310=LINE('',#2967,#2968);
#2311=VERTEX_POINT('',#2969);
#2312=CIRCLE('',#2970,0.38);
#2313=VERTEX_POINT('',#2971);
#2314=CIRCLE('',#2972,0.38);
#2315=LINE('',#2973,#2974);
#2316=VERTEX_POINT('',#2975);
#2317=LINE('',#2976,#2977);
#2318=VERTEX_POINT('',#2978);
#2319=LINE('',#2979,#2980);
#2320=LINE('',#2981,#2982);
#2321=VERTEX_POINT('',#2983);
#2322=CIRCLE('',#2984,0.1);
#2323=VERTEX_POINT('',#2985);
#2324=CIRCLE('',#2986,0.1);
#2325=LINE('',#2987,#2988);
#2326=VERTEX_POINT('',#2989);
#2327=LINE('',#2990,#2991);
#2328=VERTEX_POINT('',#2992);
#2329=LINE('',#2993,#2994);
#2330=LINE('',#2995,#2996);
#2331=VERTEX_POINT('',#2997);
#2332=CIRCLE('',#2998,0.2);
#2333=VERTEX_POINT('',#2999);
#2334=CIRCLE('',#3000,0.2);
#2335=LINE('',#3001,#3002);
#2336=VERTEX_POINT('',#3003);
#2337=LINE('',#3004,#3005);
#2338=VERTEX_POINT('',#3006);
#2339=LINE('',#3007,#3008);
#2340=LINE('',#3009,#3010);
#2341=VERTEX_POINT('',#3011);
#2342=CIRCLE('',#3012,0.2);
#2343=VERTEX_POINT('',#3013);
#2344=CIRCLE('',#3014,0.2);
#2345=LINE('',#3015,#3016);
#2346=CIRCLE('',#3017,2.4);
#2347=VERTEX_POINT('',#3018);
#2348=VERTEX_POINT('',#3019);
#2349=LINE('',#3020,#3021);
#2350=VERTEX_POINT('',#3022);
#2351=CIRCLE('',#3023,0.38);
#2352=VERTEX_POINT('',#3024);
#2353=LINE('',#3025,#3026);
#2354=LINE('',#3027,#3028);
#2355=VERTEX_POINT('',#3029);
#2356=VERTEX_POINT('',#3030);
#2357=LINE('',#3031,#3032);
#2358=VERTEX_POINT('',#3033);
#2359=CIRCLE('',#3034,0.38);
#2360=VERTEX_POINT('',#3035);
#2361=LINE('',#3036,#3037);
#2362=LINE('',#3038,#3039);
#2363=VERTEX_POINT('',#3040);
#2364=CIRCLE('',#3041,0.125);
#2365=VERTEX_POINT('',#3042);
#2366=LINE('',#3043,#3044);
#2367=VERTEX_POINT('',#3045);
#2368=LINE('',#3046,#3047);
#2369=LINE('',#3048,#3049);
#2370=VERTEX_POINT('',#3050);
#2371=CIRCLE('',#3051,0.38);
#2372=LINE('',#3052,#3053);
#2373=VERTEX_POINT('',#3054);
#2374=LINE('',#3055,#3056);
#2375=VERTEX_POINT('',#3057);
#2376=LINE('',#3058,#3059);
#2377=CIRCLE('',#3060,0.125);
#2378=VERTEX_POINT('',#3061);
#2379=LINE('',#3062,#3063);
#2380=VERTEX_POINT('',#3064);
#2381=LINE('',#3065,#3066);
#2382=LINE('',#3067,#3068);
#2383=CIRCLE('',#3069,0.125);
#2384=VERTEX_POINT('',#3070);
#2385=LINE('',#3071,#3072);
#2386=LINE('',#3073,#3074);
#2387=VERTEX_POINT('',#3075);
#2388=CIRCLE('',#3076,0.38);
#2389=LINE('',#3077,#3078);
#2390=VERTEX_POINT('',#3079);
#2391=LINE('',#3080,#3081);
#2392=VERTEX_POINT('',#3082);
#2393=LINE('',#3083,#3084);
#2394=CIRCLE('',#3085,0.125);
#2395=VERTEX_POINT('',#3086);
#2396=LINE('',#3087,#3088);
#2397=VERTEX_POINT('',#3089);
#2398=LINE('',#3090,#3091);
#2399=LINE('',#3092,#3093);
#2400=VERTEX_POINT('',#3094);
#2401=VERTEX_POINT('',#3095);
#2402=CIRCLE('',#3096,0.25);
#2403=VERTEX_POINT('',#3097);
#2404=LINE('',#3098,#3099);
#2405=VERTEX_POINT('',#3100);
#2406=CIRCLE('',#3101,0.25);
#2407=LINE('',#3102,#3103);
#2408=VERTEX_POINT('',#3104);
#2409=VERTEX_POINT('',#3105);
#2410=B_SPLINE_CURVE_WITH_KNOTS('',3,(#3106,#3107,#3108,#3109,#3110,#3111,#3112,#3113,#3114,#3115,#3116,#3117,#3118,#3119,#3120,#3121,#3122,#3123,#3124,#3125,#3126,#3127),.UNSPECIFIED.,.F.,.F.,(4,2,2,2,2,2,2,2,2,2,4),(0.21008188443916,0.364050466503698,0.535083306911339,0.706116147318979,1.08253788891412,1.45895963050927,1.83538137210442,2.21180311369956,2.3828359541072,2.55386879451484,2.70783737657938),.UNSPECIFIED.);
#2411=B_SPLINE_CURVE_WITH_KNOTS('',3,(#3128,#3129,#3130,#3131,#3132,#3133,#3134,#3135,#3136,#3137,#3138,#3139,#3140,#3141,#3142,#3143,#3144,#3145,#3146,#3147,#3148,#3149),.UNSPECIFIED.,.F.,.F.,(4,2,2,2,2,2,2,2,2,2,4),(3.20866953335122,3.29147246222832,3.46335090032027,3.63522933841222,4.0137396684052,4.39224999839819,4.77076032839117,5.14927065838416,5.3211490964761,5.49302753456805,5.57583046344516),.UNSPECIFIED.);
#2412=VERTEX_POINT('',#3150);
#2413=LINE('',#3151,#3152);
#2414=LINE('',#3153,#3154);
#2415=VERTEX_POINT('',#3155);
#2416=LINE('',#3156,#3157);
#2417=LINE('',#3158,#3159);
#2418=VERTEX_POINT('',#3160);
#2419=LINE('',#3161,#3162);
#2420=LINE('',#3163,#3164);
#2421=VERTEX_POINT('',#3165);
#2422=VERTEX_POINT('',#3166);
#2423=B_SPLINE_CURVE_WITH_KNOTS('',3,(#3167,#3168,#3169,#3170,#3171,#3172,#3173,#3174,#3175,#3176,#3177,#3178,#3179,#3180,#3181,#3182,#3183,#3184,#3185,#3186,#3187,#3188),.UNSPECIFIED.,.F.,.F.,(4,2,2,2,2,2,2,2,2,2,4),(3.1280011454577,3.28196972752224,3.45300256792988,3.62403540833752,4.00045714993266,4.37687889152781,4.75330063312296,5.1297223747181,5.30075521512574,5.47178805553338,5.62575663759792),.UNSPECIFIED.);
#2424=B_SPLINE_CURVE_WITH_KNOTS('',3,(#3189,#3190,#3191,#3192,#3193,#3194,#3195,#3196,#3197,#3198,#3199,#3200,#3201,#3202,#3203,#3204,#3205,#3206,#3207,#3208,#3209,#3210),.UNSPECIFIED.,.F.,.F.,(4,2,2,2,2,2,2,2,2,2,4),(0.280502867752426,0.363305796629532,0.53518423472148,0.707062672813428,1.08557300280641,1.4640833327994,1.84259366279238,2.22110399278536,2.39298243087731,2.56486086896926,2.64766379784637),.UNSPECIFIED.);
#2425=LINE('',#3211,#3212);
#2426=VERTEX_POINT('',#3213);
#2427=LINE('',#3214,#3215);
#2428=LINE('',#3216,#3217);
#2429=LINE('',#3218,#3219);
#2430=VERTEX_POINT('',#3220);
#2431=VERTEX_POINT('',#3221);
#2432=B_SPLINE_CURVE_WITH_KNOTS('',3,(#3222,#3223,#3224,#3225,#3226,#3227,#3228,#3229,#3230,#3231,#3232,#3233,#3234,#3235,#3236,#3237,#3238,#3239,#3240,#3241,#3242,#3243),.UNSPECIFIED.,.F.,.F.,(4,2,2,2,2,2,2,2,2,2,4),(0.21008188443916,0.364050466503698,0.535083306911339,0.706116147318979,1.08253788891412,1.45895963050927,1.83538137210442,2.21180311369956,2.3828359541072,2.55386879451484,2.70783737657938),.UNSPECIFIED.);
#2433=B_SPLINE_CURVE_WITH_KNOTS('',3,(#3244,#3245,#3246,#3247,#3248,#3249,#3250,#3251,#3252,#3253,#3254,#3255,#3256,#3257,#3258,#3259,#3260,#3261,#3262,#3263,#3264,#3265),.UNSPECIFIED.,.F.,.F.,(4,2,2,2,2,2,2,2,2,2,4),(3.20866953335122,3.29147246222832,3.46335090032027,3.63522933841222,4.0137396684052,4.39224999839819,4.77076032839117,5.14927065838416,5.3211490964761,5.49302753456805,5.57583046344516),.UNSPECIFIED.);
#2434=VERTEX_POINT('',#3266);
#2435=LINE('',#3267,#3268);
#2436=LINE('',#3269,#3270);
#2437=VERTEX_POINT('',#3271);
#2438=LINE('',#3272,#3273);
#2439=LINE('',#3274,#3275);
#2440=VERTEX_POINT('',#3276);
#2441=LINE('',#3277,#3278);
#2442=LINE('',#3279,#3280);
#2443=VERTEX_POINT('',#3281);
#2444=VERTEX_POINT('',#3282);
#2445=B_SPLINE_CURVE_WITH_KNOTS('',3,(#3283,#3284,#3285,#3286,#3287,#3288,#3289,#3290,#3291,#3292,#3293,#3294,#3295,#3296,#3297,#3298,#3299,#3300,#3301,#3302,#3303,#3304),.UNSPECIFIED.,.F.,.F.,(4,2,2,2,2,2,2,2,2,2,4),(3.1280011454577,3.28196972752224,3.45300256792988,3.62403540833752,4.00045714993267,4.37687889152781,4.75330063312296,5.1297223747181,5.30075521512574,5.47178805553338,5.62575663759792),.UNSPECIFIED.);
#2446=B_SPLINE_CURVE_WITH_KNOTS('',3,(#3305,#3306,#3307,#3308,#3309,#3310,#3311,#3312,#3313,#3314,#3315,#3316,#3317,#3318,#3319,#3320,#3321,#3322,#3323,#3324,#3325,#3326),.UNSPECIFIED.,.F.,.F.,(4,2,2,2,2,2,2,2,2,2,4),(0.280502867752426,0.363305796629532,0.53518423472148,0.707062672813428,1.08557300280641,1.4640833327994,1.84259366279238,2.22110399278536,2.39298243087731,2.56486086896926,2.64766379784637),.UNSPECIFIED.);
#2447=LINE('',#3327,#3328);
#2448=VERTEX_POINT('',#3329);
#2449=LINE('',#3330,#3331);
#2450=LINE('',#3332,#3333);
#2451=LINE('',#3334,#3335);
#2452=VERTEX_POINT('',#3336);
#2453=VERTEX_POINT('',#3337);
#2454=B_SPLINE_CURVE_WITH_KNOTS('',3,(#3338,#3339,#3340,#3341,#3342,#3343,#3344,#3345,#3346,#3347,#3348,#3349,#3350,#3351,#3352,#3353,#3354,#3355,#3356,#3357,#3358,#3359),.UNSPECIFIED.,.F.,.F.,(4,2,2,2,2,2,2,2,2,2,4),(0.21008188443916,0.364050466503698,0.535083306911339,0.706116147318979,1.08253788891412,1.45895963050927,1.83538137210442,2.21180311369956,2.3828359541072,2.55386879451484,2.70783737657938),.UNSPECIFIED.);
#2455=B_SPLINE_CURVE_WITH_KNOTS('',3,(#3360,#3361,#3362,#3363,#3364,#3365,#3366,#3367,#3368,#3369,#3370,#3371,#3372,#3373,#3374,#3375,#3376,#3377,#3378,#3379,#3380,#3381),.UNSPECIFIED.,.F.,.F.,(4,2,2,2,2,2,2,2,2,2,4),(3.20866953335122,3.29147246222832,3.46335090032027,3.63522933841222,4.0137396684052,4.39224999839819,4.77076032839117,5.14927065838416,5.3211490964761,5.49302753456805,5.57583046344516),.UNSPECIFIED.);
#2456=VERTEX_POINT('',#3382);
#2457=LINE('',#3383,#3384);
#2458=LINE('',#3385,#3386);
#2459=VERTEX_POINT('',#3387);
#2460=LINE('',#3388,#3389);
#2461=LINE('',#3390,#3391);
#2462=VERTEX_POINT('',#3392);
#2463=LINE('',#3393,#3394);
#2464=LINE('',#3395,#3396);
#2465=VERTEX_POINT('',#3397);
#2466=VERTEX_POINT('',#3398);
#2467=B_SPLINE_CURVE_WITH_KNOTS('',3,(#3399,#3400,#3401,#3402,#3403,#3404,#3405,#3406,#3407,#3408,#3409,#3410,#3411,#3412,#3413,#3414,#3415,#3416,#3417,#3418,#3419,#3420),.UNSPECIFIED.,.F.,.F.,(4,2,2,2,2,2,2,2,2,2,4),(3.1280011454577,3.28196972752224,3.45300256792988,3.62403540833752,4.00045714993267,4.37687889152781,4.75330063312296,5.1297223747181,5.30075521512574,5.47178805553338,5.62575663759792),.UNSPECIFIED.);
#2468=B_SPLINE_CURVE_WITH_KNOTS('',3,(#3421,#3422,#3423,#3424,#3425,#3426,#3427,#3428,#3429,#3430,#3431,#3432,#3433,#3434,#3435,#3436,#3437,#3438,#3439,#3440,#3441,#3442),.UNSPECIFIED.,.F.,.F.,(4,2,2,2,2,2,2,2,2,2,4),(0.280502867752426,0.363305796629532,0.53518423472148,0.707062672813428,1.08557300280641,1.4640833327994,1.84259366279238,2.22110399278536,2.39298243087731,2.56486086896926,2.64766379784637),.UNSPECIFIED.);
#2469=LINE('',#3443,#3444);
#2470=VERTEX_POINT('',#3445);
#2471=LINE('',#3446,#3447);
#2472=LINE('',#3448,#3449);
#2473=LINE('',#3450,#3451);
#2474=VERTEX_POINT('',#3452);
#2475=VERTEX_POINT('',#3453);
#2476=LINE('',#3454,#3455);
#2477=VERTEX_POINT('',#3456);
#2478=LINE('',#3457,#3458);
#2479=VERTEX_POINT('',#3459);
#2480=LINE('',#3460,#3461);
#2481=LINE('',#3462,#3463);
#2482=VERTEX_POINT('',#3464);
#2483=VERTEX_POINT('',#3465);
#2484=LINE('',#3466,#3467);
#2485=VERTEX_POINT('',#3468);
#2486=LINE('',#3469,#3470);
#2487=VERTEX_POINT('',#3471);
#2488=LINE('',#3472,#3473);
#2489=LINE('',#3474,#3475);
#2490=VERTEX_POINT('',#3476);
#2491=VERTEX_POINT('',#3477);
#2492=CIRCLE('',#3478,0.25);
#2493=VERTEX_POINT('',#3479);
#2494=LINE('',#3480,#3481);
#2495=VERTEX_POINT('',#3482);
#2496=CIRCLE('',#3483,0.25);
#2497=LINE('',#3484,#3485);
#2498=VERTEX_POINT('',#3486);
#2499=VERTEX_POINT('',#3487);
#2500=CIRCLE('',#3488,2.45);
#2501=LINE('',#3489,#3490);
#2502=LINE('',#3491,#3492);
#2503=LINE('',#3493,#3494);
#2504=CIRCLE('',#3495,2.4);
#2505=VERTEX_POINT('',#3496);
#2506=VERTEX_POINT('',#3497);
#2507=CIRCLE('',#3498,2.45);
#2508=LINE('',#3499,#3500);
#2509=LINE('',#3501,#3502);
#2510=VERTEX_POINT('',#3503);
#2511=VERTEX_POINT('',#3504);
#2512=LINE('',#3505,#3506);
#2513=VERTEX_POINT('',#3507);
#2514=LINE('',#3508,#3509);
#2515=VERTEX_POINT('',#3510);
#2516=LINE('',#3511,#3512);
#2517=LINE('',#3513,#3514);
#2518=VERTEX_POINT('',#3515);
#2519=LINE('',#3516,#3517);
#2520=VERTEX_POINT('',#3518);
#2521=CIRCLE('',#3519,0.125);
#2522=VERTEX_POINT('',#3520);
#2523=LINE('',#3521,#3522);
#2524=CIRCLE('',#3523,0.125);
#2525=VERTEX_POINT('',#3524);
#2526=LINE('',#3525,#3526);
#2527=LINE('',#3527,#3528);
#2528=LINE('',#3529,#3530);
#2529=VERTEX_POINT('',#3531);
#2530=LINE('',#3532,#3533);
#2531=LINE('',#3534,#3535);
#2532=VERTEX_POINT('',#3536);
#2533=CIRCLE('',#3537,0.25);
#2534=VERTEX_POINT('',#3538);
#2535=CIRCLE('',#3539,0.25);
#2536=LINE('',#3540,#3541);
#2537=VERTEX_POINT('',#3542);
#2538=VERTEX_POINT('',#3543);
#2539=CIRCLE('',#3544,0.25);
#2540=VERTEX_POINT('',#3545);
#2541=LINE('',#3546,#3547);
#2542=VERTEX_POINT('',#3548);
#2543=CIRCLE('',#3549,0.25);
#2544=LINE('',#3550,#3551);
#2545=LINE('',#3552,#3553);
#2546=VERTEX_POINT('',#3554);
#2547=LINE('',#3555,#3556);
#2548=LINE('',#3557,#3558);
#2549=LINE('',#3559,#3560);
#2550=VERTEX_POINT('',#3561);
#2551=VERTEX_POINT('',#3562);
#2552=LINE('',#3563,#3564);
#2553=VERTEX_POINT('',#3565);
#2554=LINE('',#3566,#3567);
#2555=VERTEX_POINT('',#3568);
#2556=LINE('',#3569,#3570);
#2557=LINE('',#3571,#3572);
#2558=LINE('',#3573,#3574);
#2559=VERTEX_POINT('',#3575);
#2560=LINE('',#3576,#3577);
#2561=VERTEX_POINT('',#3578);
#2562=LINE('',#3579,#3580);
#2563=LINE('',#3581,#3582);
#2564=VERTEX_POINT('',#3583);
#2565=VERTEX_POINT('',#3584);
#2566=LINE('',#3585,#3586);
#2567=VERTEX_POINT('',#3587);
#2568=LINE('',#3588,#3589);
#2569=VERTEX_POINT('',#3590);
#2570=LINE('',#3591,#3592);
#2571=LINE('',#3593,#3594);
#2572=VERTEX_POINT('',#3595);
#2573=LINE('',#3596,#3597);
#2574=VERTEX_POINT('',#3598);
#2575=LINE('',#3599,#3600);
#2576=LINE('',#3601,#3602);
#2577=LINE('',#3603,#3604);
#2578=VERTEX_POINT('',#3605);
#2579=CIRCLE('',#3606,0.25);
#2580=VERTEX_POINT('',#3607);
#2581=LINE('',#3608,#3609);
#2582=CIRCLE('',#3610,0.25);
#2583=VERTEX_POINT('',#3611);
#2584=VERTEX_POINT('',#3612);
#2585=CIRCLE('',#3613,2.45);
#2586=LINE('',#3614,#3615);
#2587=LINE('',#3616,#3617);
#2588=LINE('',#3618,#3619);
#2589=VERTEX_POINT('',#3620);
#2590=VERTEX_POINT('',#3621);
#2591=CIRCLE('',#3622,2.45);
#2592=LINE('',#3623,#3624);
#2593=LINE('',#3625,#3626);
#2594=VERTEX_POINT('',#3627);
#2595=VERTEX_POINT('',#3628);
#2596=LINE('',#3629,#3630);
#2597=VERTEX_POINT('',#3631);
#2598=LINE('',#3632,#3633);
#2599=LINE('',#3634,#3635);
#2600=LINE('',#3636,#3637);
#2601=VERTEX_POINT('',#3638);
#2602=LINE('',#3639,#3640);
#2603=VERTEX_POINT('',#3641);
#2604=LINE('',#3642,#3643);
#2605=LINE('',#3644,#3645);
#2606=VERTEX_POINT('',#3646);
#2607=LINE('',#3647,#3648);
#2608=LINE('',#3649,#3650);
#2609=VERTEX_POINT('',#3651);
#2610=VERTEX_POINT('',#3652);
#2611=LINE('',#3653,#3654);
#2612=VERTEX_POINT('',#3655);
#2613=LINE('',#3656,#3657);
#2614=VERTEX_POINT('',#3658);
#2615=LINE('',#3659,#3660);
#2616=LINE('',#3661,#3662);
#2617=VERTEX_POINT('',#3663);
#2618=LINE('',#3664,#3665);
#2619=VERTEX_POINT('',#3666);
#2620=LINE('',#3667,#3668);
#2621=LINE('',#3669,#3670);
#2622=VERTEX_POINT('',#3671);
#2623=LINE('',#3672,#3673);
#2624=LINE('',#3674,#3675);
#2625=VERTEX_POINT('',#3676);
#2626=VERTEX_POINT('',#3677);
#2627=LINE('',#3678,#3679);
#2628=VERTEX_POINT('',#3680);
#2629=LINE('',#3681,#3682);
#2630=VERTEX_POINT('',#3683);
#2631=LINE('',#3684,#3685);
#2632=LINE('',#3686,#3687);
#2633=VERTEX_POINT('',#3688);
#2634=LINE('',#3689,#3690);
#2635=VERTEX_POINT('',#3691);
#2636=LINE('',#3692,#3693);
#2637=LINE('',#3694,#3695);
#2638=VERTEX_POINT('',#3696);
#2639=LINE('',#3697,#3698);
#2640=LINE('',#3699,#3700);
#2641=VERTEX_POINT('',#3701);
#2642=LINE('',#3702,#3703);
#2643=LINE('',#3704,#3705);
#2644=LINE('',#3706,#3707);
#2645=LINE('',#3708,#3709);
#2646=LINE('',#3710,#3711);
#2647=VERTEX_POINT('',#3712);
#2648=LINE('',#3713,#3714);
#2649=LINE('',#3715,#3716);
#2650=VERTEX_POINT('',#3717);
#2651=LINE('',#3718,#3719);
#2652=LINE('',#3720,#3721);
#2653=VERTEX_POINT('',#3722);
#2654=VERTEX_POINT('',#3723);
#2655=LINE('',#3724,#3725);
#2656=LINE('',#3726,#3727);
#2657=LINE('',#3728,#3729);
#2658=LINE('',#3730,#3731);
#2659=VERTEX_POINT('',#3732);
#2660=LINE('',#3733,#3734);
#2661=VERTEX_POINT('',#3735);
#2662=LINE('',#3736,#3737);
#2663=LINE('',#3738,#3739);
#2664=LINE('',#3740,#3741);
#2665=VERTEX_POINT('',#3742);
#2666=LINE('',#3743,#3744);
#2667=LINE('',#3745,#3746);
#2668=LINE('',#3747,#3748);
#2669=VERTEX_POINT('',#3749);
#2670=LINE('',#3750,#3751);
#2671=VERTEX_POINT('',#3752);
#2672=LINE('',#3753,#3754);
#2673=LINE('',#3755,#3756);
#2674=LINE('',#3757,#3758);
#2675=VERTEX_POINT('',#3759);
#2676=LINE('',#3760,#3761);
#2677=VERTEX_POINT('',#3762);
#2678=LINE('',#3763,#3764);
#2679=LINE('',#3765,#3766);
#2680=VERTEX_POINT('',#3767);
#2681=LINE('',#3768,#3769);
#2682=LINE('',#3770,#3771);
#2683=VERTEX_POINT('',#3772);
#2684=LINE('',#3773,#3774);
#2685=LINE('',#3775,#3776);
#2686=VERTEX_POINT('',#3777);
#2687=LINE('',#3778,#3779);
#2688=LINE('',#3780,#3781);
#2689=VERTEX_POINT('',#3782);
#2690=LINE('',#3783,#3784);
#2691=LINE('',#3785,#3786);
#2692=VERTEX_POINT('',#3787);
#2693=LINE('',#3788,#3789);
#2694=LINE('',#3790,#3791);
#2695=VERTEX_POINT('',#3792);
#2696=LINE('',#3793,#3794);
#2697=LINE('',#3795,#3796);
#2698=LINE('',#3797,#3798);
#2699=CARTESIAN_POINT('',(2.4,8.89,2.93915231795365E-16));
#2700=CARTESIAN_POINT('',(2.4,10.0525,0.0));
#2701=CARTESIAN_POINT('',(2.4,8.97125,2.93915231795365E-16));
#2702=VECTOR('',#3799,1.0);
#2703=CARTESIAN_POINT('',(-2.4,8.89,-2.93915231795365E-16));
#2704=AXIS2_PLACEMENT_3D('',#3800,#3801,#3802);
#2705=CARTESIAN_POINT('',(-2.4,10.0525,-2.93915231795365E-16));
#2706=CARTESIAN_POINT('',(-2.4,8.97125,-2.93915231795365E-16));
#2707=VECTOR('',#3803,1.0);
#2708=AXIS2_PLACEMENT_3D('',#3804,#3805,#3806);
#2709=CARTESIAN_POINT('',(-2.25,0.0600000000000001,2.285));
#2710=CARTESIAN_POINT('',(-2.25,0.0600000000000001,2.795));
#2711=CARTESIAN_POINT('',(-2.25,0.0600000000000001,2.285));
#2712=VECTOR('',#3807,1.0);
#2713=CARTESIAN_POINT('',(-2.55,0.36,2.285));
#2714=AXIS2_PLACEMENT_3D('',#3808,#3809,#3810);
#2715=CARTESIAN_POINT('',(-2.55,0.36,2.795));
#2716=CARTESIAN_POINT('',(-2.55,0.36,2.285));
#2717=VECTOR('',#3811,1.0);
#2718=AXIS2_PLACEMENT_3D('',#3812,#3813,#3814);
#2719=CARTESIAN_POINT('',(-2.25,0.0600000000000001,-2.795));
#2720=CARTESIAN_POINT('',(-2.25,0.0600000000000001,-2.285));
#2721=CARTESIAN_POINT('',(-2.25,0.0600000000000001,-2.795));
#2722=VECTOR('',#3815,1.0);
#2723=CARTESIAN_POINT('',(-2.55,0.36,-2.795));
#2724=AXIS2_PLACEMENT_3D('',#3816,#3817,#3818);
#2725=CARTESIAN_POINT('',(-2.55,0.36,-2.285));
#2726=CARTESIAN_POINT('',(-2.55,0.36,-2.795));
#2727=VECTOR('',#3819,1.0);
#2728=AXIS2_PLACEMENT_3D('',#3820,#3821,#3822);
#2729=CARTESIAN_POINT('',(-2.25,0.0600000000000001,-0.255));
#2730=CARTESIAN_POINT('',(-2.25,0.0600000000000001,0.255));
#2731=CARTESIAN_POINT('',(-2.25,0.0600000000000001,-0.255));
#2732=VECTOR('',#3823,1.0);
#2733=CARTESIAN_POINT('',(-2.55,0.36,-0.255));
#2734=AXIS2_PLACEMENT_3D('',#3824,#3825,#3826);
#2735=CARTESIAN_POINT('',(-2.55,0.36,0.255));
#2736=CARTESIAN_POINT('',(-2.55,0.36,-0.255));
#2737=VECTOR('',#3827,1.0);
#2738=AXIS2_PLACEMENT_3D('',#3828,#3829,#3830);
#2739=CARTESIAN_POINT('',(1.27,13.04,0.0791922201622686));
#2740=CARTESIAN_POINT('',(1.27,18.2982230256697,0.912012931184546));
#2741=CARTESIAN_POINT('',(1.27,15.4191115128348,0.456006465592273));
#2742=VECTOR('',#3831,1.0);
#2743=CARTESIAN_POINT('',(-1.27,13.04,0.0791922201622682));
#2744=AXIS2_PLACEMENT_3D('',#3832,#3833,#3834);
#2745=CARTESIAN_POINT('',(-1.27,18.2982230256697,0.912012931184546));
#2746=CARTESIAN_POINT('',(-1.27,15.4191115128348,0.456006465592273));
#2747=VECTOR('',#3835,1.0);
#2748=CARTESIAN_POINT('',(0.0,18.4968947962707,-0.342351261371279));
#2749=AXIS2_PLACEMENT_3D('',#3836,#3837,#3838);
#2750=AXIS2_PLACEMENT_3D('',#3839,#3840,#3841);
#2751=CARTESIAN_POINT('',(0.0,18.0995512550686,2.16637712374037));
#2752=AXIS2_PLACEMENT_3D('',#3842,#3843,#3844);
#2753=AXIS2_PLACEMENT_3D('',#3845,#3846,#3847);
#2754=CARTESIAN_POINT('',(-1.55530143491714E-16,13.04,1.36502292991303));
#2755=AXIS2_PLACEMENT_3D('',#3848,#3849,#3850);
#2756=AXIS2_PLACEMENT_3D('',#3851,#3852,#3853);
#2757=CARTESIAN_POINT('',(1.72,13.04,0.0));
#2758=CARTESIAN_POINT('',(-1.72,13.04,-2.10639249453345E-16));
#2759=AXIS2_PLACEMENT_3D('',#3854,#3855,#3856);
#2760=AXIS2_PLACEMENT_3D('',#3857,#3858,#3859);
#2761=CARTESIAN_POINT('',(-1.72,13.54,-0.853229160308062));
#2762=CARTESIAN_POINT('',(-1.72,13.54,-2.10639249453345E-16));
#2763=CARTESIAN_POINT('',(-1.72,13.54,-2.10639249453345E-16));
#2764=VECTOR('',#3860,1.0);
#2765=CARTESIAN_POINT('',(1.72,13.54,0.0));
#2766=AXIS2_PLACEMENT_3D('',#3861,#3862,#3863);
#2767=CARTESIAN_POINT('',(1.72,13.54,-0.853229160308062));
#2768=CARTESIAN_POINT('',(1.72,13.54,0.0));
#2769=VECTOR('',#3864,1.0);
#2770=AXIS2_PLACEMENT_3D('',#3865,#3866,#3867);
#2771=CARTESIAN_POINT('',(-1.72,13.29,-2.10639249453345E-16));
#2772=VECTOR('',#3868,1.0);
#2773=CARTESIAN_POINT('',(1.72,13.29,0.0));
#2774=VECTOR('',#3869,1.0);
#2775=CARTESIAN_POINT('',(-1.72,13.54,-2.10639249453345E-16));
#2776=CARTESIAN_POINT('',(-1.72,13.29,-2.10639249453345E-16));
#2777=VECTOR('',#3870,1.0);
#2778=CARTESIAN_POINT('',(1.72,13.54,0.0));
#2779=AXIS2_PLACEMENT_3D('',#3871,#3872,#3873);
#2780=CARTESIAN_POINT('',(1.72,13.29,0.0));
#2781=VECTOR('',#3874,1.0);
#2782=CARTESIAN_POINT('',(-1.72,13.54,0.853229160308062));
#2783=CARTESIAN_POINT('',(-1.72,13.54,-2.10639249453345E-16));
#2784=VECTOR('',#3875,1.0);
#2785=CARTESIAN_POINT('',(1.72,13.54,0.853229160308062));
#2786=AXIS2_PLACEMENT_3D('',#3876,#3877,#3878);
#2787=CARTESIAN_POINT('',(1.72,13.54,0.0));
#2788=VECTOR('',#3879,1.0);
#2789=CARTESIAN_POINT('',(1.72,10.0525,0.853229160308062));
#2790=CARTESIAN_POINT('',(-1.72,10.0525,0.853229160308062));
#2791=AXIS2_PLACEMENT_3D('',#3880,#3881,#3882);
#2792=CARTESIAN_POINT('',(1.72,11.265,0.853229160308062));
#2793=VECTOR('',#3883,1.0);
#2794=CARTESIAN_POINT('',(-1.72,11.265,0.853229160308062));
#2795=VECTOR('',#3884,1.0);
#2796=CARTESIAN_POINT('',(1.72,10.0525,-0.853229160308062));
#2797=CARTESIAN_POINT('',(1.72,10.0525,0.0));
#2798=VECTOR('',#3885,1.0);
#2799=CARTESIAN_POINT('',(1.72,11.265,-0.853229160308062));
#2800=VECTOR('',#3886,1.0);
#2801=CARTESIAN_POINT('',(-1.72,10.0525,-0.853229160308062));
#2802=AXIS2_PLACEMENT_3D('',#3887,#3888,#3889);
#2803=CARTESIAN_POINT('',(-1.72,11.265,-0.853229160308062));
#2804=VECTOR('',#3890,1.0);
#2805=CARTESIAN_POINT('',(-1.72,10.0525,-2.10639249453345E-16));
#2806=VECTOR('',#3891,1.0);
#2807=CARTESIAN_POINT('',(-1.95,0.36,0.255));
#2808=AXIS2_PLACEMENT_3D('',#3892,#3893,#3894);
#2809=CARTESIAN_POINT('',(-1.95,0.36,-0.255));
#2810=CARTESIAN_POINT('',(-1.95,0.36,-0.255));
#2811=VECTOR('',#3895,1.0);
#2812=AXIS2_PLACEMENT_3D('',#3896,#3897,#3898);
#2813=CARTESIAN_POINT('',(-2.55,0.55,0.255));
#2814=CARTESIAN_POINT('',(-2.55,0.36,0.255));
#2815=VECTOR('',#3899,1.0);
#2816=CARTESIAN_POINT('',(-2.55,0.55,-0.255));
#2817=CARTESIAN_POINT('',(-2.55,0.36,-0.255));
#2818=VECTOR('',#3900,1.0);
#2819=CARTESIAN_POINT('',(-2.55,0.55,-0.255));
#2820=VECTOR('',#3901,1.0);
#2821=CARTESIAN_POINT('',(-5.97,0.55,0.255));
#2822=CARTESIAN_POINT('',(-2.55,0.55,0.255));
#2823=VECTOR('',#3902,1.0);
#2824=CARTESIAN_POINT('',(-5.97,0.55,-0.255));
#2825=CARTESIAN_POINT('',(-2.55,0.55,-0.255));
#2826=VECTOR('',#3903,1.0);
#2827=CARTESIAN_POINT('',(-5.97,0.55,-0.255));
#2828=VECTOR('',#3904,1.0);
#2829=CARTESIAN_POINT('',(-5.97,-0.21,0.255));
#2830=AXIS2_PLACEMENT_3D('',#3905,#3906,#3907);
#2831=CARTESIAN_POINT('',(-5.97,-0.21,-0.255));
#2832=AXIS2_PLACEMENT_3D('',#3908,#3909,#3910);
#2833=CARTESIAN_POINT('',(-5.97,-0.21,-0.255));
#2834=VECTOR('',#3911,1.0);
#2835=CARTESIAN_POINT('',(-3.15,-0.21,0.255));
#2836=CARTESIAN_POINT('',(-5.97,-0.21,0.255));
#2837=VECTOR('',#3912,1.0);
#2838=CARTESIAN_POINT('',(-3.15,-0.21,-0.255));
#2839=CARTESIAN_POINT('',(-5.97,-0.21,-0.255));
#2840=VECTOR('',#3913,1.0);
#2841=CARTESIAN_POINT('',(-3.15,-0.21,-0.255));
#2842=VECTOR('',#3914,1.0);
#2843=CARTESIAN_POINT('',(-3.05,-0.31,0.255));
#2844=AXIS2_PLACEMENT_3D('',#3915,#3916,#3917);
#2845=CARTESIAN_POINT('',(-3.05,-0.31,-0.255));
#2846=AXIS2_PLACEMENT_3D('',#3918,#3919,#3920);
#2847=CARTESIAN_POINT('',(-3.05,-0.31,-0.255));
#2848=VECTOR('',#3921,1.0);
#2849=CARTESIAN_POINT('',(-3.05,-0.398053238516173,0.255));
#2850=CARTESIAN_POINT('',(-3.05,-0.31,0.255));
#2851=VECTOR('',#3922,1.0);
#2852=CARTESIAN_POINT('',(-3.05,-0.398053238516173,-0.255));
#2853=CARTESIAN_POINT('',(-3.05,-0.31,-0.255));
#2854=VECTOR('',#3923,1.0);
#2855=CARTESIAN_POINT('',(-3.05,-0.398053238516173,-0.255));
#2856=VECTOR('',#3924,1.0);
#2857=CARTESIAN_POINT('',(-2.85,-0.598053238516173,0.255));
#2858=AXIS2_PLACEMENT_3D('',#3925,#3926,#3927);
#2859=CARTESIAN_POINT('',(-2.85,-0.598053238516173,-0.255));
#2860=AXIS2_PLACEMENT_3D('',#3928,#3929,#3930);
#2861=CARTESIAN_POINT('',(-2.85,-0.598053238516173,-0.255));
#2862=VECTOR('',#3931,1.0);
#2863=CARTESIAN_POINT('',(1.32922931556316,-0.598053238516172,0.255));
#2864=CARTESIAN_POINT('',(-2.85,-0.598053238516173,0.255));
#2865=VECTOR('',#3932,1.0);
#2866=CARTESIAN_POINT('',(1.32922931556316,-0.598053238516172,-0.255));
#2867=CARTESIAN_POINT('',(-2.85,-0.598053238516173,-0.255));
#2868=VECTOR('',#3933,1.0);
#2869=CARTESIAN_POINT('',(1.32922931556316,-0.598053238516172,-0.255));
#2870=VECTOR('',#3934,1.0);
#2871=CARTESIAN_POINT('',(1.52922931556316,-0.398053238516173,0.255));
#2872=AXIS2_PLACEMENT_3D('',#3935,#3936,#3937);
#2873=CARTESIAN_POINT('',(1.52922931556316,-0.398053238516173,-0.255));
#2874=AXIS2_PLACEMENT_3D('',#3938,#3939,#3940);
#2875=CARTESIAN_POINT('',(1.52922931556316,-0.398053238516173,-0.255));
#2876=VECTOR('',#3941,1.0);
#2877=CARTESIAN_POINT('',(-1.95,0.36,-2.285));
#2878=AXIS2_PLACEMENT_3D('',#3942,#3943,#3944);
#2879=CARTESIAN_POINT('',(-1.95,0.36,-2.795));
#2880=CARTESIAN_POINT('',(-1.95,0.36,-2.795));
#2881=VECTOR('',#3945,1.0);
#2882=AXIS2_PLACEMENT_3D('',#3946,#3947,#3948);
#2883=CARTESIAN_POINT('',(-2.55,0.55,-2.285));
#2884=CARTESIAN_POINT('',(-2.55,0.36,-2.285));
#2885=VECTOR('',#3949,1.0);
#2886=CARTESIAN_POINT('',(-2.55,0.55,-2.795));
#2887=CARTESIAN_POINT('',(-2.55,0.36,-2.795));
#2888=VECTOR('',#3950,1.0);
#2889=CARTESIAN_POINT('',(-2.55,0.55,-2.795));
#2890=VECTOR('',#3951,1.0);
#2891=CARTESIAN_POINT('',(-5.97,0.55,-2.285));
#2892=CARTESIAN_POINT('',(-2.55,0.55,-2.285));
#2893=VECTOR('',#3952,1.0);
#2894=CARTESIAN_POINT('',(-5.97,0.55,-2.795));
#2895=CARTESIAN_POINT('',(-2.55,0.55,-2.795));
#2896=VECTOR('',#3953,1.0);
#2897=CARTESIAN_POINT('',(-5.97,0.55,-2.795));
#2898=VECTOR('',#3954,1.0);
#2899=CARTESIAN_POINT('',(-5.97,-0.21,-2.285));
#2900=AXIS2_PLACEMENT_3D('',#3955,#3956,#3957);
#2901=CARTESIAN_POINT('',(-5.97,-0.21,-2.795));
#2902=AXIS2_PLACEMENT_3D('',#3958,#3959,#3960);
#2903=CARTESIAN_POINT('',(-5.97,-0.21,-2.795));
#2904=VECTOR('',#3961,1.0);
#2905=CARTESIAN_POINT('',(-3.15,-0.21,-2.285));
#2906=CARTESIAN_POINT('',(-5.97,-0.21,-2.285));
#2907=VECTOR('',#3962,1.0);
#2908=CARTESIAN_POINT('',(-3.15,-0.21,-2.795));
#2909=CARTESIAN_POINT('',(-5.97,-0.21,-2.795));
#2910=VECTOR('',#3963,1.0);
#2911=CARTESIAN_POINT('',(-3.15,-0.21,-2.795));
#2912=VECTOR('',#3964,1.0);
#2913=CARTESIAN_POINT('',(-3.05,-0.31,-2.285));
#2914=AXIS2_PLACEMENT_3D('',#3965,#3966,#3967);
#2915=CARTESIAN_POINT('',(-3.05,-0.31,-2.795));
#2916=AXIS2_PLACEMENT_3D('',#3968,#3969,#3970);
#2917=CARTESIAN_POINT('',(-3.05,-0.31,-2.795));
#2918=VECTOR('',#3971,1.0);
#2919=CARTESIAN_POINT('',(-3.05,-0.398053238516173,-2.285));
#2920=CARTESIAN_POINT('',(-3.05,-0.31,-2.285));
#2921=VECTOR('',#3972,1.0);
#2922=CARTESIAN_POINT('',(-3.05,-0.398053238516173,-2.795));
#2923=CARTESIAN_POINT('',(-3.05,-0.31,-2.795));
#2924=VECTOR('',#3973,1.0);
#2925=CARTESIAN_POINT('',(-3.05,-0.398053238516173,-2.795));
#2926=VECTOR('',#3974,1.0);
#2927=CARTESIAN_POINT('',(-2.85,-0.598053238516173,-2.285));
#2928=AXIS2_PLACEMENT_3D('',#3975,#3976,#3977);
#2929=CARTESIAN_POINT('',(-2.85,-0.598053238516173,-2.795));
#2930=AXIS2_PLACEMENT_3D('',#3978,#3979,#3980);
#2931=CARTESIAN_POINT('',(-2.85,-0.598053238516173,-2.795));
#2932=VECTOR('',#3981,1.0);
#2933=CARTESIAN_POINT('',(1.32922931556316,-0.598053238516172,-2.285));
#2934=CARTESIAN_POINT('',(-2.85,-0.598053238516173,-2.285));
#2935=VECTOR('',#3982,1.0);
#2936=CARTESIAN_POINT('',(1.32922931556316,-0.598053238516172,-2.795));
#2937=CARTESIAN_POINT('',(-2.85,-0.598053238516173,-2.795));
#2938=VECTOR('',#3983,1.0);
#2939=CARTESIAN_POINT('',(1.32922931556316,-0.598053238516172,-2.795));
#2940=VECTOR('',#3984,1.0);
#2941=CARTESIAN_POINT('',(1.52922931556316,-0.398053238516173,-2.285));
#2942=AXIS2_PLACEMENT_3D('',#3985,#3986,#3987);
#2943=CARTESIAN_POINT('',(1.52922931556316,-0.398053238516173,-2.795));
#2944=AXIS2_PLACEMENT_3D('',#3988,#3989,#3990);
#2945=CARTESIAN_POINT('',(1.52922931556316,-0.398053238516173,-2.795));
#2946=VECTOR('',#3991,1.0);
#2947=CARTESIAN_POINT('',(-1.95,0.36,2.795));
#2948=AXIS2_PLACEMENT_3D('',#3992,#3993,#3994);
#2949=CARTESIAN_POINT('',(-1.95,0.36,2.285));
#2950=CARTESIAN_POINT('',(-1.95,0.36,2.285));
#2951=VECTOR('',#3995,1.0);
#2952=AXIS2_PLACEMENT_3D('',#3996,#3997,#3998);
#2953=CARTESIAN_POINT('',(-2.55,0.55,2.795));
#2954=CARTESIAN_POINT('',(-2.55,0.36,2.795));
#2955=VECTOR('',#3999,1.0);
#2956=CARTESIAN_POINT('',(-2.55,0.55,2.285));
#2957=CARTESIAN_POINT('',(-2.55,0.36,2.285));
#2958=VECTOR('',#4000,1.0);
#2959=CARTESIAN_POINT('',(-2.55,0.55,2.285));
#2960=VECTOR('',#4001,1.0);
#2961=CARTESIAN_POINT('',(-5.97,0.55,2.795));
#2962=CARTESIAN_POINT('',(-2.55,0.55,2.795));
#2963=VECTOR('',#4002,1.0);
#2964=CARTESIAN_POINT('',(-5.97,0.55,2.285));
#2965=CARTESIAN_POINT('',(-2.55,0.55,2.285));
#2966=VECTOR('',#4003,1.0);
#2967=CARTESIAN_POINT('',(-5.97,0.55,2.285));
#2968=VECTOR('',#4004,1.0);
#2969=CARTESIAN_POINT('',(-5.97,-0.21,2.795));
#2970=AXIS2_PLACEMENT_3D('',#4005,#4006,#4007);
#2971=CARTESIAN_POINT('',(-5.97,-0.21,2.285));
#2972=AXIS2_PLACEMENT_3D('',#4008,#4009,#4010);
#2973=CARTESIAN_POINT('',(-5.97,-0.21,2.285));
#2974=VECTOR('',#4011,1.0);
#2975=CARTESIAN_POINT('',(-3.15,-0.21,2.795));
#2976=CARTESIAN_POINT('',(-5.97,-0.21,2.795));
#2977=VECTOR('',#4012,1.0);
#2978=CARTESIAN_POINT('',(-3.15,-0.21,2.285));
#2979=CARTESIAN_POINT('',(-5.97,-0.21,2.285));
#2980=VECTOR('',#4013,1.0);
#2981=CARTESIAN_POINT('',(-3.15,-0.21,2.285));
#2982=VECTOR('',#4014,1.0);
#2983=CARTESIAN_POINT('',(-3.05,-0.31,2.795));
#2984=AXIS2_PLACEMENT_3D('',#4015,#4016,#4017);
#2985=CARTESIAN_POINT('',(-3.05,-0.31,2.285));
#2986=AXIS2_PLACEMENT_3D('',#4018,#4019,#4020);
#2987=CARTESIAN_POINT('',(-3.05,-0.31,2.285));
#2988=VECTOR('',#4021,1.0);
#2989=CARTESIAN_POINT('',(-3.05,-0.398053238516173,2.795));
#2990=CARTESIAN_POINT('',(-3.05,-0.31,2.795));
#2991=VECTOR('',#4022,1.0);
#2992=CARTESIAN_POINT('',(-3.05,-0.398053238516173,2.285));
#2993=CARTESIAN_POINT('',(-3.05,-0.31,2.285));
#2994=VECTOR('',#4023,1.0);
#2995=CARTESIAN_POINT('',(-3.05,-0.398053238516173,2.285));
#2996=VECTOR('',#4024,1.0);
#2997=CARTESIAN_POINT('',(-2.85,-0.598053238516173,2.795));
#2998=AXIS2_PLACEMENT_3D('',#4025,#4026,#4027);
#2999=CARTESIAN_POINT('',(-2.85,-0.598053238516173,2.285));
#3000=AXIS2_PLACEMENT_3D('',#4028,#4029,#4030);
#3001=CARTESIAN_POINT('',(-2.85,-0.598053238516173,2.285));
#3002=VECTOR('',#4031,1.0);
#3003=CARTESIAN_POINT('',(1.32922931556316,-0.598053238516172,2.795));
#3004=CARTESIAN_POINT('',(-2.85,-0.598053238516173,2.795));
#3005=VECTOR('',#4032,1.0);
#3006=CARTESIAN_POINT('',(1.32922931556316,-0.598053238516172,2.285));
#3007=CARTESIAN_POINT('',(-2.85,-0.598053238516173,2.285));
#3008=VECTOR('',#4033,1.0);
#3009=CARTESIAN_POINT('',(1.32922931556316,-0.598053238516172,2.285));
#3010=VECTOR('',#4034,1.0);
#3011=CARTESIAN_POINT('',(1.52922931556316,-0.398053238516173,2.795));
#3012=AXIS2_PLACEMENT_3D('',#4035,#4036,#4037);
#3013=CARTESIAN_POINT('',(1.52922931556316,-0.398053238516173,2.285));
#3014=AXIS2_PLACEMENT_3D('',#4038,#4039,#4040);
#3015=CARTESIAN_POINT('',(1.52922931556316,-0.398053238516173,2.285));
#3016=VECTOR('',#4041,1.0);
#3017=AXIS2_PLACEMENT_3D('',#4042,#4043,#4044);
#3018=CARTESIAN_POINT('',(-3.175,5.44999999999998,2.16));
#3019=CARTESIAN_POINT('',(-5.98,5.44999999999998,2.16));
#3020=CARTESIAN_POINT('',(-4.64625,5.44999999999998,2.16));
#3021=VECTOR('',#4045,1.0);
#3022=CARTESIAN_POINT('',(-5.98,5.44999999999998,2.92));
#3023=AXIS2_PLACEMENT_3D('',#4046,#4047,#4048);
#3024=CARTESIAN_POINT('',(-3.175,5.44999999999998,2.92));
#3025=CARTESIAN_POINT('',(-4.64625,5.44999999999998,2.92));
#3026=VECTOR('',#4049,1.0);
#3027=CARTESIAN_POINT('',(-3.175,5.44999999999998,-4.075));
#3028=VECTOR('',#4050,1.0);
#3029=CARTESIAN_POINT('',(-3.175,5.44999999999998,-2.92));
#3030=CARTESIAN_POINT('',(-5.98,5.44999999999998,-2.92));
#3031=CARTESIAN_POINT('',(-4.64625,5.44999999999998,-2.92));
#3032=VECTOR('',#4051,1.0);
#3033=CARTESIAN_POINT('',(-5.98,5.44999999999998,-2.16));
#3034=AXIS2_PLACEMENT_3D('',#4052,#4053,#4054);
#3035=CARTESIAN_POINT('',(-3.175,5.44999999999998,-2.16));
#3036=CARTESIAN_POINT('',(-4.64625,5.44999999999998,-2.16));
#3037=VECTOR('',#4055,1.0);
#3038=CARTESIAN_POINT('',(-3.175,5.44999999999998,-4.075));
#3039=VECTOR('',#4056,1.0);
#3040=CARTESIAN_POINT('',(-3.07,5.50717670016873,-2.92));
#3041=AXIS2_PLACEMENT_3D('',#4057,#4058,#4059);
#3042=CARTESIAN_POINT('',(-3.07,5.04999999999998,-2.92));
#3043=CARTESIAN_POINT('',(-3.07,8.89,-2.92));
#3044=VECTOR('',#4060,1.0);
#3045=CARTESIAN_POINT('',(-5.98,5.05000000000002,-2.92));
#3046=CARTESIAN_POINT('',(-4.57750000000002,5.05,-2.92));
#3047=VECTOR('',#4061,1.0);
#3048=CARTESIAN_POINT('',(-5.98,8.89,-2.92));
#3049=VECTOR('',#4062,1.0);
#3050=CARTESIAN_POINT('',(-5.98,5.05000000000002,-2.16));
#3051=AXIS2_PLACEMENT_3D('',#4063,#4064,#4065);
#3052=CARTESIAN_POINT('',(-5.98,8.89,-2.16));
#3053=VECTOR('',#4066,1.0);
#3054=CARTESIAN_POINT('',(-3.07,5.04999999999998,-2.16));
#3055=CARTESIAN_POINT('',(-4.57750000000002,5.05,-2.16));
#3056=VECTOR('',#4067,1.0);
#3057=CARTESIAN_POINT('',(-3.07,5.50717670016873,-2.16));
#3058=CARTESIAN_POINT('',(-3.07,8.89,-2.16));
#3059=VECTOR('',#4068,1.0);
#3060=AXIS2_PLACEMENT_3D('',#4069,#4070,#4071);
#3061=CARTESIAN_POINT('',(-3.07,5.50717670016873,2.16));
#3062=CARTESIAN_POINT('',(-3.07,5.50717670016873,0.0));
#3063=VECTOR('',#4072,1.0);
#3064=CARTESIAN_POINT('',(-3.07,5.04999999999998,2.16));
#3065=CARTESIAN_POINT('',(-3.07,5.04999999999998,-2.0375));
#3066=VECTOR('',#4073,1.0);
#3067=CARTESIAN_POINT('',(-3.07,8.89,2.16));
#3068=VECTOR('',#4074,1.0);
#3069=AXIS2_PLACEMENT_3D('',#4075,#4076,#4077);
#3070=CARTESIAN_POINT('',(-5.98,5.05000000000002,2.16));
#3071=CARTESIAN_POINT('',(-4.57750000000002,5.05,2.16));
#3072=VECTOR('',#4078,1.0);
#3073=CARTESIAN_POINT('',(-5.98,8.89,2.16));
#3074=VECTOR('',#4079,1.0);
#3075=CARTESIAN_POINT('',(-5.98,5.05000000000002,2.92));
#3076=AXIS2_PLACEMENT_3D('',#4080,#4081,#4082);
#3077=CARTESIAN_POINT('',(-5.98,8.89,2.92));
#3078=VECTOR('',#4083,1.0);
#3079=CARTESIAN_POINT('',(-3.07,5.04999999999998,2.92));
#3080=CARTESIAN_POINT('',(-4.57750000000002,5.05,2.92));
#3081=VECTOR('',#4084,1.0);
#3082=CARTESIAN_POINT('',(-3.07,5.50717670016873,2.92));
#3083=CARTESIAN_POINT('',(-3.07,8.89,2.92));
#3084=VECTOR('',#4085,1.0);
#3085=AXIS2_PLACEMENT_3D('',#4086,#4087,#4088);
#3086=CARTESIAN_POINT('',(-3.07,5.50717670016873,-4.075));
#3087=CARTESIAN_POINT('',(-3.07,5.50717670016873,-3.4975));
#3088=VECTOR('',#4089,1.0);
#3089=CARTESIAN_POINT('',(-3.07,5.04999999999998,-4.075));
#3090=CARTESIAN_POINT('',(-3.07,8.24717361043272,-4.075));
#3091=VECTOR('',#4090,1.0);
#3092=CARTESIAN_POINT('',(-3.07,5.04999999999998,-4.2475));
#3093=VECTOR('',#4091,1.0);
#3094=CARTESIAN_POINT('',(3.02,9.43,-1.5));
#3095=CARTESIAN_POINT('',(3.27,9.18,-1.5));
#3096=AXIS2_PLACEMENT_3D('',#4092,#4093,#4094);
#3097=CARTESIAN_POINT('',(3.27,9.18,-4.075));
#3098=CARTESIAN_POINT('',(3.27,9.18,-4.075));
#3099=VECTOR('',#4095,1.0);
#3100=CARTESIAN_POINT('',(3.02,9.43,-4.075));
#3101=AXIS2_PLACEMENT_3D('',#4096,#4097,#4098);
#3102=CARTESIAN_POINT('',(3.02,9.43,-4.075));
#3103=VECTOR('',#4099,1.0);
#3104=CARTESIAN_POINT('',(-1.13928767304033,0.5,0.255));
#3105=CARTESIAN_POINT('',(1.13928767304033,0.5,0.255));
#3106=CARTESIAN_POINT('',(-1.18265734426721,0.5,0.203180265995988));
#3107=CARTESIAN_POINT('',(-1.15166686488528,0.5,0.244090242980785));
#3108=CARTESIAN_POINT('',(-1.10886592752931,0.5,0.28837445736384));
#3109=CARTESIAN_POINT('',(-1.02807371620159,0.5,0.360546698802044));
#3110=CARTESIAN_POINT('',(-0.978429608227066,0.5,0.398623485877077));
#3111=CARTESIAN_POINT('',(-0.874302664076325,0.5,0.467637118003682));
#3112=CARTESIAN_POINT('',(-0.819830174366151,0.5,0.498589572409283));
#3113=CARTESIAN_POINT('',(-0.656733675430877,0.5,0.580444666373728));
#3114=CARTESIAN_POINT('',(-0.5278076449255,0.5,0.627676437416398));
#3115=CARTESIAN_POINT('',(-0.262182398324482,0.5,0.689219755846238));
#3116=CARTESIAN_POINT('',(-0.125473913865048,0.5,0.703491293478462));
#3117=CARTESIAN_POINT('',(0.125473913865049,0.5,0.703491293478462));
#3118=CARTESIAN_POINT('',(0.262182398324483,0.5,0.689219755846239));
#3119=CARTESIAN_POINT('',(0.527807644925501,0.5,0.627676437416399));
#3120=CARTESIAN_POINT('',(0.656733675430878,0.5,0.580444666373728));
#3121=CARTESIAN_POINT('',(0.819830174366152,0.5,0.498589572409283));
#3122=CARTESIAN_POINT('',(0.874302664076325,0.5,0.467637118003682));
#3123=CARTESIAN_POINT('',(0.978429608227066,0.5,0.398623485877077));
#3124=CARTESIAN_POINT('',(1.02807371620159,0.5,0.360546698802043));
#3125=CARTESIAN_POINT('',(1.10886592752931,0.5,0.288374457363839));
#3126=CARTESIAN_POINT('',(1.15166686488529,0.5,0.244090242980784));
#3127=CARTESIAN_POINT('',(1.18265734426721,0.5,0.203180265995987));
#3128=CARTESIAN_POINT('',(1.13928767304033,0.5,0.255));
#3129=CARTESIAN_POINT('',(1.11848602072706,0.477998154127904,0.255));
#3130=CARTESIAN_POINT('',(1.09659968886223,0.456692166618474,0.255));
#3131=CARTESIAN_POINT('',(1.0333165056204,0.400104233913643,0.255));
#3132=CARTESIAN_POINT('',(0.983454105689492,0.361802259027398,0.255));
#3133=CARTESIAN_POINT('',(0.878871312850598,0.292354866862203,0.255));
#3134=CARTESIAN_POINT('',(0.824160548143076,0.261194951294151,0.255));
#3135=CARTESIAN_POINT('',(0.660272139844527,0.17873748571855,0.255));
#3136=CARTESIAN_POINT('',(0.530675241088911,0.131123391762651,0.255));
#3137=CARTESIAN_POINT('',(0.263628902731144,0.0690749799133944,0.255));
#3138=CARTESIAN_POINT('',(0.126170109997661,0.0546809232694754,0.255));
#3139=CARTESIAN_POINT('',(-0.126170109997661,0.0546809232694754,0.255));
#3140=CARTESIAN_POINT('',(-0.263628902731144,0.0690749799133944,0.255));
#3141=CARTESIAN_POINT('',(-0.530675241088911,0.131123391762651,0.255));
#3142=CARTESIAN_POINT('',(-0.660272139844527,0.17873748571855,0.255));
#3143=CARTESIAN_POINT('',(-0.824160548143076,0.261194951294151,0.255));
#3144=CARTESIAN_POINT('',(-0.878871312850598,0.292354866862203,0.255));
#3145=CARTESIAN_POINT('',(-0.983454105689492,0.361802259027398,0.255));
#3146=CARTESIAN_POINT('',(-1.0333165056204,0.400104233913643,0.255));
#3147=CARTESIAN_POINT('',(-1.09659968886222,0.456692166618474,0.255));
#3148=CARTESIAN_POINT('',(-1.11863006698036,0.477863631545308,0.255));
#3149=CARTESIAN_POINT('',(-1.13928767304033,0.5,0.255));
#3150=CARTESIAN_POINT('',(-1.95,0.5,0.255));
#3151=CARTESIAN_POINT('',(-0.951695477186877,0.5,0.255));
#3152=VECTOR('',#4100,1.0);
#3153=CARTESIAN_POINT('',(-1.95,0.36,0.255));
#3154=VECTOR('',#4101,1.0);
#3155=CARTESIAN_POINT('',(1.52922931556316,0.5,0.255));
#3156=CARTESIAN_POINT('',(1.52922931556316,2.55,0.255));
#3157=VECTOR('',#4102,1.0);
#3158=CARTESIAN_POINT('',(-0.951695477186877,0.5,0.255));
#3159=VECTOR('',#4103,1.0);
#3160=CARTESIAN_POINT('',(-1.95,0.5,-0.255));
#3161=CARTESIAN_POINT('',(-1.95,0.5,-0.1275));
#3162=VECTOR('',#4104,1.0);
#3163=CARTESIAN_POINT('',(-1.95,0.36,-0.255));
#3164=VECTOR('',#4105,1.0);
#3165=CARTESIAN_POINT('',(1.13928767304033,0.5,-0.255));
#3166=CARTESIAN_POINT('',(-1.13928767304033,0.5,-0.255));
#3167=CARTESIAN_POINT('',(1.18265734426721,0.5,-0.203180265995987));
#3168=CARTESIAN_POINT('',(1.15166686488529,0.5,-0.244090242980784));
#3169=CARTESIAN_POINT('',(1.10886592752931,0.5,-0.288374457363839));
#3170=CARTESIAN_POINT('',(1.02807371620159,0.5,-0.360546698802043));
#3171=CARTESIAN_POINT('',(0.978429608227066,0.5,-0.398623485877077));
#3172=CARTESIAN_POINT('',(0.874302664076325,0.5,-0.467637118003682));
#3173=CARTESIAN_POINT('',(0.819830174366152,0.5,-0.498589572409283));
#3174=CARTESIAN_POINT('',(0.656733675430878,0.5,-0.580444666373728));
#3175=CARTESIAN_POINT('',(0.527807644925501,0.5,-0.627676437416399));
#3176=CARTESIAN_POINT('',(0.262182398324483,0.5,-0.689219755846239));
#3177=CARTESIAN_POINT('',(0.125473913865049,0.5,-0.703491293478462));
#3178=CARTESIAN_POINT('',(-0.125473913865048,0.5,-0.703491293478462));
#3179=CARTESIAN_POINT('',(-0.262182398324482,0.5,-0.689219755846238));
#3180=CARTESIAN_POINT('',(-0.5278076449255,0.5,-0.627676437416398));
#3181=CARTESIAN_POINT('',(-0.656733675430877,0.5,-0.580444666373728));
#3182=CARTESIAN_POINT('',(-0.819830174366151,0.5,-0.498589572409283));
#3183=CARTESIAN_POINT('',(-0.874302664076324,0.5,-0.467637118003682));
#3184=CARTESIAN_POINT('',(-0.978429608227066,0.5,-0.398623485877077));
#3185=CARTESIAN_POINT('',(-1.02807371620159,0.5,-0.360546698802044));
#3186=CARTESIAN_POINT('',(-1.10886592752931,0.5,-0.28837445736384));
#3187=CARTESIAN_POINT('',(-1.15166686488528,0.5,-0.244090242980785));
#3188=CARTESIAN_POINT('',(-1.18265734426721,0.5,-0.203180265995988));
#3189=CARTESIAN_POINT('',(-1.13928767304033,0.500000000000001,-0.255));
#3190=CARTESIAN_POINT('',(-1.11848602072706,0.477998154127904,-0.255));
#3191=CARTESIAN_POINT('',(-1.09659968886222,0.456692166618474,-0.255));
#3192=CARTESIAN_POINT('',(-1.0333165056204,0.400104233913643,-0.255));
#3193=CARTESIAN_POINT('',(-0.983454105689492,0.361802259027398,-0.255));
#3194=CARTESIAN_POINT('',(-0.878871312850598,0.292354866862204,-0.255));
#3195=CARTESIAN_POINT('',(-0.824160548143076,0.261194951294151,-0.255));
#3196=CARTESIAN_POINT('',(-0.660272139844527,0.17873748571855,-0.255));
#3197=CARTESIAN_POINT('',(-0.530675241088912,0.131123391762651,-0.255));
#3198=CARTESIAN_POINT('',(-0.263628902731144,0.0690749799133945,-0.255));
#3199=CARTESIAN_POINT('',(-0.126170109997661,0.0546809232694754,-0.255));
#3200=CARTESIAN_POINT('',(0.126170109997661,0.0546809232694754,-0.255));
#3201=CARTESIAN_POINT('',(0.263628902731145,0.0690749799133943,-0.255));
#3202=CARTESIAN_POINT('',(0.530675241088911,0.131123391762651,-0.255));
#3203=CARTESIAN_POINT('',(0.660272139844527,0.17873748571855,-0.255));
#3204=CARTESIAN_POINT('',(0.824160548143076,0.261194951294151,-0.255));
#3205=CARTESIAN_POINT('',(0.878871312850599,0.292354866862203,-0.255));
#3206=CARTESIAN_POINT('',(0.983454105689493,0.361802259027399,-0.255));
#3207=CARTESIAN_POINT('',(1.0333165056204,0.400104233913643,-0.255));
#3208=CARTESIAN_POINT('',(1.09659968886222,0.456692166618474,-0.255));
#3209=CARTESIAN_POINT('',(1.11863006698036,0.477863631545308,-0.255));
#3210=CARTESIAN_POINT('',(1.13928767304033,0.5,-0.255));
#3211=CARTESIAN_POINT('',(-0.951695477186877,0.5,-0.255));
#3212=VECTOR('',#4106,1.0);
#3213=CARTESIAN_POINT('',(1.52922931556316,0.5,-0.255));
#3214=CARTESIAN_POINT('',(-0.951695477186877,0.5,-0.255));
#3215=VECTOR('',#4107,1.0);
#3216=CARTESIAN_POINT('',(1.52922931556316,2.55,-0.255));
#3217=VECTOR('',#4108,1.0);
#3218=CARTESIAN_POINT('',(1.52922931556316,0.5,-0.1275));
#3219=VECTOR('',#4109,1.0);
#3220=CARTESIAN_POINT('',(-1.13928767304033,0.5,-2.285));
#3221=CARTESIAN_POINT('',(1.13928767304033,0.5,-2.285));
#3222=CARTESIAN_POINT('',(-1.18265734426721,0.5,-2.33681973400401));
#3223=CARTESIAN_POINT('',(-1.15166686488528,0.5,-2.29590975701922));
#3224=CARTESIAN_POINT('',(-1.10886592752931,0.5,-2.25162554263616));
#3225=CARTESIAN_POINT('',(-1.02807371620159,0.5,-2.17945330119796));
#3226=CARTESIAN_POINT('',(-0.978429608227066,0.5,-2.14137651412292));
#3227=CARTESIAN_POINT('',(-0.874302664076324,0.5,-2.07236288199632));
#3228=CARTESIAN_POINT('',(-0.819830174366151,0.5,-2.04141042759072));
#3229=CARTESIAN_POINT('',(-0.656733675430877,0.5,-1.95955533362627));
#3230=CARTESIAN_POINT('',(-0.5278076449255,0.5,-1.9123235625836));
#3231=CARTESIAN_POINT('',(-0.262182398324482,0.5,-1.85078024415376));
#3232=CARTESIAN_POINT('',(-0.125473913865048,0.5,-1.83650870652154));
#3233=CARTESIAN_POINT('',(0.125473913865049,0.5,-1.83650870652154));
#3234=CARTESIAN_POINT('',(0.262182398324483,0.5,-1.85078024415376));
#3235=CARTESIAN_POINT('',(0.527807644925501,0.5,-1.9123235625836));
#3236=CARTESIAN_POINT('',(0.656733675430878,0.5,-1.95955533362627));
#3237=CARTESIAN_POINT('',(0.819830174366152,0.5,-2.04141042759072));
#3238=CARTESIAN_POINT('',(0.874302664076325,0.5,-2.07236288199632));
#3239=CARTESIAN_POINT('',(0.978429608227067,0.5,-2.14137651412292));
#3240=CARTESIAN_POINT('',(1.02807371620159,0.5,-2.17945330119796));
#3241=CARTESIAN_POINT('',(1.10886592752931,0.5,-2.25162554263616));
#3242=CARTESIAN_POINT('',(1.15166686488529,0.5,-2.29590975701922));
#3243=CARTESIAN_POINT('',(1.18265734426721,0.5,-2.33681973400401));
#3244=CARTESIAN_POINT('',(1.13928767304033,0.5,-2.285));
#3245=CARTESIAN_POINT('',(1.11848602072706,0.477998154127904,-2.285));
#3246=CARTESIAN_POINT('',(1.09659968886223,0.456692166618474,-2.285));
#3247=CARTESIAN_POINT('',(1.0333165056204,0.400104233913643,-2.285));
#3248=CARTESIAN_POINT('',(0.983454105689492,0.361802259027398,-2.285));
#3249=CARTESIAN_POINT('',(0.878871312850598,0.292354866862203,-2.285));
#3250=CARTESIAN_POINT('',(0.824160548143076,0.261194951294151,-2.285));
#3251=CARTESIAN_POINT('',(0.660272139844527,0.17873748571855,-2.285));
#3252=CARTESIAN_POINT('',(0.530675241088911,0.131123391762651,-2.285));
#3253=CARTESIAN_POINT('',(0.263628902731144,0.0690749799133944,-2.285));
#3254=CARTESIAN_POINT('',(0.126170109997661,0.0546809232694754,-2.285));
#3255=CARTESIAN_POINT('',(-0.126170109997661,0.0546809232694754,-2.285));
#3256=CARTESIAN_POINT('',(-0.263628902731144,0.0690749799133944,-2.285));
#3257=CARTESIAN_POINT('',(-0.530675241088911,0.131123391762651,-2.285));
#3258=CARTESIAN_POINT('',(-0.660272139844527,0.17873748571855,-2.285));
#3259=CARTESIAN_POINT('',(-0.824160548143076,0.261194951294151,-2.285));
#3260=CARTESIAN_POINT('',(-0.878871312850598,0.292354866862203,-2.285));
#3261=CARTESIAN_POINT('',(-0.983454105689492,0.361802259027398,-2.285));
#3262=CARTESIAN_POINT('',(-1.0333165056204,0.400104233913643,-2.285));
#3263=CARTESIAN_POINT('',(-1.09659968886222,0.456692166618474,-2.285));
#3264=CARTESIAN_POINT('',(-1.11863006698036,0.477863631545308,-2.285));
#3265=CARTESIAN_POINT('',(-1.13928767304033,0.5,-2.285));
#3266=CARTESIAN_POINT('',(-1.95,0.5,-2.285));
#3267=CARTESIAN_POINT('',(-0.951695477186877,0.5,-2.285));
#3268=VECTOR('',#4110,1.0);
#3269=CARTESIAN_POINT('',(-1.95,0.36,-2.285));
#3270=VECTOR('',#4111,1.0);
#3271=CARTESIAN_POINT('',(1.52922931556316,0.5,-2.285));
#3272=CARTESIAN_POINT('',(1.52922931556316,2.55,-2.285));
#3273=VECTOR('',#4112,1.0);
#3274=CARTESIAN_POINT('',(-0.951695477186877,0.5,-2.285));
#3275=VECTOR('',#4113,1.0);
#3276=CARTESIAN_POINT('',(-1.95,0.5,-2.795));
#3277=CARTESIAN_POINT('',(-1.95,0.5,-1.3975));
#3278=VECTOR('',#4114,1.0);
#3279=CARTESIAN_POINT('',(-1.95,0.36,-2.795));
#3280=VECTOR('',#4115,1.0);
#3281=CARTESIAN_POINT('',(1.13928767304033,0.5,-2.795));
#3282=CARTESIAN_POINT('',(-1.13928767304033,0.5,-2.795));
#3283=CARTESIAN_POINT('',(1.18265734426721,0.5,-2.74318026599599));
#3284=CARTESIAN_POINT('',(1.15166686488529,0.5,-2.78409024298078));
#3285=CARTESIAN_POINT('',(1.10886592752931,0.5,-2.82837445736384));
#3286=CARTESIAN_POINT('',(1.02807371620159,0.5,-2.90054669880204));
#3287=CARTESIAN_POINT('',(0.978429608227067,0.5,-2.93862348587708));
#3288=CARTESIAN_POINT('',(0.874302664076325,0.5,-3.00763711800368));
#3289=CARTESIAN_POINT('',(0.819830174366152,0.5,-3.03858957240928));
#3290=CARTESIAN_POINT('',(0.656733675430878,0.5,-3.12044466637373));
#3291=CARTESIAN_POINT('',(0.5278076449255,0.5,-3.1676764374164));
#3292=CARTESIAN_POINT('',(0.262182398324483,0.5,-3.22921975584624));
#3293=CARTESIAN_POINT('',(0.125473913865049,0.5,-3.24349129347846));
#3294=CARTESIAN_POINT('',(-0.125473913865048,0.5,-3.24349129347846));
#3295=CARTESIAN_POINT('',(-0.262182398324482,0.5,-3.22921975584624));
#3296=CARTESIAN_POINT('',(-0.5278076449255,0.5,-3.1676764374164));
#3297=CARTESIAN_POINT('',(-0.656733675430877,0.5,-3.12044466637373));
#3298=CARTESIAN_POINT('',(-0.819830174366151,0.5,-3.03858957240928));
#3299=CARTESIAN_POINT('',(-0.874302664076324,0.5,-3.00763711800368));
#3300=CARTESIAN_POINT('',(-0.978429608227066,0.5,-2.93862348587708));
#3301=CARTESIAN_POINT('',(-1.02807371620159,0.5,-2.90054669880204));
#3302=CARTESIAN_POINT('',(-1.10886592752931,0.5,-2.82837445736384));
#3303=CARTESIAN_POINT('',(-1.15166686488528,0.5,-2.78409024298078));
#3304=CARTESIAN_POINT('',(-1.18265734426721,0.5,-2.74318026599599));
#3305=CARTESIAN_POINT('',(-1.13928767304033,0.5,-2.795));
#3306=CARTESIAN_POINT('',(-1.11848602072706,0.477998154127904,-2.795));
#3307=CARTESIAN_POINT('',(-1.09659968886222,0.456692166618474,-2.795));
#3308=CARTESIAN_POINT('',(-1.0333165056204,0.400104233913643,-2.795));
#3309=CARTESIAN_POINT('',(-0.983454105689492,0.361802259027398,-2.795));
#3310=CARTESIAN_POINT('',(-0.878871312850598,0.292354866862204,-2.795));
#3311=CARTESIAN_POINT('',(-0.824160548143076,0.261194951294151,-2.795));
#3312=CARTESIAN_POINT('',(-0.660272139844527,0.17873748571855,-2.795));
#3313=CARTESIAN_POINT('',(-0.530675241088912,0.131123391762651,-2.795));
#3314=CARTESIAN_POINT('',(-0.263628902731144,0.0690749799133945,-2.795));
#3315=CARTESIAN_POINT('',(-0.126170109997661,0.0546809232694754,-2.795));
#3316=CARTESIAN_POINT('',(0.126170109997661,0.0546809232694754,-2.795));
#3317=CARTESIAN_POINT('',(0.263628902731145,0.0690749799133943,-2.795));
#3318=CARTESIAN_POINT('',(0.530675241088911,0.131123391762651,-2.795));
#3319=CARTESIAN_POINT('',(0.660272139844527,0.17873748571855,-2.795));
#3320=CARTESIAN_POINT('',(0.824160548143076,0.261194951294151,-2.795));
#3321=CARTESIAN_POINT('',(0.878871312850599,0.292354866862203,-2.795));
#3322=CARTESIAN_POINT('',(0.983454105689493,0.361802259027399,-2.795));
#3323=CARTESIAN_POINT('',(1.0333165056204,0.400104233913643,-2.795));
#3324=CARTESIAN_POINT('',(1.09659968886223,0.456692166618474,-2.795));
#3325=CARTESIAN_POINT('',(1.11863006698036,0.477863631545308,-2.795));
#3326=CARTESIAN_POINT('',(1.13928767304033,0.5,-2.795));
#3327=CARTESIAN_POINT('',(-0.951695477186877,0.5,-2.795));
#3328=VECTOR('',#4116,1.0);
#3329=CARTESIAN_POINT('',(1.52922931556316,0.5,-2.795));
#3330=CARTESIAN_POINT('',(-0.951695477186877,0.5,-2.795));
#3331=VECTOR('',#4117,1.0);
#3332=CARTESIAN_POINT('',(1.52922931556316,2.55,-2.795));
#3333=VECTOR('',#4118,1.0);
#3334=CARTESIAN_POINT('',(1.52922931556316,0.5,-1.3975));
#3335=VECTOR('',#4119,1.0);
#3336=CARTESIAN_POINT('',(-1.13928767304033,0.5,2.795));
#3337=CARTESIAN_POINT('',(1.13928767304033,0.5,2.795));
#3338=CARTESIAN_POINT('',(-1.18265734426721,0.5,2.74318026599599));
#3339=CARTESIAN_POINT('',(-1.15166686488528,0.5,2.78409024298078));
#3340=CARTESIAN_POINT('',(-1.10886592752931,0.5,2.82837445736384));
#3341=CARTESIAN_POINT('',(-1.02807371620159,0.5,2.90054669880204));
#3342=CARTESIAN_POINT('',(-0.978429608227066,0.5,2.93862348587708));
#3343=CARTESIAN_POINT('',(-0.874302664076325,0.5,3.00763711800368));
#3344=CARTESIAN_POINT('',(-0.819830174366151,0.5,3.03858957240928));
#3345=CARTESIAN_POINT('',(-0.656733675430877,0.5,3.12044466637373));
#3346=CARTESIAN_POINT('',(-0.5278076449255,0.5,3.1676764374164));
#3347=CARTESIAN_POINT('',(-0.262182398324482,0.5,3.22921975584624));
#3348=CARTESIAN_POINT('',(-0.125473913865048,0.5,3.24349129347846));
#3349=CARTESIAN_POINT('',(0.125473913865049,0.5,3.24349129347846));
#3350=CARTESIAN_POINT('',(0.262182398324483,0.5,3.22921975584624));
#3351=CARTESIAN_POINT('',(0.5278076449255,0.5,3.1676764374164));
#3352=CARTESIAN_POINT('',(0.656733675430878,0.5,3.12044466637373));
#3353=CARTESIAN_POINT('',(0.819830174366152,0.5,3.03858957240928));
#3354=CARTESIAN_POINT('',(0.874302664076325,0.5,3.00763711800368));
#3355=CARTESIAN_POINT('',(0.978429608227067,0.5,2.93862348587708));
#3356=CARTESIAN_POINT('',(1.02807371620159,0.5,2.90054669880204));
#3357=CARTESIAN_POINT('',(1.10886592752931,0.5,2.82837445736384));
#3358=CARTESIAN_POINT('',(1.15166686488529,0.5,2.78409024298078));
#3359=CARTESIAN_POINT('',(1.18265734426721,0.5,2.74318026599599));
#3360=CARTESIAN_POINT('',(1.13928767304033,0.5,2.795));
#3361=CARTESIAN_POINT('',(1.11848602072706,0.477998154127904,2.795));
#3362=CARTESIAN_POINT('',(1.09659968886223,0.456692166618474,2.795));
#3363=CARTESIAN_POINT('',(1.0333165056204,0.400104233913643,2.795));
#3364=CARTESIAN_POINT('',(0.983454105689492,0.361802259027398,2.795));
#3365=CARTESIAN_POINT('',(0.878871312850598,0.292354866862203,2.795));
#3366=CARTESIAN_POINT('',(0.824160548143076,0.261194951294151,2.795));
#3367=CARTESIAN_POINT('',(0.660272139844527,0.17873748571855,2.795));
#3368=CARTESIAN_POINT('',(0.530675241088911,0.131123391762651,2.795));
#3369=CARTESIAN_POINT('',(0.263628902731144,0.0690749799133944,2.795));
#3370=CARTESIAN_POINT('',(0.126170109997661,0.0546809232694754,2.795));
#3371=CARTESIAN_POINT('',(-0.126170109997661,0.0546809232694754,2.795));
#3372=CARTESIAN_POINT('',(-0.263628902731144,0.0690749799133944,2.795));
#3373=CARTESIAN_POINT('',(-0.530675241088911,0.131123391762651,2.795));
#3374=CARTESIAN_POINT('',(-0.660272139844527,0.17873748571855,2.795));
#3375=CARTESIAN_POINT('',(-0.824160548143076,0.261194951294151,2.795));
#3376=CARTESIAN_POINT('',(-0.878871312850598,0.292354866862203,2.795));
#3377=CARTESIAN_POINT('',(-0.983454105689492,0.361802259027398,2.795));
#3378=CARTESIAN_POINT('',(-1.0333165056204,0.400104233913643,2.795));
#3379=CARTESIAN_POINT('',(-1.09659968886222,0.456692166618474,2.795));
#3380=CARTESIAN_POINT('',(-1.11863006698036,0.477863631545308,2.795));
#3381=CARTESIAN_POINT('',(-1.13928767304033,0.5,2.795));
#3382=CARTESIAN_POINT('',(-1.95,0.5,2.795));
#3383=CARTESIAN_POINT('',(-0.951695477186877,0.5,2.795));
#3384=VECTOR('',#4120,1.0);
#3385=CARTESIAN_POINT('',(-1.95,0.36,2.795));
#3386=VECTOR('',#4121,1.0);
#3387=CARTESIAN_POINT('',(1.52922931556316,0.5,2.795));
#3388=CARTESIAN_POINT('',(1.52922931556316,2.55,2.795));
#3389=VECTOR('',#4122,1.0);
#3390=CARTESIAN_POINT('',(-0.951695477186877,0.5,2.795));
#3391=VECTOR('',#4123,1.0);
#3392=CARTESIAN_POINT('',(-1.95,0.5,2.285));
#3393=CARTESIAN_POINT('',(-1.95,0.5,1.1425));
#3394=VECTOR('',#4124,1.0);
#3395=CARTESIAN_POINT('',(-1.95,0.36,2.285));
#3396=VECTOR('',#4125,1.0);
#3397=CARTESIAN_POINT('',(1.13928767304033,0.5,2.285));
#3398=CARTESIAN_POINT('',(-1.13928767304033,0.5,2.285));
#3399=CARTESIAN_POINT('',(1.18265734426721,0.5,2.33681973400401));
#3400=CARTESIAN_POINT('',(1.15166686488529,0.5,2.29590975701922));
#3401=CARTESIAN_POINT('',(1.10886592752931,0.5,2.25162554263616));
#3402=CARTESIAN_POINT('',(1.02807371620159,0.5,2.17945330119796));
#3403=CARTESIAN_POINT('',(0.978429608227067,0.5,2.14137651412292));
#3404=CARTESIAN_POINT('',(0.874302664076325,0.5,2.07236288199632));
#3405=CARTESIAN_POINT('',(0.819830174366152,0.5,2.04141042759072));
#3406=CARTESIAN_POINT('',(0.656733675430878,0.5,1.95955533362627));
#3407=CARTESIAN_POINT('',(0.527807644925501,0.5,1.9123235625836));
#3408=CARTESIAN_POINT('',(0.262182398324483,0.5,1.85078024415376));
#3409=CARTESIAN_POINT('',(0.125473913865049,0.5,1.83650870652154));
#3410=CARTESIAN_POINT('',(-0.125473913865048,0.5,1.83650870652154));
#3411=CARTESIAN_POINT('',(-0.262182398324482,0.5,1.85078024415376));
#3412=CARTESIAN_POINT('',(-0.5278076449255,0.5,1.9123235625836));
#3413=CARTESIAN_POINT('',(-0.656733675430877,0.5,1.95955533362627));
#3414=CARTESIAN_POINT('',(-0.819830174366151,0.5,2.04141042759072));
#3415=CARTESIAN_POINT('',(-0.874302664076324,0.5,2.07236288199632));
#3416=CARTESIAN_POINT('',(-0.978429608227066,0.5,2.14137651412292));
#3417=CARTESIAN_POINT('',(-1.02807371620159,0.5,2.17945330119796));
#3418=CARTESIAN_POINT('',(-1.10886592752931,0.5,2.25162554263616));
#3419=CARTESIAN_POINT('',(-1.15166686488528,0.5,2.29590975701922));
#3420=CARTESIAN_POINT('',(-1.18265734426721,0.5,2.33681973400401));
#3421=CARTESIAN_POINT('',(-1.13928767304033,0.5,2.285));
#3422=CARTESIAN_POINT('',(-1.11848602072706,0.477998154127904,2.285));
#3423=CARTESIAN_POINT('',(-1.09659968886222,0.456692166618474,2.285));
#3424=CARTESIAN_POINT('',(-1.0333165056204,0.400104233913643,2.285));
#3425=CARTESIAN_POINT('',(-0.983454105689492,0.361802259027398,2.285));
#3426=CARTESIAN_POINT('',(-0.878871312850598,0.292354866862204,2.285));
#3427=CARTESIAN_POINT('',(-0.824160548143076,0.261194951294151,2.285));
#3428=CARTESIAN_POINT('',(-0.660272139844527,0.17873748571855,2.285));
#3429=CARTESIAN_POINT('',(-0.530675241088912,0.131123391762651,2.285));
#3430=CARTESIAN_POINT('',(-0.263628902731144,0.0690749799133945,2.285));
#3431=CARTESIAN_POINT('',(-0.126170109997661,0.0546809232694754,2.285));
#3432=CARTESIAN_POINT('',(0.126170109997661,0.0546809232694754,2.285));
#3433=CARTESIAN_POINT('',(0.263628902731145,0.0690749799133943,2.285));
#3434=CARTESIAN_POINT('',(0.530675241088911,0.131123391762651,2.285));
#3435=CARTESIAN_POINT('',(0.660272139844527,0.17873748571855,2.285));
#3436=CARTESIAN_POINT('',(0.824160548143076,0.261194951294151,2.285));
#3437=CARTESIAN_POINT('',(0.878871312850599,0.292354866862203,2.285));
#3438=CARTESIAN_POINT('',(0.983454105689493,0.361802259027399,2.285));
#3439=CARTESIAN_POINT('',(1.0333165056204,0.400104233913643,2.285));
#3440=CARTESIAN_POINT('',(1.09659968886223,0.456692166618474,2.285));
#3441=CARTESIAN_POINT('',(1.11863006698036,0.477863631545308,2.285));
#3442=CARTESIAN_POINT('',(1.13928767304033,0.5,2.285));
#3443=CARTESIAN_POINT('',(-0.951695477186877,0.5,2.285));
#3444=VECTOR('',#4126,1.0);
#3445=CARTESIAN_POINT('',(1.52922931556316,0.5,2.285));
#3446=CARTESIAN_POINT('',(-0.951695477186877,0.5,2.285));
#3447=VECTOR('',#4127,1.0);
#3448=CARTESIAN_POINT('',(1.52922931556316,2.55,2.285));
#3449=VECTOR('',#4128,1.0);
#3450=CARTESIAN_POINT('',(1.52922931556316,0.5,1.1425));
#3451=VECTOR('',#4129,1.0);
#3452=CARTESIAN_POINT('',(-2.04,0.5,-3.565));
#3453=CARTESIAN_POINT('',(-2.04,0.0,-3.565));
#3454=CARTESIAN_POINT('',(-2.04,-0.25,-3.565));
#3455=VECTOR('',#4130,1.0);
#3456=CARTESIAN_POINT('',(-2.04,0.0,-4.065));
#3457=CARTESIAN_POINT('',(-2.04,0.0,0.0));
#3458=VECTOR('',#4131,1.0);
#3459=CARTESIAN_POINT('',(-2.04,0.5,-4.065));
#3460=CARTESIAN_POINT('',(-2.04,2.0975,-4.065));
#3461=VECTOR('',#4132,1.0);
#3462=CARTESIAN_POINT('',(-2.04,0.5,0.0));
#3463=VECTOR('',#4133,1.0);
#3464=CARTESIAN_POINT('',(2.04,0.0,-3.565));
#3465=CARTESIAN_POINT('',(2.04,0.5,-3.565));
#3466=CARTESIAN_POINT('',(2.04,-0.25,-3.565));
#3467=VECTOR('',#4134,1.0);
#3468=CARTESIAN_POINT('',(2.04,0.5,-4.065));
#3469=CARTESIAN_POINT('',(2.04,0.5,0.0));
#3470=VECTOR('',#4135,1.0);
#3471=CARTESIAN_POINT('',(2.04,0.0,-4.065));
#3472=CARTESIAN_POINT('',(2.04,2.0975,-4.065));
#3473=VECTOR('',#4136,1.0);
#3474=CARTESIAN_POINT('',(2.04,0.0,0.0));
#3475=VECTOR('',#4137,1.0);
#3476=CARTESIAN_POINT('',(-3.05,9.18,-1.5));
#3477=CARTESIAN_POINT('',(-2.8,9.43,-1.5));
#3478=AXIS2_PLACEMENT_3D('',#4138,#4139,#4140);
#3479=CARTESIAN_POINT('',(-2.8,9.43,-4.075));
#3480=CARTESIAN_POINT('',(-2.8,9.43,-4.075));
#3481=VECTOR('',#4141,1.0);
#3482=CARTESIAN_POINT('',(-3.05,9.18,-4.075));
#3483=AXIS2_PLACEMENT_3D('',#4142,#4143,#4144);
#3484=CARTESIAN_POINT('',(-3.05,9.18,-4.075));
#3485=VECTOR('',#4145,1.0);
#3486=CARTESIAN_POINT('',(-1.93713706278105,9.43,-1.5));
#3487=CARTESIAN_POINT('',(1.93713706278105,9.43,-1.5));
#3488=AXIS2_PLACEMENT_3D('',#4146,#4147,#4148);
#3489=CARTESIAN_POINT('',(0.055,9.43,-1.5));
#3490=VECTOR('',#4149,1.0);
#3491=CARTESIAN_POINT('',(3.02,9.43,-4.075));
#3492=VECTOR('',#4150,1.0);
#3493=CARTESIAN_POINT('',(0.055,9.43,-1.5));
#3494=VECTOR('',#4151,1.0);
#3495=AXIS2_PLACEMENT_3D('',#4152,#4153,#4154);
#3496=CARTESIAN_POINT('',(1.93713706278105,8.89,-1.5));
#3497=CARTESIAN_POINT('',(-1.93713706278105,8.89,-1.5));
#3498=AXIS2_PLACEMENT_3D('',#4155,#4156,#4157);
#3499=CARTESIAN_POINT('',(1.93713706278105,9.11,-1.5));
#3500=VECTOR('',#4158,1.0);
#3501=CARTESIAN_POINT('',(-1.93713706278105,9.11,-1.5));
#3502=VECTOR('',#4159,1.0);
#3503=CARTESIAN_POINT('',(-3.05,8.79,1.5));
#3504=CARTESIAN_POINT('',(-3.05,8.79,-1.5));
#3505=CARTESIAN_POINT('',(-3.05,8.79,-2.0375));
#3506=VECTOR('',#4160,1.0);
#3507=CARTESIAN_POINT('',(-2.65,8.79,1.5));
#3508=CARTESIAN_POINT('',(0.0,8.79,1.5));
#3509=VECTOR('',#4161,1.0);
#3510=CARTESIAN_POINT('',(-2.65,8.79,-1.5));
#3511=CARTESIAN_POINT('',(-2.65,8.79,-2.0375));
#3512=VECTOR('',#4162,1.0);
#3513=CARTESIAN_POINT('',(0.0,8.79,-1.5));
#3514=VECTOR('',#4163,1.0);
#3515=CARTESIAN_POINT('',(-3.07,5.50717670016873,4.075));
#3516=CARTESIAN_POINT('',(-3.07,5.50717670016873,3.4975));
#3517=VECTOR('',#4164,1.0);
#3518=CARTESIAN_POINT('',(-3.05,5.57499999999998,4.075));
#3519=AXIS2_PLACEMENT_3D('',#4165,#4166,#4167);
#3520=CARTESIAN_POINT('',(-3.05,5.57499999999998,-4.075));
#3521=CARTESIAN_POINT('',(-3.05,5.57499999999998,-4.075));
#3522=VECTOR('',#4168,1.0);
#3523=AXIS2_PLACEMENT_3D('',#4169,#4170,#4171);
#3524=CARTESIAN_POINT('',(-3.05,9.18,1.5));
#3525=CARTESIAN_POINT('',(-3.05,9.33374999999999,1.5));
#3526=VECTOR('',#4172,1.0);
#3527=CARTESIAN_POINT('',(-3.05,9.33374999999999,-1.5));
#3528=VECTOR('',#4173,1.0);
#3529=CARTESIAN_POINT('',(-3.05,9.18,-4.075));
#3530=VECTOR('',#4174,1.0);
#3531=CARTESIAN_POINT('',(-3.05,9.18,4.075));
#3532=CARTESIAN_POINT('',(-3.05,9.18,4.075));
#3533=VECTOR('',#4175,1.0);
#3534=CARTESIAN_POINT('',(-3.05,9.18,-4.075));
#3535=VECTOR('',#4176,1.0);
#3536=CARTESIAN_POINT('',(-2.8,9.43,1.5));
#3537=AXIS2_PLACEMENT_3D('',#4177,#4178,#4179);
#3538=CARTESIAN_POINT('',(-2.8,9.43,4.075));
#3539=AXIS2_PLACEMENT_3D('',#4180,#4181,#4182);
#3540=CARTESIAN_POINT('',(-2.8,9.43,-4.075));
#3541=VECTOR('',#4183,1.0);
#3542=CARTESIAN_POINT('',(-2.65,5.29999999999998,4.075));
#3543=CARTESIAN_POINT('',(-2.9,5.04999999999998,4.075));
#3544=AXIS2_PLACEMENT_3D('',#4184,#4185,#4186);
#3545=CARTESIAN_POINT('',(-2.9,5.04999999999998,-4.075));
#3546=CARTESIAN_POINT('',(-2.9,5.04999999999998,-4.075));
#3547=VECTOR('',#4187,1.0);
#3548=CARTESIAN_POINT('',(-2.65,5.29999999999998,-4.075));
#3549=AXIS2_PLACEMENT_3D('',#4188,#4189,#4190);
#3550=CARTESIAN_POINT('',(-2.65,5.29999999999998,-4.075));
#3551=VECTOR('',#4191,1.0);
#3552=CARTESIAN_POINT('',(-2.9,5.04999999999998,-4.075));
#3553=VECTOR('',#4192,1.0);
#3554=CARTESIAN_POINT('',(-3.07,5.04999999999998,4.075));
#3555=CARTESIAN_POINT('',(-2.9,5.04999999999998,4.075));
#3556=VECTOR('',#4193,1.0);
#3557=CARTESIAN_POINT('',(-3.07,5.04999999999998,0.1725));
#3558=VECTOR('',#4194,1.0);
#3559=CARTESIAN_POINT('',(-3.07,8.24717361043272,4.075));
#3560=VECTOR('',#4195,1.0);
#3561=CARTESIAN_POINT('',(3.27,8.38,4.075));
#3562=CARTESIAN_POINT('',(2.65,8.38,4.075));
#3563=CARTESIAN_POINT('',(2.65,8.38,4.075));
#3564=VECTOR('',#4196,1.0);
#3565=CARTESIAN_POINT('',(2.65,8.38,-4.075));
#3566=CARTESIAN_POINT('',(2.65,8.38,-4.075));
#3567=VECTOR('',#4197,1.0);
#3568=CARTESIAN_POINT('',(3.27,8.38,-4.075));
#3569=CARTESIAN_POINT('',(2.65,8.38,-4.075));
#3570=VECTOR('',#4198,1.0);
#3571=CARTESIAN_POINT('',(3.27,8.38,-4.075));
#3572=VECTOR('',#4199,1.0);
#3573=CARTESIAN_POINT('',(3.27,8.38,-4.075));
#3574=VECTOR('',#4200,1.0);
#3575=CARTESIAN_POINT('',(2.65,8.88,-4.075));
#3576=CARTESIAN_POINT('',(2.65,8.88,-4.075));
#3577=VECTOR('',#4201,1.0);
#3578=CARTESIAN_POINT('',(-2.65,8.88,-4.075));
#3579=CARTESIAN_POINT('',(-2.65,8.88,-4.075));
#3580=VECTOR('',#4202,1.0);
#3581=CARTESIAN_POINT('',(-2.65,8.88,-4.075));
#3582=VECTOR('',#4203,1.0);
#3583=CARTESIAN_POINT('',(3.27,8.79,-1.5));
#3584=CARTESIAN_POINT('',(3.27,8.79,1.5));
#3585=CARTESIAN_POINT('',(3.27,8.79,-2.0375));
#3586=VECTOR('',#4204,1.0);
#3587=CARTESIAN_POINT('',(2.65,8.79,-1.5));
#3588=CARTESIAN_POINT('',(0.0,8.79,-1.5));
#3589=VECTOR('',#4205,1.0);
#3590=CARTESIAN_POINT('',(2.65,8.79,1.5));
#3591=CARTESIAN_POINT('',(2.65,8.79,-2.0375));
#3592=VECTOR('',#4206,1.0);
#3593=CARTESIAN_POINT('',(0.0,8.79,1.5));
#3594=VECTOR('',#4207,1.0);
#3595=CARTESIAN_POINT('',(3.27,9.18,1.5));
#3596=CARTESIAN_POINT('',(3.27,10.035,1.5));
#3597=VECTOR('',#4208,1.0);
#3598=CARTESIAN_POINT('',(3.27,9.18,4.075));
#3599=CARTESIAN_POINT('',(3.27,9.18,-4.075));
#3600=VECTOR('',#4209,1.0);
#3601=CARTESIAN_POINT('',(3.27,8.38,4.075));
#3602=VECTOR('',#4210,1.0);
#3603=CARTESIAN_POINT('',(3.27,10.035,-1.5));
#3604=VECTOR('',#4211,1.0);
#3605=CARTESIAN_POINT('',(3.02,9.43,1.5));
#3606=AXIS2_PLACEMENT_3D('',#4212,#4213,#4214);
#3607=CARTESIAN_POINT('',(3.02,9.43,4.075));
#3608=CARTESIAN_POINT('',(3.02,9.43,-4.075));
#3609=VECTOR('',#4215,1.0);
#3610=AXIS2_PLACEMENT_3D('',#4216,#4217,#4218);
#3611=CARTESIAN_POINT('',(1.93713706278105,9.43,1.5));
#3612=CARTESIAN_POINT('',(-1.93713706278105,9.43,1.5));
#3613=AXIS2_PLACEMENT_3D('',#4219,#4220,#4221);
#3614=CARTESIAN_POINT('',(0.055,9.43,1.5));
#3615=VECTOR('',#4222,1.0);
#3616=CARTESIAN_POINT('',(3.02,9.43,4.075));
#3617=VECTOR('',#4223,1.0);
#3618=CARTESIAN_POINT('',(0.055,9.43,1.5));
#3619=VECTOR('',#4224,1.0);
#3620=CARTESIAN_POINT('',(-1.93713706278105,8.89,1.5));
#3621=CARTESIAN_POINT('',(1.93713706278105,8.89,1.5));
#3622=AXIS2_PLACEMENT_3D('',#4225,#4226,#4227);
#3623=CARTESIAN_POINT('',(-1.93713706278105,9.11,1.5));
#3624=VECTOR('',#4228,1.0);
#3625=CARTESIAN_POINT('',(1.93713706278105,9.11,1.5));
#3626=VECTOR('',#4229,1.0);
#3627=CARTESIAN_POINT('',(2.54,8.88,-1.5));
#3628=CARTESIAN_POINT('',(2.54,8.89,-1.5));
#3629=CARTESIAN_POINT('',(2.54,7.8675,-1.5));
#3630=VECTOR('',#4230,1.0);
#3631=CARTESIAN_POINT('',(2.65,8.88,-1.5));
#3632=CARTESIAN_POINT('',(-1.48701361533561E-16,8.88,-1.5));
#3633=VECTOR('',#4231,1.0);
#3634=CARTESIAN_POINT('',(2.65,9.96,-1.5));
#3635=VECTOR('',#4232,1.0);
#3636=CARTESIAN_POINT('',(0.0,8.89,-1.5));
#3637=VECTOR('',#4233,1.0);
#3638=CARTESIAN_POINT('',(2.54,0.0,-3.565));
#3639=CARTESIAN_POINT('',(0.0,0.0,-3.565));
#3640=VECTOR('',#4234,1.0);
#3641=CARTESIAN_POINT('',(2.54,0.0,-4.065));
#3642=CARTESIAN_POINT('',(0.0,0.0,-4.065));
#3643=VECTOR('',#4235,1.0);
#3644=CARTESIAN_POINT('',(2.54,0.0,0.0));
#3645=VECTOR('',#4236,1.0);
#3646=CARTESIAN_POINT('',(2.54,0.5,-3.565));
#3647=CARTESIAN_POINT('',(2.54,2.0975,-3.565));
#3648=VECTOR('',#4237,1.0);
#3649=CARTESIAN_POINT('',(0.0,0.5,-3.565));
#3650=VECTOR('',#4238,1.0);
#3651=CARTESIAN_POINT('',(2.54,0.0,3.565));
#3652=CARTESIAN_POINT('',(2.54,0.5,3.565));
#3653=CARTESIAN_POINT('',(2.54,2.0975,3.565));
#3654=VECTOR('',#4239,1.0);
#3655=CARTESIAN_POINT('',(2.04,0.0,3.565));
#3656=CARTESIAN_POINT('',(0.0,0.0,3.565));
#3657=VECTOR('',#4240,1.0);
#3658=CARTESIAN_POINT('',(2.04,0.5,3.565));
#3659=CARTESIAN_POINT('',(2.04,-0.25,3.565));
#3660=VECTOR('',#4241,1.0);
#3661=CARTESIAN_POINT('',(0.0,0.5,3.565));
#3662=VECTOR('',#4242,1.0);
#3663=CARTESIAN_POINT('',(2.54,0.0,4.065));
#3664=CARTESIAN_POINT('',(2.54,0.0,0.0));
#3665=VECTOR('',#4243,1.0);
#3666=CARTESIAN_POINT('',(2.04,0.0,4.065));
#3667=CARTESIAN_POINT('',(0.0,0.0,4.065));
#3668=VECTOR('',#4244,1.0);
#3669=CARTESIAN_POINT('',(2.04,0.0,0.0));
#3670=VECTOR('',#4245,1.0);
#3671=CARTESIAN_POINT('',(2.04,0.5,4.065));
#3672=CARTESIAN_POINT('',(2.04,2.0975,4.065));
#3673=VECTOR('',#4246,1.0);
#3674=CARTESIAN_POINT('',(2.04,0.5,0.0));
#3675=VECTOR('',#4247,1.0);
#3676=CARTESIAN_POINT('',(-2.04,0.0,3.565));
#3677=CARTESIAN_POINT('',(-2.04,0.5,3.565));
#3678=CARTESIAN_POINT('',(-2.04,-0.25,3.565));
#3679=VECTOR('',#4248,1.0);
#3680=CARTESIAN_POINT('',(-2.04,0.5,4.065));
#3681=CARTESIAN_POINT('',(-2.04,0.5,0.0));
#3682=VECTOR('',#4249,1.0);
#3683=CARTESIAN_POINT('',(-2.04,0.0,4.065));
#3684=CARTESIAN_POINT('',(-2.04,2.0975,4.065));
#3685=VECTOR('',#4250,1.0);
#3686=CARTESIAN_POINT('',(-2.04,0.0,0.0));
#3687=VECTOR('',#4251,1.0);
#3688=CARTESIAN_POINT('',(-2.54,0.0,3.565));
#3689=CARTESIAN_POINT('',(0.0,0.0,3.565));
#3690=VECTOR('',#4252,1.0);
#3691=CARTESIAN_POINT('',(-2.54,0.0,4.065));
#3692=CARTESIAN_POINT('',(0.0,0.0,4.065));
#3693=VECTOR('',#4253,1.0);
#3694=CARTESIAN_POINT('',(-2.54,0.0,0.0));
#3695=VECTOR('',#4254,1.0);
#3696=CARTESIAN_POINT('',(-2.54,0.5,3.565));
#3697=CARTESIAN_POINT('',(-2.54,2.0975,3.565));
#3698=VECTOR('',#4255,1.0);
#3699=CARTESIAN_POINT('',(0.0,0.5,3.565));
#3700=VECTOR('',#4256,1.0);
#3701=CARTESIAN_POINT('',(-2.54,0.5,-3.565));
#3702=CARTESIAN_POINT('',(-2.54,0.5,0.0));
#3703=VECTOR('',#4257,1.0);
#3704=CARTESIAN_POINT('',(0.0,0.5,-3.565));
#3705=VECTOR('',#4258,1.0);
#3706=CARTESIAN_POINT('',(0.0,0.5,-4.065));
#3707=VECTOR('',#4259,1.0);
#3708=CARTESIAN_POINT('',(2.54,0.5,0.0));
#3709=VECTOR('',#4260,1.0);
#3710=CARTESIAN_POINT('',(0.0,0.5,4.065));
#3711=VECTOR('',#4261,1.0);
#3712=CARTESIAN_POINT('',(-2.54,0.0,-3.565));
#3713=CARTESIAN_POINT('',(-2.54,2.0975,-3.565));
#3714=VECTOR('',#4262,1.0);
#3715=CARTESIAN_POINT('',(0.0,0.0,-3.565));
#3716=VECTOR('',#4263,1.0);
#3717=CARTESIAN_POINT('',(-2.54,0.0,-4.065));
#3718=CARTESIAN_POINT('',(-2.54,0.0,0.0));
#3719=VECTOR('',#4264,1.0);
#3720=CARTESIAN_POINT('',(0.0,0.0,-4.065));
#3721=VECTOR('',#4265,1.0);
#3722=CARTESIAN_POINT('',(-2.54,8.88,-4.065));
#3723=CARTESIAN_POINT('',(2.54,8.88,-4.065));
#3724=CARTESIAN_POINT('',(-3.57014432493982E-16,8.88,-4.065));
#3725=VECTOR('',#4266,1.0);
#3726=CARTESIAN_POINT('',(2.54,4.445,-4.065));
#3727=VECTOR('',#4267,1.0);
#3728=CARTESIAN_POINT('',(-2.54,4.445,-4.065));
#3729=VECTOR('',#4268,1.0);
#3730=CARTESIAN_POINT('',(2.54,8.88,-2.0375));
#3731=VECTOR('',#4269,1.0);
#3732=CARTESIAN_POINT('',(-2.54,8.88,-1.5));
#3733=CARTESIAN_POINT('',(-2.54,8.88,-2.0375));
#3734=VECTOR('',#4270,1.0);
#3735=CARTESIAN_POINT('',(-2.65,8.88,-1.5));
#3736=CARTESIAN_POINT('',(-1.48701361533561E-16,8.88,-1.5));
#3737=VECTOR('',#4271,1.0);
#3738=CARTESIAN_POINT('',(-2.65,8.88,-4.075));
#3739=VECTOR('',#4272,1.0);
#3740=CARTESIAN_POINT('',(2.65,8.88,-4.075));
#3741=VECTOR('',#4273,1.0);
#3742=CARTESIAN_POINT('',(-2.54,8.89,-1.5));
#3743=CARTESIAN_POINT('',(0.0,8.89,-1.5));
#3744=VECTOR('',#4274,1.0);
#3745=CARTESIAN_POINT('',(-2.65,9.19,-1.5));
#3746=VECTOR('',#4275,1.0);
#3747=CARTESIAN_POINT('',(-2.54,7.8675,-1.5));
#3748=VECTOR('',#4276,1.0);
#3749=CARTESIAN_POINT('',(-2.54,8.89,1.5));
#3750=CARTESIAN_POINT('',(0.0,8.89,1.5));
#3751=VECTOR('',#4277,1.0);
#3752=CARTESIAN_POINT('',(2.54,8.89,1.5));
#3753=CARTESIAN_POINT('',(0.0,8.89,1.5));
#3754=VECTOR('',#4278,1.0);
#3755=CARTESIAN_POINT('',(2.54,8.89,0.0));
#3756=VECTOR('',#4279,1.0);
#3757=CARTESIAN_POINT('',(-2.54,8.89,0.0));
#3758=VECTOR('',#4280,1.0);
#3759=CARTESIAN_POINT('',(-2.54,8.88,1.5));
#3760=CARTESIAN_POINT('',(-2.54,7.8675,1.5));
#3761=VECTOR('',#4281,1.0);
#3762=CARTESIAN_POINT('',(-2.65,8.88,1.5));
#3763=CARTESIAN_POINT('',(-1.48701361533561E-16,8.88,1.5));
#3764=VECTOR('',#4282,1.0);
#3765=CARTESIAN_POINT('',(-2.65,9.19,1.5));
#3766=VECTOR('',#4283,1.0);
#3767=CARTESIAN_POINT('',(-2.65,8.88,4.075));
#3768=CARTESIAN_POINT('',(-2.65,8.88,-4.075));
#3769=VECTOR('',#4284,1.0);
#3770=CARTESIAN_POINT('',(-2.65,8.88,4.075));
#3771=VECTOR('',#4285,1.0);
#3772=CARTESIAN_POINT('',(2.65,8.88,4.075));
#3773=CARTESIAN_POINT('',(-2.65,8.88,4.075));
#3774=VECTOR('',#4286,1.0);
#3775=CARTESIAN_POINT('',(2.65,8.88,4.075));
#3776=VECTOR('',#4287,1.0);
#3777=CARTESIAN_POINT('',(2.65,8.88,1.5));
#3778=CARTESIAN_POINT('',(2.65,9.96,1.5));
#3779=VECTOR('',#4288,1.0);
#3780=CARTESIAN_POINT('',(2.65,8.88,-4.075));
#3781=VECTOR('',#4289,1.0);
#3782=CARTESIAN_POINT('',(2.54,8.88,1.5));
#3783=CARTESIAN_POINT('',(-1.48701361533561E-16,8.88,1.5));
#3784=VECTOR('',#4290,1.0);
#3785=CARTESIAN_POINT('',(2.54,7.8675,1.5));
#3786=VECTOR('',#4291,1.0);
#3787=CARTESIAN_POINT('',(2.54,8.88,4.065));
#3788=CARTESIAN_POINT('',(2.54,8.88,-2.0375));
#3789=VECTOR('',#4292,1.0);
#3790=CARTESIAN_POINT('',(2.54,4.445,4.065));
#3791=VECTOR('',#4293,1.0);
#3792=CARTESIAN_POINT('',(-2.54,8.88,4.065));
#3793=CARTESIAN_POINT('',(-3.57014432493982E-16,8.88,4.065));
#3794=VECTOR('',#4294,1.0);
#3795=CARTESIAN_POINT('',(-2.54,4.445,4.065));
#3796=VECTOR('',#4295,1.0);
#3797=CARTESIAN_POINT('',(-2.54,8.88,-2.0375));
#3798=VECTOR('',#4296,1.0);
#3799=DIRECTION('',(0.0,1.0,0.0));
#3800=CARTESIAN_POINT('',(0.0,8.89,0.0));
#3801=DIRECTION('',(0.0,-1.0,0.0));
#3802=DIRECTION('',(1.0,0.0,0.0));
#3803=DIRECTION('',(-0.0,-1.0,-0.0));
#3804=CARTESIAN_POINT('',(0.0,10.0525,0.0));
#3805=DIRECTION('',(-0.0,1.0,0.0));
#3806=DIRECTION('',(1.0,0.0,0.0));
#3807=DIRECTION('',(-0.0,0.0,1.0));
#3808=CARTESIAN_POINT('',(-2.25,0.36,2.285));
#3809=DIRECTION('',(0.0,0.0,1.0));
#3810=DIRECTION('',(6.12323399573676E-17,-1.0,0.0));
#3811=DIRECTION('',(0.0,0.0,1.0));
#3812=CARTESIAN_POINT('',(-2.25,0.36,2.795));
#3813=DIRECTION('',(0.0,0.0,1.0));
#3814=DIRECTION('',(6.12323399573676E-17,-1.0,0.0));
#3815=DIRECTION('',(-0.0,0.0,1.0));
#3816=CARTESIAN_POINT('',(-2.25,0.36,-2.795));
#3817=DIRECTION('',(0.0,0.0,1.0));
#3818=DIRECTION('',(6.12323399573676E-17,-1.0,0.0));
#3819=DIRECTION('',(0.0,0.0,1.0));
#3820=CARTESIAN_POINT('',(-2.25,0.36,-2.285));
#3821=DIRECTION('',(0.0,0.0,1.0));
#3822=DIRECTION('',(6.12323399573676E-17,-1.0,0.0));
#3823=DIRECTION('',(-0.0,0.0,1.0));
#3824=CARTESIAN_POINT('',(-2.25,0.36,-0.255));
#3825=DIRECTION('',(0.0,0.0,1.0));
#3826=DIRECTION('',(6.12323399573676E-17,-1.0,0.0));
#3827=DIRECTION('',(0.0,0.0,1.0));
#3828=CARTESIAN_POINT('',(-2.25,0.36,0.255));
#3829=DIRECTION('',(0.0,0.0,1.0));
#3830=DIRECTION('',(6.12323399573676E-17,-1.0,0.0));
#3831=DIRECTION('',(0.0,0.987688340595138,0.156434465040231));
#3832=CARTESIAN_POINT('',(0.0,13.04,0.0791922201622681));
#3833=DIRECTION('',(0.0,-1.0,0.0));
#3834=DIRECTION('',(0.0,0.0,-1.0));
#3835=DIRECTION('',(-0.0,-0.987688340595138,-0.156434465040231));
#3836=CARTESIAN_POINT('',(0.0,18.2982230256697,0.912012931184546));
#3837=DIRECTION('',(-0.0,0.987688340595138,0.156434465040231));
#3838=DIRECTION('',(1.0,0.0,0.0));
#3839=CARTESIAN_POINT('',(0.0,18.2982230256697,0.912012931184546));
#3840=DIRECTION('',(-0.0,0.987688340595138,0.156434465040231));
#3841=DIRECTION('',(1.0,0.0,0.0));
#3842=CARTESIAN_POINT('',(0.0,18.2982230256697,0.912012931184546));
#3843=DIRECTION('',(-0.0,0.987688340595138,0.156434465040231));
#3844=DIRECTION('',(1.0,0.0,0.0));
#3845=CARTESIAN_POINT('',(0.0,18.2982230256697,0.912012931184546));
#3846=DIRECTION('',(-0.0,0.987688340595138,0.156434465040231));
#3847=DIRECTION('',(1.0,0.0,0.0));
#3848=CARTESIAN_POINT('',(0.0,13.04,0.0791922201622681));
#3849=DIRECTION('',(0.0,-1.0,0.0));
#3850=DIRECTION('',(0.0,0.0,-1.0));
#3851=CARTESIAN_POINT('',(0.0,13.04,0.0791922201622681));
#3852=DIRECTION('',(0.0,-1.0,0.0));
#3853=DIRECTION('',(0.0,0.0,-1.0));
#3854=CARTESIAN_POINT('',(0.0,13.04,0.0));
#3855=DIRECTION('',(0.0,-1.0,0.0));
#3856=DIRECTION('',(1.0,0.0,0.0));
#3857=CARTESIAN_POINT('',(0.0,13.04,0.0));
#3858=DIRECTION('',(0.0,-1.0,0.0));
#3859=DIRECTION('',(1.0,0.0,0.0));
#3860=DIRECTION('',(-1.22464679914735E-16,0.0,1.0));
#3861=CARTESIAN_POINT('',(0.0,13.54,0.0));
#3862=DIRECTION('',(0.0,-1.0,0.0));
#3863=DIRECTION('',(1.0,0.0,0.0));
#3864=DIRECTION('',(0.0,0.0,-1.0));
#3865=CARTESIAN_POINT('',(0.0,13.54,0.0));
#3866=DIRECTION('',(-0.0,1.0,0.0));
#3867=DIRECTION('',(1.0,0.0,0.0));
#3868=DIRECTION('',(0.0,-1.0,0.0));
#3869=DIRECTION('',(-0.0,-1.0,0.0));
#3870=DIRECTION('',(0.0,-1.0,0.0));
#3871=CARTESIAN_POINT('',(0.0,13.54,0.0));
#3872=DIRECTION('',(0.0,-1.0,0.0));
#3873=DIRECTION('',(1.0,0.0,0.0));
#3874=DIRECTION('',(-0.0,-1.0,0.0));
#3875=DIRECTION('',(-1.22464679914735E-16,0.0,1.0));
#3876=CARTESIAN_POINT('',(0.0,13.54,0.0));
#3877=DIRECTION('',(-0.0,1.0,0.0));
#3878=DIRECTION('',(1.0,0.0,0.0));
#3879=DIRECTION('',(0.0,0.0,-1.0));
#3880=CARTESIAN_POINT('',(0.0,10.0525,0.0));
#3881=DIRECTION('',(0.0,-1.0,0.0));
#3882=DIRECTION('',(1.0,0.0,0.0));
#3883=DIRECTION('',(0.0,1.0,0.0));
#3884=DIRECTION('',(-0.0,-1.0,0.0));
#3885=DIRECTION('',(0.0,0.0,1.0));
#3886=DIRECTION('',(-0.0,-1.0,0.0));
#3887=CARTESIAN_POINT('',(0.0,10.0525,0.0));
#3888=DIRECTION('',(0.0,-1.0,0.0));
#3889=DIRECTION('',(1.0,0.0,0.0));
#3890=DIRECTION('',(0.0,1.0,0.0));
#3891=DIRECTION('',(1.22464679914735E-16,0.0,-1.0));
#3892=CARTESIAN_POINT('',(-2.25,0.36,0.255));
#3893=DIRECTION('',(0.0,0.0,1.0));
#3894=DIRECTION('',(6.12323399573676E-17,-1.0,0.0));
#3895=DIRECTION('',(0.0,0.0,1.0));
#3896=CARTESIAN_POINT('',(-2.25,0.36,-0.255));
#3897=DIRECTION('',(0.0,0.0,1.0));
#3898=DIRECTION('',(6.12323399573676E-17,-1.0,0.0));
#3899=DIRECTION('',(6.12323399573676E-17,-1.0,0.0));
#3900=DIRECTION('',(-6.12323399573676E-17,1.0,0.0));
#3901=DIRECTION('',(0.0,0.0,1.0));
#3902=DIRECTION('',(1.0,6.12323399573676E-17,0.0));
#3903=DIRECTION('',(-1.0,-6.12323399573676E-17,0.0));
#3904=DIRECTION('',(0.0,0.0,1.0));
#3905=CARTESIAN_POINT('',(-5.97,0.17,0.255));
#3906=DIRECTION('',(0.0,0.0,-1.0));
#3907=DIRECTION('',(6.12323399573676E-17,-1.0,0.0));
#3908=CARTESIAN_POINT('',(-5.97,0.17,-0.255));
#3909=DIRECTION('',(0.0,0.0,1.0));
#3910=DIRECTION('',(6.12323399573676E-17,-1.0,0.0));
#3911=DIRECTION('',(0.0,0.0,1.0));
#3912=DIRECTION('',(-1.0,-6.12323399573676E-17,-0.0));
#3913=DIRECTION('',(1.0,6.12323399573676E-17,0.0));
#3914=DIRECTION('',(0.0,0.0,1.0));
#3915=CARTESIAN_POINT('',(-3.15,-0.31,0.255));
#3916=DIRECTION('',(0.0,0.0,1.0));
#3917=DIRECTION('',(6.12323399573676E-17,-1.0,0.0));
#3918=CARTESIAN_POINT('',(-3.15,-0.31,-0.255));
#3919=DIRECTION('',(0.0,0.0,1.0));
#3920=DIRECTION('',(6.12323399573676E-17,-1.0,0.0));
#3921=DIRECTION('',(0.0,0.0,1.0));
#3922=DIRECTION('',(-6.12323399573676E-17,1.0,0.0));
#3923=DIRECTION('',(6.12323399573676E-17,-1.0,0.0));
#3924=DIRECTION('',(0.0,0.0,1.0));
#3925=CARTESIAN_POINT('',(-2.85,-0.398053238516173,0.255));
#3926=DIRECTION('',(0.0,0.0,-1.0));
#3927=DIRECTION('',(6.12323399573676E-17,-1.0,0.0));
#3928=CARTESIAN_POINT('',(-2.85,-0.398053238516173,-0.255));
#3929=DIRECTION('',(0.0,0.0,1.0));
#3930=DIRECTION('',(6.12323399573676E-17,-1.0,0.0));
#3931=DIRECTION('',(0.0,0.0,1.0));
#3932=DIRECTION('',(-1.0,-6.12323399573676E-17,-0.0));
#3933=DIRECTION('',(1.0,6.12323399573676E-17,0.0));
#3934=DIRECTION('',(0.0,0.0,1.0));
#3935=CARTESIAN_POINT('',(1.32922931556316,-0.398053238516172,0.255));
#3936=DIRECTION('',(0.0,0.0,-1.0));
#3937=DIRECTION('',(6.12323399573676E-17,-1.0,0.0));
#3938=CARTESIAN_POINT('',(1.32922931556316,-0.398053238516172,-0.255));
#3939=DIRECTION('',(0.0,0.0,1.0));
#3940=DIRECTION('',(6.12323399573676E-17,-1.0,0.0));
#3941=DIRECTION('',(0.0,0.0,1.0));
#3942=CARTESIAN_POINT('',(-2.25,0.36,-2.285));
#3943=DIRECTION('',(0.0,0.0,1.0));
#3944=DIRECTION('',(6.12323399573676E-17,-1.0,0.0));
#3945=DIRECTION('',(0.0,0.0,1.0));
#3946=CARTESIAN_POINT('',(-2.25,0.36,-2.795));
#3947=DIRECTION('',(0.0,0.0,1.0));
#3948=DIRECTION('',(6.12323399573676E-17,-1.0,0.0));
#3949=DIRECTION('',(6.12323399573676E-17,-1.0,0.0));
#3950=DIRECTION('',(-6.12323399573676E-17,1.0,0.0));
#3951=DIRECTION('',(0.0,0.0,1.0));
#3952=DIRECTION('',(1.0,6.12323399573676E-17,0.0));
#3953=DIRECTION('',(-1.0,-6.12323399573676E-17,0.0));
#3954=DIRECTION('',(0.0,0.0,1.0));
#3955=CARTESIAN_POINT('',(-5.97,0.17,-2.285));
#3956=DIRECTION('',(0.0,0.0,-1.0));
#3957=DIRECTION('',(6.12323399573676E-17,-1.0,0.0));
#3958=CARTESIAN_POINT('',(-5.97,0.17,-2.795));
#3959=DIRECTION('',(0.0,0.0,1.0));
#3960=DIRECTION('',(6.12323399573676E-17,-1.0,0.0));
#3961=DIRECTION('',(0.0,0.0,1.0));
#3962=DIRECTION('',(-1.0,-6.12323399573676E-17,-0.0));
#3963=DIRECTION('',(1.0,6.12323399573676E-17,0.0));
#3964=DIRECTION('',(0.0,0.0,1.0));
#3965=CARTESIAN_POINT('',(-3.15,-0.31,-2.285));
#3966=DIRECTION('',(0.0,0.0,1.0));
#3967=DIRECTION('',(6.12323399573676E-17,-1.0,0.0));
#3968=CARTESIAN_POINT('',(-3.15,-0.31,-2.795));
#3969=DIRECTION('',(0.0,0.0,1.0));
#3970=DIRECTION('',(6.12323399573676E-17,-1.0,0.0));
#3971=DIRECTION('',(0.0,0.0,1.0));
#3972=DIRECTION('',(-6.12323399573676E-17,1.0,0.0));
#3973=DIRECTION('',(6.12323399573676E-17,-1.0,0.0));
#3974=DIRECTION('',(0.0,0.0,1.0));
#3975=CARTESIAN_POINT('',(-2.85,-0.398053238516173,-2.285));
#3976=DIRECTION('',(0.0,0.0,-1.0));
#3977=DIRECTION('',(6.12323399573676E-17,-1.0,0.0));
#3978=CARTESIAN_POINT('',(-2.85,-0.398053238516173,-2.795));
#3979=DIRECTION('',(0.0,0.0,1.0));
#3980=DIRECTION('',(6.12323399573676E-17,-1.0,0.0));
#3981=DIRECTION('',(0.0,0.0,1.0));
#3982=DIRECTION('',(-1.0,-6.12323399573676E-17,-0.0));
#3983=DIRECTION('',(1.0,6.12323399573676E-17,0.0));
#3984=DIRECTION('',(0.0,0.0,1.0));
#3985=CARTESIAN_POINT('',(1.32922931556316,-0.398053238516172,-2.285));
#3986=DIRECTION('',(0.0,0.0,-1.0));
#3987=DIRECTION('',(6.12323399573676E-17,-1.0,0.0));
#3988=CARTESIAN_POINT('',(1.32922931556316,-0.398053238516172,-2.795));
#3989=DIRECTION('',(0.0,0.0,1.0));
#3990=DIRECTION('',(6.12323399573676E-17,-1.0,0.0));
#3991=DIRECTION('',(0.0,0.0,1.0));
#3992=CARTESIAN_POINT('',(-2.25,0.36,2.795));
#3993=DIRECTION('',(0.0,0.0,1.0));
#3994=DIRECTION('',(6.12323399573676E-17,-1.0,0.0));
#3995=DIRECTION('',(0.0,0.0,1.0));
#3996=CARTESIAN_POINT('',(-2.25,0.36,2.285));
#3997=DIRECTION('',(0.0,0.0,1.0));
#3998=DIRECTION('',(6.12323399573676E-17,-1.0,0.0));
#3999=DIRECTION('',(6.12323399573676E-17,-1.0,0.0));
#4000=DIRECTION('',(-6.12323399573676E-17,1.0,0.0));
#4001=DIRECTION('',(0.0,0.0,1.0));
#4002=DIRECTION('',(1.0,6.12323399573676E-17,0.0));
#4003=DIRECTION('',(-1.0,-6.12323399573676E-17,0.0));
#4004=DIRECTION('',(0.0,0.0,1.0));
#4005=CARTESIAN_POINT('',(-5.97,0.17,2.795));
#4006=DIRECTION('',(0.0,0.0,-1.0));
#4007=DIRECTION('',(6.12323399573676E-17,-1.0,0.0));
#4008=CARTESIAN_POINT('',(-5.97,0.17,2.285));
#4009=DIRECTION('',(0.0,0.0,1.0));
#4010=DIRECTION('',(6.12323399573676E-17,-1.0,0.0));
#4011=DIRECTION('',(0.0,0.0,1.0));
#4012=DIRECTION('',(-1.0,-6.12323399573676E-17,-0.0));
#4013=DIRECTION('',(1.0,6.12323399573676E-17,0.0));
#4014=DIRECTION('',(0.0,0.0,1.0));
#4015=CARTESIAN_POINT('',(-3.15,-0.31,2.795));
#4016=DIRECTION('',(0.0,0.0,1.0));
#4017=DIRECTION('',(6.12323399573676E-17,-1.0,0.0));
#4018=CARTESIAN_POINT('',(-3.15,-0.31,2.285));
#4019=DIRECTION('',(0.0,0.0,1.0));
#4020=DIRECTION('',(6.12323399573676E-17,-1.0,0.0));
#4021=DIRECTION('',(0.0,0.0,1.0));
#4022=DIRECTION('',(-6.12323399573676E-17,1.0,0.0));
#4023=DIRECTION('',(6.12323399573676E-17,-1.0,0.0));
#4024=DIRECTION('',(0.0,0.0,1.0));
#4025=CARTESIAN_POINT('',(-2.85,-0.398053238516173,2.795));
#4026=DIRECTION('',(0.0,0.0,-1.0));
#4027=DIRECTION('',(6.12323399573676E-17,-1.0,0.0));
#4028=CARTESIAN_POINT('',(-2.85,-0.398053238516173,2.285));
#4029=DIRECTION('',(0.0,0.0,1.0));
#4030=DIRECTION('',(6.12323399573676E-17,-1.0,0.0));
#4031=DIRECTION('',(0.0,0.0,1.0));
#4032=DIRECTION('',(-1.0,-6.12323399573676E-17,-0.0));
#4033=DIRECTION('',(1.0,6.12323399573676E-17,0.0));
#4034=DIRECTION('',(0.0,0.0,1.0));
#4035=CARTESIAN_POINT('',(1.32922931556316,-0.398053238516172,2.795));
#4036=DIRECTION('',(0.0,0.0,-1.0));
#4037=DIRECTION('',(6.12323399573676E-17,-1.0,0.0));
#4038=CARTESIAN_POINT('',(1.32922931556316,-0.398053238516172,2.285));
#4039=DIRECTION('',(0.0,0.0,1.0));
#4040=DIRECTION('',(6.12323399573676E-17,-1.0,0.0));
#4041=DIRECTION('',(0.0,0.0,1.0));
#4042=CARTESIAN_POINT('',(0.0,10.0525,0.0));
#4043=DIRECTION('',(-0.0,1.0,0.0));
#4044=DIRECTION('',(1.0,0.0,0.0));
#4045=DIRECTION('',(-1.0,-3.40095266079856E-16,1.70754294938385E-32));
#4046=CARTESIAN_POINT('',(-5.98,5.44999999999998,2.54));
#4047=DIRECTION('',(-3.40095266079856E-16,1.0,5.80727273713482E-48));
#4048=DIRECTION('',(-1.70754294938385E-32,0.0,-1.0));
#4049=DIRECTION('',(1.0,3.40095266079856E-16,1.52607975893492E-16));
#4050=DIRECTION('',(0.0,0.0,1.0));
#4051=DIRECTION('',(-1.0,-3.40095266079856E-16,1.52607975893492E-16));
#4052=CARTESIAN_POINT('',(-5.98,5.44999999999998,-2.54));
#4053=DIRECTION('',(-3.40095266079856E-16,1.0,5.80727273713482E-48));
#4054=DIRECTION('',(-1.70754294938385E-32,0.0,-1.0));
#4055=DIRECTION('',(1.0,3.40095266079856E-16,-1.70754294938385E-32));
#4056=DIRECTION('',(0.0,0.0,1.0));
#4057=CARTESIAN_POINT('',(-3.175,5.57499999999998,-2.92));
#4058=DIRECTION('',(-1.52607975893492E-16,-6.12323399573677E-17,-1.0));
#4059=DIRECTION('',(6.12323399573677E-17,-1.0,6.12323399573676E-17));
#4060=DIRECTION('',(6.12323399573676E-17,-1.0,6.12323399573676E-17));
#4061=DIRECTION('',(1.0,-1.20036190259114E-14,-1.52607975893492E-16));
#4062=DIRECTION('',(6.12323399573676E-17,-1.0,6.12323399573676E-17));
#4063=CARTESIAN_POINT('',(-5.98,5.05,-2.54));
#4064=DIRECTION('',(-1.20036190259114E-14,-1.0,-8.86778255269399E-45));
#4065=DIRECTION('',(7.38759080369988E-31,0.0,-1.0));
#4066=DIRECTION('',(6.12323399573676E-17,-1.0,6.12323399573676E-17));
#4067=DIRECTION('',(-1.0,1.20036190259114E-14,-7.38759080369988E-31));
#4068=DIRECTION('',(6.12323399573676E-17,-1.0,6.12323399573676E-17));
#4069=CARTESIAN_POINT('',(-3.175,5.57499999999998,-2.16));
#4070=DIRECTION('',(-3.74939945665464E-33,6.12323399573676E-17,1.0));
#4071=DIRECTION('',(6.12323399573676E-17,-1.0,6.12323399573676E-17));
#4072=DIRECTION('',(-0.0,0.0,1.0));
#4073=DIRECTION('',(0.0,-0.0,-1.0));
#4074=DIRECTION('',(6.12323399573676E-17,-1.0,6.12323399573676E-17));
#4075=CARTESIAN_POINT('',(-3.175,5.57499999999998,2.16));
#4076=DIRECTION('',(3.74939945665464E-33,-6.12323399573676E-17,-1.0));
#4077=DIRECTION('',(6.12323399573676E-17,-1.0,6.12323399573676E-17));
#4078=DIRECTION('',(1.0,-1.20036190259114E-14,7.38759080369988E-31));
#4079=DIRECTION('',(6.12323399573676E-17,-1.0,6.12323399573676E-17));
#4080=CARTESIAN_POINT('',(-5.98,5.05,2.54));
#4081=DIRECTION('',(-1.20036190259114E-14,-1.0,-8.86778255269399E-45));
#4082=DIRECTION('',(7.38759080369988E-31,0.0,-1.0));
#4083=DIRECTION('',(6.12323399573676E-17,-1.0,6.12323399573676E-17));
#4084=DIRECTION('',(-1.0,1.20036190259114E-14,-1.52607975893493E-16));
#4085=DIRECTION('',(6.12323399573676E-17,-1.0,6.12323399573676E-17));
#4086=CARTESIAN_POINT('',(-3.175,5.57499999999998,2.92));
#4087=DIRECTION('',(-1.52607975893492E-16,6.12323399573676E-17,1.0));
#4088=DIRECTION('',(6.12323399573676E-17,-1.0,6.12323399573676E-17));
#4089=DIRECTION('',(-0.0,0.0,1.0));
#4090=DIRECTION('',(-6.12323399573677E-17,1.0,0.0));
#4091=DIRECTION('',(2.96059473233375E-16,-3.55378512570545E-30,-1.0));
#4092=CARTESIAN_POINT('',(3.02,9.18,-1.5));
#4093=DIRECTION('',(0.0,-0.0,-1.0));
#4094=DIRECTION('',(6.12323399573676E-17,-1.0,0.0));
#4095=DIRECTION('',(0.0,0.0,1.0));
#4096=CARTESIAN_POINT('',(3.02,9.18,-4.075));
#4097=DIRECTION('',(0.0,0.0,1.0));
#4098=DIRECTION('',(6.12323399573676E-17,-1.0,0.0));
#4099=DIRECTION('',(0.0,0.0,1.0));
#4100=DIRECTION('',(1.0,0.0,-0.0));
#4101=DIRECTION('',(-1.62622570516743E-16,1.0,0.0));
#4102=DIRECTION('',(6.12323399573676E-17,-1.0,0.0));
#4103=DIRECTION('',(1.0,0.0,-0.0));
#4104=DIRECTION('',(0.0,0.0,1.0));
#4105=DIRECTION('',(-1.62622570516743E-16,1.0,0.0));
#4106=DIRECTION('',(-1.0,0.0,0.0));
#4107=DIRECTION('',(-1.0,0.0,0.0));
#4108=DIRECTION('',(6.12323399573676E-17,-1.0,0.0));
#4109=DIRECTION('',(0.0,0.0,-1.0));
#4110=DIRECTION('',(1.0,0.0,-0.0));
#4111=DIRECTION('',(-1.62622570516743E-16,1.0,0.0));
#4112=DIRECTION('',(6.12323399573676E-17,-1.0,0.0));
#4113=DIRECTION('',(1.0,0.0,-0.0));
#4114=DIRECTION('',(0.0,0.0,1.0));
#4115=DIRECTION('',(-1.62622570516743E-16,1.0,0.0));
#4116=DIRECTION('',(-1.0,0.0,0.0));
#4117=DIRECTION('',(-1.0,0.0,0.0));
#4118=DIRECTION('',(6.12323399573676E-17,-1.0,0.0));
#4119=DIRECTION('',(0.0,0.0,-1.0));
#4120=DIRECTION('',(1.0,0.0,-0.0));
#4121=DIRECTION('',(-1.62622570516743E-16,1.0,0.0));
#4122=DIRECTION('',(6.12323399573676E-17,-1.0,0.0));
#4123=DIRECTION('',(1.0,0.0,-0.0));
#4124=DIRECTION('',(0.0,0.0,1.0));
#4125=DIRECTION('',(-1.62622570516743E-16,1.0,0.0));
#4126=DIRECTION('',(-1.0,0.0,0.0));
#4127=DIRECTION('',(-1.0,0.0,0.0));
#4128=DIRECTION('',(6.12323399573676E-17,-1.0,0.0));
#4129=DIRECTION('',(0.0,0.0,-1.0));
#4130=DIRECTION('',(0.0,-1.0,0.0));
#4131=DIRECTION('',(0.0,0.0,1.0));
#4132=DIRECTION('',(0.0,-1.0,0.0));
#4133=DIRECTION('',(0.0,0.0,-1.0));
#4134=DIRECTION('',(0.0,1.0,-0.0));
#4135=DIRECTION('',(0.0,0.0,-1.0));
#4136=DIRECTION('',(0.0,1.0,-0.0));
#4137=DIRECTION('',(0.0,0.0,-1.0));
#4138=CARTESIAN_POINT('',(-2.8,9.18,-1.5));
#4139=DIRECTION('',(0.0,-0.0,-1.0));
#4140=DIRECTION('',(6.12323399573676E-17,-1.0,0.0));
#4141=DIRECTION('',(0.0,0.0,1.0));
#4142=CARTESIAN_POINT('',(-2.8,9.18,-4.075));
#4143=DIRECTION('',(0.0,0.0,1.0));
#4144=DIRECTION('',(6.12323399573676E-17,-1.0,0.0));
#4145=DIRECTION('',(0.0,0.0,1.0));
#4146=CARTESIAN_POINT('',(0.0,9.43,0.0));
#4147=DIRECTION('',(6.12323399573676E-17,-1.0,-0.0));
#4148=DIRECTION('',(1.0,6.12323399573676E-17,0.0));
#4149=DIRECTION('',(1.0,6.12323399573676E-17,-0.0));
#4150=DIRECTION('',(-1.0,-6.12323399573676E-17,0.0));
#4151=DIRECTION('',(1.0,6.12323399573676E-17,-0.0));
#4152=CARTESIAN_POINT('',(0.0,8.89,0.0));
#4153=DIRECTION('',(0.0,-1.0,0.0));
#4154=DIRECTION('',(1.0,0.0,0.0));
#4155=CARTESIAN_POINT('',(0.0,8.89,0.0));
#4156=DIRECTION('',(-0.0,1.0,0.0));
#4157=DIRECTION('',(1.0,0.0,0.0));
#4158=DIRECTION('',(-0.0,-1.0,-0.0));
#4159=DIRECTION('',(0.0,1.0,0.0));
#4160=DIRECTION('',(0.0,0.0,-1.0));
#4161=DIRECTION('',(1.0,0.0,0.0));
#4162=DIRECTION('',(0.0,0.0,1.0));
#4163=DIRECTION('',(-1.0,0.0,0.0));
#4164=DIRECTION('',(-0.0,0.0,1.0));
#4165=CARTESIAN_POINT('',(-3.175,5.57499999999998,4.075));
#4166=DIRECTION('',(0.0,0.0,1.0));
#4167=DIRECTION('',(6.12323399573676E-17,-1.0,0.0));
#4168=DIRECTION('',(0.0,0.0,1.0));
#4169=CARTESIAN_POINT('',(-3.175,5.57499999999998,-4.075));
#4170=DIRECTION('',(0.0,0.0,1.0));
#4171=DIRECTION('',(6.12323399573676E-17,-1.0,0.0));
#4172=DIRECTION('',(-1.85141701568324E-16,-1.0,0.0));
#4173=DIRECTION('',(1.85141701568324E-16,1.0,-0.0));
#4174=DIRECTION('',(-1.85141701568324E-16,-1.0,0.0));
#4175=DIRECTION('',(1.85141701568324E-16,1.0,0.0));
#4176=DIRECTION('',(0.0,0.0,1.0));
#4177=CARTESIAN_POINT('',(-2.8,9.18,1.5));
#4178=DIRECTION('',(0.0,0.0,1.0));
#4179=DIRECTION('',(6.12323399573676E-17,-1.0,0.0));
#4180=CARTESIAN_POINT('',(-2.8,9.18,4.075));
#4181=DIRECTION('',(0.0,0.0,-1.0));
#4182=DIRECTION('',(6.12323399573676E-17,-1.0,0.0));
#4183=DIRECTION('',(0.0,0.0,1.0));
#4184=CARTESIAN_POINT('',(-2.9,5.29999999999998,4.075));
#4185=DIRECTION('',(0.0,0.0,-1.0));
#4186=DIRECTION('',(6.12323399573676E-17,-1.0,0.0));
#4187=DIRECTION('',(0.0,0.0,1.0));
#4188=CARTESIAN_POINT('',(-2.9,5.29999999999998,-4.075));
#4189=DIRECTION('',(0.0,0.0,1.0));
#4190=DIRECTION('',(6.12323399573676E-17,-1.0,0.0));
#4191=DIRECTION('',(0.0,0.0,1.0));
#4192=DIRECTION('',(-1.0,1.20036190259114E-14,0.0));
#4193=DIRECTION('',(-1.0,1.20036190259114E-14,0.0));
#4194=DIRECTION('',(0.0,-0.0,-1.0));
#4195=DIRECTION('',(6.12323399573676E-17,-1.0,0.0));
#4196=DIRECTION('',(-1.0,-6.12323399573676E-17,-0.0));
#4197=DIRECTION('',(0.0,0.0,1.0));
#4198=DIRECTION('',(1.0,6.12323399573676E-17,0.0));
#4199=DIRECTION('',(0.0,0.0,1.0));
#4200=DIRECTION('',(-6.12323399573676E-17,1.0,0.0));
#4201=DIRECTION('',(6.12323399573676E-17,-1.0,0.0));
#4202=DIRECTION('',(1.0,6.08657621505976E-17,0.0));
#4203=DIRECTION('',(1.85279605278614E-16,-1.0,0.0));
#4204=DIRECTION('',(0.0,0.0,1.0));
#4205=DIRECTION('',(-1.0,0.0,0.0));
#4206=DIRECTION('',(-0.0,0.0,-1.0));
#4207=DIRECTION('',(1.0,0.0,0.0));
#4208=DIRECTION('',(-6.12323399573676E-17,1.0,0.0));
#4209=DIRECTION('',(0.0,0.0,1.0));
#4210=DIRECTION('',(6.12323399573676E-17,-1.0,0.0));
#4211=DIRECTION('',(6.12323399573676E-17,-1.0,0.0));
#4212=CARTESIAN_POINT('',(3.02,9.18,1.5));
#4213=DIRECTION('',(0.0,0.0,1.0));
#4214=DIRECTION('',(6.12323399573676E-17,-1.0,0.0));
#4215=DIRECTION('',(0.0,0.0,1.0));
#4216=CARTESIAN_POINT('',(3.02,9.18,4.075));
#4217=DIRECTION('',(0.0,0.0,-1.0));
#4218=DIRECTION('',(6.12323399573676E-17,-1.0,0.0));
#4219=CARTESIAN_POINT('',(0.0,9.43,0.0));
#4220=DIRECTION('',(6.12323399573676E-17,-1.0,-0.0));
#4221=DIRECTION('',(1.0,6.12323399573676E-17,0.0));
#4222=DIRECTION('',(-1.0,-6.12323399573676E-17,0.0));
#4223=DIRECTION('',(1.0,6.12323399573676E-17,0.0));
#4224=DIRECTION('',(-1.0,-6.12323399573676E-17,0.0));
#4225=CARTESIAN_POINT('',(0.0,8.89,0.0));
#4226=DIRECTION('',(-0.0,1.0,0.0));
#4227=DIRECTION('',(1.0,0.0,0.0));
#4228=DIRECTION('',(-0.0,-1.0,-0.0));
#4229=DIRECTION('',(0.0,1.0,0.0));
#4230=DIRECTION('',(0.0,1.0,-0.0));
#4231=DIRECTION('',(-1.0,-6.08657621505976E-17,0.0));
#4232=DIRECTION('',(-6.12323399573676E-17,1.0,0.0));
#4233=DIRECTION('',(-1.0,0.0,0.0));
#4234=DIRECTION('',(-1.0,0.0,0.0));
#4235=DIRECTION('',(-1.0,0.0,0.0));
#4236=DIRECTION('',(0.0,0.0,-1.0));
#4237=DIRECTION('',(0.0,-1.0,0.0));
#4238=DIRECTION('',(1.0,0.0,0.0));
#4239=DIRECTION('',(0.0,1.0,-0.0));
#4240=DIRECTION('',(1.0,0.0,0.0));
#4241=DIRECTION('',(0.0,-1.0,0.0));
#4242=DIRECTION('',(-1.0,0.0,0.0));
#4243=DIRECTION('',(0.0,0.0,-1.0));
#4244=DIRECTION('',(1.0,0.0,0.0));
#4245=DIRECTION('',(0.0,0.0,-1.0));
#4246=DIRECTION('',(0.0,-1.0,0.0));
#4247=DIRECTION('',(0.0,0.0,-1.0));
#4248=DIRECTION('',(0.0,1.0,0.0));
#4249=DIRECTION('',(0.0,0.0,-1.0));
#4250=DIRECTION('',(0.0,1.0,0.0));
#4251=DIRECTION('',(0.0,0.0,1.0));
#4252=DIRECTION('',(1.0,0.0,0.0));
#4253=DIRECTION('',(1.0,0.0,0.0));
#4254=DIRECTION('',(0.0,0.0,-1.0));
#4255=DIRECTION('',(0.0,-1.0,0.0));
#4256=DIRECTION('',(-1.0,0.0,0.0));
#4257=DIRECTION('',(-0.0,0.0,1.0));
#4258=DIRECTION('',(1.0,0.0,0.0));
#4259=DIRECTION('',(-1.0,0.0,0.0));
#4260=DIRECTION('',(-0.0,-0.0,-1.0));
#4261=DIRECTION('',(1.0,0.0,-0.0));
#4262=DIRECTION('',(0.0,1.0,0.0));
#4263=DIRECTION('',(-1.0,0.0,0.0));
#4264=DIRECTION('',(0.0,0.0,-1.0));
#4265=DIRECTION('',(-1.0,0.0,0.0));
#4266=DIRECTION('',(1.0,6.08657621505976E-17,-0.0));
#4267=DIRECTION('',(0.0,-1.0,0.0));
#4268=DIRECTION('',(0.0,1.0,0.0));
#4269=DIRECTION('',(0.0,0.0,1.0));
#4270=DIRECTION('',(0.0,0.0,-1.0));
#4271=DIRECTION('',(-1.0,-6.08657621505976E-17,0.0));
#4272=DIRECTION('',(0.0,0.0,1.0));
#4273=DIRECTION('',(0.0,0.0,1.0));
#4274=DIRECTION('',(-1.0,0.0,0.0));
#4275=DIRECTION('',(1.85279605278614E-16,-1.0,0.0));
#4276=DIRECTION('',(0.0,-1.0,0.0));
#4277=DIRECTION('',(1.0,0.0,-0.0));
#4278=DIRECTION('',(1.0,0.0,-0.0));
#4279=DIRECTION('',(0.0,0.0,-1.0));
#4280=DIRECTION('',(0.0,0.0,-1.0));
#4281=DIRECTION('',(0.0,1.0,0.0));
#4282=DIRECTION('',(1.0,6.08657621505976E-17,-0.0));
#4283=DIRECTION('',(-1.85279605278614E-16,1.0,0.0));
#4284=DIRECTION('',(0.0,0.0,1.0));
#4285=DIRECTION('',(1.85279605278614E-16,-1.0,0.0));
#4286=DIRECTION('',(-1.0,-6.08657621505976E-17,-0.0));
#4287=DIRECTION('',(-6.12323399573676E-17,1.0,0.0));
#4288=DIRECTION('',(6.12323399573676E-17,-1.0,0.0));
#4289=DIRECTION('',(0.0,0.0,1.0));
#4290=DIRECTION('',(1.0,6.08657621505976E-17,-0.0));
#4291=DIRECTION('',(0.0,-1.0,0.0));
#4292=DIRECTION('',(0.0,0.0,1.0));
#4293=DIRECTION('',(0.0,1.0,0.0));
#4294=DIRECTION('',(-1.0,-6.08657621505976E-17,0.0));
#4295=DIRECTION('',(0.0,-1.0,0.0));
#4296=DIRECTION('',(0.0,0.0,-1.0));
ENDSEC;
END-ISO-10303-21;
